llama_kv_cache_iswa: using full-size SWA cache (ref: https://github.com/ggml-org/llama.cpp/pull/13194#issuecomment-2868343055)
llama_kv_cache_iswa: using full-size SWA cache (ref: https://github.com/ggml-org/llama.cpp/pull/13194#issuecomment-2868343055)
Traceback (most recent call last):
  File "E:\Software Engineering Stuff\CS 157A\RAGdoll-AI-Assistant-Architecture-CS157A-Team5-Database-Project\src\rag_pipeline\model_worker.py", line 63, in generate
    result = model.create_chat_completion(
             ^^^^^^^^^^^^^^^^^^^^^^^^^^^^^
  File "C:\Users\ethan\AppData\Local\Programs\Python\Python312\Lib\site-packages\llama_cpp\llama.py", line 2068, in create_chat_completion
    return handler(
           ^^^^^^^^
  File "C:\Users\ethan\AppData\Local\Programs\Python\Python312\Lib\site-packages\llama_cpp\llama_chat_format.py", line 660, in chat_completion_handler
    result.prompt.encode("utf-8"),
    ^^^^^^^^^^^^^^^^^^^^^^^^^^^^^
UnicodeEncodeError: 'utf-8' codec can't encode character '\udc9d' in position 520: surrogates not allowed

During handling of the above exception, another exception occurred:

Traceback (most recent call last):
  File "E:\Software Engineering Stuff\CS 157A\RAGdoll-AI-Assistant-Architecture-CS157A-Team5-Database-Project\src\rag_pipeline\model_worker.py", line 122, in main
    response = {"id": request_id, "ok": True, "result": handle(request)}
                                                        ^^^^^^^^^^^^^^^
  File "E:\Software Engineering Stuff\CS 157A\RAGdoll-AI-Assistant-Architecture-CS157A-Team5-Database-Project\src\rag_pipeline\model_worker.py", line 104, in handle
    "text": LLAMA.generate(
            ^^^^^^^^^^^^^^^
  File "E:\Software Engineering Stuff\CS 157A\RAGdoll-AI-Assistant-Architecture-CS157A-Team5-Database-Project\src\rag_pipeline\model_worker.py", line 74, in generate
    result = model(
             ^^^^^^
  File "C:\Users\ethan\AppData\Local\Programs\Python\Python312\Lib\site-packages\llama_cpp\llama.py", line 1969, in __call__
    return self.create_completion(
           ^^^^^^^^^^^^^^^^^^^^^^^
  File "C:\Users\ethan\AppData\Local\Programs\Python\Python312\Lib\site-packages\llama_cpp\llama.py", line 1902, in create_completion
    completion: Completion = next(completion_or_chunks)  # type: ignore
                             ^^^^^^^^^^^^^^^^^^^^^^^^^^
  File "C:\Users\ethan\AppData\Local\Programs\Python\Python312\Lib\site-packages\llama_cpp\llama.py", line 1263, in _create_completion
    prompt.encode("utf-8"),
    ^^^^^^^^^^^^^^^^^^^^^^
UnicodeEncodeError: 'utf-8' codec can't encode character '\udc9d' in position 503: surrogates not allowed
llama_kv_cache_iswa: using full-size SWA cache (ref: https://github.com/ggml-org/llama.cpp/pull/13194#issuecomment-2868343055)
Traceback (most recent call last):
  File "E:\Software Engineering Stuff\CS 157A\RAGdoll-AI-Assistant-Architecture-CS157A-Team5-Database-Project\src\rag_pipeline\model_worker.py", line 63, in generate
    result = model.create_chat_completion(
             ^^^^^^^^^^^^^^^^^^^^^^^^^^^^^
  File "C:\Users\ethan\AppData\Local\Programs\Python\Python312\Lib\site-packages\llama_cpp\llama.py", line 2068, in create_chat_completion
    return handler(
           ^^^^^^^^
  File "C:\Users\ethan\AppData\Local\Programs\Python\Python312\Lib\site-packages\llama_cpp\llama_chat_format.py", line 660, in chat_completion_handler
    result.prompt.encode("utf-8"),
    ^^^^^^^^^^^^^^^^^^^^^^^^^^^^^
UnicodeEncodeError: 'utf-8' codec can't encode character '\udc9d' in position 166: surrogates not allowed

During handling of the above exception, another exception occurred:

Traceback (most recent call last):
  File "E:\Software Engineering Stuff\CS 157A\RAGdoll-AI-Assistant-Architecture-CS157A-Team5-Database-Project\src\rag_pipeline\model_worker.py", line 122, in main
    response = {"id": request_id, "ok": True, "result": handle(request)}
                                                        ^^^^^^^^^^^^^^^
  File "E:\Software Engineering Stuff\CS 157A\RAGdoll-AI-Assistant-Architecture-CS157A-Team5-Database-Project\src\rag_pipeline\model_worker.py", line 104, in handle
    "text": LLAMA.generate(
            ^^^^^^^^^^^^^^^
  File "E:\Software Engineering Stuff\CS 157A\RAGdoll-AI-Assistant-Architecture-CS157A-Team5-Database-Project\src\rag_pipeline\model_worker.py", line 74, in generate
    result = model(
             ^^^^^^
  File "C:\Users\ethan\AppData\Local\Programs\Python\Python312\Lib\site-packages\llama_cpp\llama.py", line 1969, in __call__
    return self.create_completion(
           ^^^^^^^^^^^^^^^^^^^^^^^
  File "C:\Users\ethan\AppData\Local\Programs\Python\Python312\Lib\site-packages\llama_cpp\llama.py", line 1902, in create_completion
    completion: Completion = next(completion_or_chunks)  # type: ignore
                             ^^^^^^^^^^^^^^^^^^^^^^^^^^
  File "C:\Users\ethan\AppData\Local\Programs\Python\Python312\Lib\site-packages\llama_cpp\llama.py", line 1263, in _create_completion
    prompt.encode("utf-8"),
    ^^^^^^^^^^^^^^^^^^^^^^
UnicodeEncodeError: 'utf-8' codec can't encode character '\udc9d' in position 149: surrogates not allowed
llama_kv_cache_iswa: using full-size SWA cache (ref: https://github.com/ggml-org/llama.cpp/pull/13194#issuecomment-2868343055)
llama_kv_cache_iswa: using full-size SWA cache (ref: https://github.com/ggml-org/llama.cpp/pull/13194#issuecomment-2868343055)
Traceback (most recent call last):
  File "E:\Software Engineering Stuff\CS 157A\RAGdoll-AI-Assistant-Architecture-CS157A-Team5-Database-Project\src\rag_pipeline\model_worker.py", line 11, in <module>
    from documents import prepare
  File "E:\Software Engineering Stuff\CS 157A\RAGdoll-AI-Assistant-Architecture-CS157A-Team5-Database-Project\src\rag_pipeline\documents.py", line 7, in <module>
    from embedding import EMBEDDER, MODEL_NAME
ImportError: cannot import name 'MODEL_NAME' from 'embedding' (E:\Software Engineering Stuff\CS 157A\RAGdoll-AI-Assistant-Architecture-CS157A-Team5-Database-Project\src\rag_pipeline\embedding.py)
Traceback (most recent call last):
  File "E:\Software Engineering Stuff\CS 157A\RAGdoll-AI-Assistant-Architecture-CS157A-Team5-Database-Project\src\rag_pipeline\model_worker.py", line 11, in <module>
    from documents import prepare
  File "E:\Software Engineering Stuff\CS 157A\RAGdoll-AI-Assistant-Architecture-CS157A-Team5-Database-Project\src\rag_pipeline\documents.py", line 7, in <module>
    from embedding import EMBEDDER, MODEL_NAME
ImportError: cannot import name 'MODEL_NAME' from 'embedding' (E:\Software Engineering Stuff\CS 157A\RAGdoll-AI-Assistant-Architecture-CS157A-Team5-Database-Project\src\rag_pipeline\embedding.py)
Traceback (most recent call last):
  File "E:\Software Engineering Stuff\CS 157A\RAGdoll-AI-Assistant-Architecture-CS157A-Team5-Database-Project\src\rag_pipeline\model_worker.py", line 11, in <module>
    from documents import prepare
  File "E:\Software Engineering Stuff\CS 157A\RAGdoll-AI-Assistant-Architecture-CS157A-Team5-Database-Project\src\rag_pipeline\documents.py", line 7, in <module>
    from embedding import EMBEDDER, MODEL_NAME
ImportError: cannot import name 'MODEL_NAME' from 'embedding' (E:\Software Engineering Stuff\CS 157A\RAGdoll-AI-Assistant-Architecture-CS157A-Team5-Database-Project\src\rag_pipeline\embedding.py)
Traceback (most recent call last):
  File "E:\Software Engineering Stuff\CS 157A\RAGdoll-AI-Assistant-Architecture-CS157A-Team5-Database-Project\src\rag_pipeline\model_worker.py", line 11, in <module>
    from documents import prepare
  File "E:\Software Engineering Stuff\CS 157A\RAGdoll-AI-Assistant-Architecture-CS157A-Team5-Database-Project\src\rag_pipeline\documents.py", line 7, in <module>
    from embedding import EMBEDDER, MODEL_NAME
ImportError: cannot import name 'MODEL_NAME' from 'embedding' (E:\Software Engineering Stuff\CS 157A\RAGdoll-AI-Assistant-Architecture-CS157A-Team5-Database-Project\src\rag_pipeline\embedding.py)
Traceback (most recent call last):
  File "E:\Software Engineering Stuff\CS 157A\RAGdoll-AI-Assistant-Architecture-CS157A-Team5-Database-Project\src\rag_pipeline\model_worker.py", line 11, in <module>
    from documents import prepare
  File "E:\Software Engineering Stuff\CS 157A\RAGdoll-AI-Assistant-Architecture-CS157A-Team5-Database-Project\src\rag_pipeline\documents.py", line 7, in <module>
    from embedding import EMBEDDER, MODEL_NAME
ImportError: cannot import name 'MODEL_NAME' from 'embedding' (E:\Software Engineering Stuff\CS 157A\RAGdoll-AI-Assistant-Architecture-CS157A-Team5-Database-Project\src\rag_pipeline\embedding.py)
Traceback (most recent call last):
  File "E:\Software Engineering Stuff\CS 157A\RAGdoll-AI-Assistant-Architecture-CS157A-Team5-Database-Project\src\rag_pipeline\model_worker.py", line 11, in <module>
    from documents import prepare
  File "E:\Software Engineering Stuff\CS 157A\RAGdoll-AI-Assistant-Architecture-CS157A-Team5-Database-Project\src\rag_pipeline\documents.py", line 7, in <module>
    from embedding import EMBEDDER, MODEL_NAME
ImportError: cannot import name 'MODEL_NAME' from 'embedding' (E:\Software Engineering Stuff\CS 157A\RAGdoll-AI-Assistant-Architecture-CS157A-Team5-Database-Project\src\rag_pipeline\embedding.py)
Traceback (most recent call last):
  File "E:\Software Engineering Stuff\CS 157A\RAGdoll-AI-Assistant-Architecture-CS157A-Team5-Database-Project\src\rag_pipeline\model_worker.py", line 11, in <module>
    from documents import prepare
  File "E:\Software Engineering Stuff\CS 157A\RAGdoll-AI-Assistant-Architecture-CS157A-Team5-Database-Project\src\rag_pipeline\documents.py", line 7, in <module>
    from embedding import EMBEDDER, MODEL_NAME
ImportError: cannot import name 'MODEL_NAME' from 'embedding' (E:\Software Engineering Stuff\CS 157A\RAGdoll-AI-Assistant-Architecture-CS157A-Team5-Database-Project\src\rag_pipeline\embedding.py)
Traceback (most recent call last):
  File "E:\Software Engineering Stuff\CS 157A\RAGdoll-AI-Assistant-Architecture-CS157A-Team5-Database-Project\src\rag_pipeline\model_worker.py", line 11, in <module>
    from documents import prepare
  File "E:\Software Engineering Stuff\CS 157A\RAGdoll-AI-Assistant-Architecture-CS157A-Team5-Database-Project\src\rag_pipeline\documents.py", line 7, in <module>
    from embedding import EMBEDDER, MODEL_NAME
ImportError: cannot import name 'MODEL_NAME' from 'embedding' (E:\Software Engineering Stuff\CS 157A\RAGdoll-AI-Assistant-Architecture-CS157A-Team5-Database-Project\src\rag_pipeline\embedding.py)
Traceback (most recent call last):
  File "E:\Software Engineering Stuff\CS 157A\RAGdoll-AI-Assistant-Architecture-CS157A-Team5-Database-Project\src\rag_pipeline\model_worker.py", line 11, in <module>
    from documents import prepare
  File "E:\Software Engineering Stuff\CS 157A\RAGdoll-AI-Assistant-Architecture-CS157A-Team5-Database-Project\src\rag_pipeline\documents.py", line 7, in <module>
    from embedding import EMBEDDER, MODEL_NAME
ImportError: cannot import name 'MODEL_NAME' from 'embedding' (E:\Software Engineering Stuff\CS 157A\RAGdoll-AI-Assistant-Architecture-CS157A-Team5-Database-Project\src\rag_pipeline\embedding.py)
Traceback (most recent call last):
  File "E:\Software Engineering Stuff\CS 157A\RAGdoll-AI-Assistant-Architecture-CS157A-Team5-Database-Project\src\rag_pipeline\model_worker.py", line 11, in <module>
    from documents import prepare
  File "E:\Software Engineering Stuff\CS 157A\RAGdoll-AI-Assistant-Architecture-CS157A-Team5-Database-Project\src\rag_pipeline\documents.py", line 7, in <module>
    from embedding import EMBEDDER, MODEL_NAME
ImportError: cannot import name 'MODEL_NAME' from 'embedding' (E:\Software Engineering Stuff\CS 157A\RAGdoll-AI-Assistant-Architecture-CS157A-Team5-Database-Project\src\rag_pipeline\embedding.py)
Traceback (most recent call last):
  File "E:\Software Engineering Stuff\CS 157A\RAGdoll-AI-Assistant-Architecture-CS157A-Team5-Database-Project\src\rag_pipeline\model_worker.py", line 11, in <module>
    from documents import prepare
  File "E:\Software Engineering Stuff\CS 157A\RAGdoll-AI-Assistant-Architecture-CS157A-Team5-Database-Project\src\rag_pipeline\documents.py", line 7, in <module>
    from embedding import EMBEDDER, MODEL_NAME
ImportError: cannot import name 'MODEL_NAME' from 'embedding' (E:\Software Engineering Stuff\CS 157A\RAGdoll-AI-Assistant-Architecture-CS157A-Team5-Database-Project\src\rag_pipeline\embedding.py)
Traceback (most recent call last):
  File "E:\Software Engineering Stuff\CS 157A\RAGdoll-AI-Assistant-Architecture-CS157A-Team5-Database-Project\src\rag_pipeline\model_worker.py", line 11, in <module>
    from documents import prepare
  File "E:\Software Engineering Stuff\CS 157A\RAGdoll-AI-Assistant-Architecture-CS157A-Team5-Database-Project\src\rag_pipeline\documents.py", line 7, in <module>
    from embedding import EMBEDDER, MODEL_NAME
ImportError: cannot import name 'MODEL_NAME' from 'embedding' (E:\Software Engineering Stuff\CS 157A\RAGdoll-AI-Assistant-Architecture-CS157A-Team5-Database-Project\src\rag_pipeline\embedding.py)
Traceback (most recent call last):
  File "E:\Software Engineering Stuff\CS 157A\RAGdoll-AI-Assistant-Architecture-CS157A-Team5-Database-Project\src\rag_pipeline\model_worker.py", line 11, in <module>
    from documents import prepare
  File "E:\Software Engineering Stuff\CS 157A\RAGdoll-AI-Assistant-Architecture-CS157A-Team5-Database-Project\src\rag_pipeline\documents.py", line 7, in <module>
    from embedding import EMBEDDER, MODEL_NAME
ImportError: cannot import name 'MODEL_NAME' from 'embedding' (E:\Software Engineering Stuff\CS 157A\RAGdoll-AI-Assistant-Architecture-CS157A-Team5-Database-Project\src\rag_pipeline\embedding.py)
Traceback (most recent call last):
  File "E:\Software Engineering Stuff\CS 157A\RAGdoll-AI-Assistant-Architecture-CS157A-Team5-Database-Project\src\rag_pipeline\model_worker.py", line 11, in <module>
    from documents import prepare
  File "E:\Software Engineering Stuff\CS 157A\RAGdoll-AI-Assistant-Architecture-CS157A-Team5-Database-Project\src\rag_pipeline\documents.py", line 7, in <module>
    from embedding import EMBEDDER, MODEL_NAME
ImportError: cannot import name 'MODEL_NAME' from 'embedding' (E:\Software Engineering Stuff\CS 157A\RAGdoll-AI-Assistant-Architecture-CS157A-Team5-Database-Project\src\rag_pipeline\embedding.py)
Traceback (most recent call last):
  File "E:\Software Engineering Stuff\CS 157A\RAGdoll-AI-Assistant-Architecture-CS157A-Team5-Database-Project\src\rag_pipeline\model_worker.py", line 11, in <module>
    from documents import prepare
  File "E:\Software Engineering Stuff\CS 157A\RAGdoll-AI-Assistant-Architecture-CS157A-Team5-Database-Project\src\rag_pipeline\documents.py", line 7, in <module>
    from embedding import EMBEDDER, MODEL_NAME
ImportError: cannot import name 'MODEL_NAME' from 'embedding' (E:\Software Engineering Stuff\CS 157A\RAGdoll-AI-Assistant-Architecture-CS157A-Team5-Database-Project\src\rag_pipeline\embedding.py)
Traceback (most recent call last):
  File "E:\Software Engineering Stuff\CS 157A\RAGdoll-AI-Assistant-Architecture-CS157A-Team5-Database-Project\src\rag_pipeline\model_worker.py", line 11, in <module>
    from documents import prepare
  File "E:\Software Engineering Stuff\CS 157A\RAGdoll-AI-Assistant-Architecture-CS157A-Team5-Database-Project\src\rag_pipeline\documents.py", line 7, in <module>
    from embedding import EMBEDDER, MODEL_NAME
ImportError: cannot import name 'MODEL_NAME' from 'embedding' (E:\Software Engineering Stuff\CS 157A\RAGdoll-AI-Assistant-Architecture-CS157A-Team5-Database-Project\src\rag_pipeline\embedding.py)
Traceback (most recent call last):
  File "E:\Software Engineering Stuff\CS 157A\RAGdoll-AI-Assistant-Architecture-CS157A-Team5-Database-Project\src\rag_pipeline\model_worker.py", line 11, in <module>
    from documents import prepare
  File "E:\Software Engineering Stuff\CS 157A\RAGdoll-AI-Assistant-Architecture-CS157A-Team5-Database-Project\src\rag_pipeline\documents.py", line 7, in <module>
    from embedding import EMBEDDER, MODEL_NAME
ImportError: cannot import name 'MODEL_NAME' from 'embedding' (E:\Software Engineering Stuff\CS 157A\RAGdoll-AI-Assistant-Architecture-CS157A-Team5-Database-Project\src\rag_pipeline\embedding.py)
llama_kv_cache_iswa: using full-size SWA cache (ref: https://github.com/ggml-org/llama.cpp/pull/13194#issuecomment-2868343055)
Traceback (most recent call last):
  File "E:\Software Engineering Stuff\CS 157A\RAGdoll-AI-Assistant-Architecture-CS157A-Team5-Database-Project\src\rag_pipeline\model_worker.py", line 157, in main
    "result": clean_value(handle(request)),
                          ^^^^^^^^^^^^^^^
  File "E:\Software Engineering Stuff\CS 157A\RAGdoll-AI-Assistant-Architecture-CS157A-Team5-Database-Project\src\rag_pipeline\model_worker.py", line 131, in handle
    "text": LLAMA.generate(
            ^^^^^^^^^^^^^^^
  File "E:\Software Engineering Stuff\CS 157A\RAGdoll-AI-Assistant-Architecture-CS157A-Team5-Database-Project\src\rag_pipeline\model_worker.py", line 82, in generate
    model = self._load(clean_text(model_path))
            ^^^^^^^^^^^^^^^^^^^^^^^^^^^^^^^^^^
  File "E:\Software Engineering Stuff\CS 157A\RAGdoll-AI-Assistant-Architecture-CS157A-Team5-Database-Project\src\rag_pipeline\model_worker.py", line 62, in _load
    self._model = Llama(
                  ^^^^^^
  File "C:\Users\ethan\AppData\Local\Programs\Python\Python312\Lib\site-packages\llama_cpp\llama.py", line 381, in __init__
    internals.LlamaModel(
  File "C:\Users\ethan\AppData\Local\Programs\Python\Python312\Lib\site-packages\llama_cpp\_internals.py", line 62, in __init__
    raise ValueError(f"Failed to load model from file: {path_model}")
ValueError: Failed to load model from file: E:\Software Engineering Stuff\CS 157A\RAGdoll-AI-Assistant-Architecture-CS157A-Team5-Database-Project\models\models\gemma-4-12B-it-Q4_K_M.gguf
llama_kv_cache_iswa: using full-size SWA cache (ref: https://github.com/ggml-org/llama.cpp/pull/13194#issuecomment-2868343055)
llama_kv_cache: the V embeddings have different sizes across layers and FA is not enabled - padding V cache to 2048
llama_kv_cache: the V embeddings have different sizes across layers and FA is not enabled - padding V cache to 2048
llama_kv_cache_iswa: using full-size SWA cache (ref: https://github.com/ggml-org/llama.cpp/pull/13194#issuecomment-2868343055)
llama_kv_cache_iswa: using full-size SWA cache (ref: https://github.com/ggml-org/llama.cpp/pull/13194#issuecomment-2868343055)
Traceback (most recent call last):
  File "E:\Software Engineering Stuff\CS 157A\RAGdoll-AI-Assistant-Architecture-CS157A-Team5-Database-Project\src\rag_pipeline\model_worker.py", line 210, in main
    "result": clean_value(handle(request)),
                          ^^^^^^^^^^^^^^^
  File "E:\Software Engineering Stuff\CS 157A\RAGdoll-AI-Assistant-Architecture-CS157A-Team5-Database-Project\src\rag_pipeline\model_worker.py", line 184, in handle
    "text": LLAMA.generate(
            ^^^^^^^^^^^^^^^
  File "E:\Software Engineering Stuff\CS 157A\RAGdoll-AI-Assistant-Architecture-CS157A-Team5-Database-Project\src\rag_pipeline\model_worker.py", line 135, in generate
    model = self._load(clean_text(model_path))
            ^^^^^^^^^^^^^^^^^^^^^^^^^^^^^^^^^^
  File "E:\Software Engineering Stuff\CS 157A\RAGdoll-AI-Assistant-Architecture-CS157A-Team5-Database-Project\src\rag_pipeline\model_worker.py", line 94, in _load
    raise RuntimeError(
RuntimeError: The installed llama-cpp-python build does not support GPU offloading. Install a CUDA-enabled build.
ggml_cuda_init: found 1 CUDA devices (Total VRAM: 11263 MiB):
  Device 0: NVIDIA GeForce GTX 1080 Ti, compute capability 6.1, VMM: yes, VRAM: 11263 MiB
Loading gemma-3-1b-it-Q4_K_M.gguf with -1 GPU layers.
llama_model_loader: loaded meta data with 38 key-value pairs and 340 tensors from E:\Software Engineering Stuff\CS 157A\RAGdoll-AI-Assistant-Architecture-CS157A-Team5-Database-Project\models\models\gemma-3-1b-it-Q4_K_M.gguf (version GGUF V3 (latest))
llama_model_loader: Dumping metadata keys/values. Note: KV overrides do not apply in this output.
llama_model_loader: - kv   0:                       general.architecture str              = gemma3
llama_model_loader: - kv   1:                               general.type str              = model
llama_model_loader: - kv   2:                               general.name str              = Gemma 3 1b It
llama_model_loader: - kv   3:                           general.finetune str              = it
llama_model_loader: - kv   4:                           general.basename str              = gemma-3
llama_model_loader: - kv   5:                         general.size_label str              = 1B
llama_model_loader: - kv   6:                            general.license str              = gemma
llama_model_loader: - kv   7:                   general.base_model.count u32              = 1
llama_model_loader: - kv   8:                  general.base_model.0.name str              = Gemma 3 1b Pt
llama_model_loader: - kv   9:          general.base_model.0.organization str              = Google
llama_model_loader: - kv  10:              general.base_model.0.repo_url str              = https://huggingface.co/google/gemma-3...
llama_model_loader: - kv  11:                               general.tags arr[str,1]       = ["text-generation"]
llama_model_loader: - kv  12:                      gemma3.context_length u32              = 32768
llama_model_loader: - kv  13:                    gemma3.embedding_length u32              = 1152
llama_model_loader: - kv  14:                         gemma3.block_count u32              = 26
llama_model_loader: - kv  15:                 gemma3.feed_forward_length u32              = 6912
llama_model_loader: - kv  16:                gemma3.attention.head_count u32              = 4
llama_model_loader: - kv  17:    gemma3.attention.layer_norm_rms_epsilon f32              = 0.000001
llama_model_loader: - kv  18:                gemma3.attention.key_length u32              = 256
llama_model_loader: - kv  19:              gemma3.attention.value_length u32              = 256
llama_model_loader: - kv  20:                      gemma3.rope.freq_base f32              = 1000000.000000
llama_model_loader: - kv  21:            gemma3.attention.sliding_window u32              = 512
llama_model_loader: - kv  22:             gemma3.attention.head_count_kv u32              = 1
llama_model_loader: - kv  23:                       tokenizer.ggml.model str              = llama
llama_model_loader: - kv  24:                         tokenizer.ggml.pre str              = default
llama_model_loader: - kv  25:                      tokenizer.ggml.tokens arr[str,262144]  = ["<pad>", "<eos>", "<bos>", "<unk>", ...
llama_model_loader: - kv  26:                      tokenizer.ggml.scores arr[f32,262144]  = [-1000.000000, -1000.000000, -1000.00...
llama_model_loader: - kv  27:                  tokenizer.ggml.token_type arr[i32,262144]  = [3, 3, 3, 3, 3, 4, 3, 3, 3, 3, 3, 3, ...
llama_model_loader: - kv  28:                tokenizer.ggml.bos_token_id u32              = 2
llama_model_loader: - kv  29:                tokenizer.ggml.eos_token_id u32              = 1
llama_model_loader: - kv  30:            tokenizer.ggml.unknown_token_id u32              = 3
llama_model_loader: - kv  31:            tokenizer.ggml.padding_token_id u32              = 0
llama_model_loader: - kv  32:               tokenizer.ggml.add_bos_token bool             = true
llama_model_loader: - kv  33:               tokenizer.ggml.add_eos_token bool             = false
llama_model_loader: - kv  34:                    tokenizer.chat_template str              = {{ bos_token }}\n{%- if messages[0]['r...
llama_model_loader: - kv  35:            tokenizer.ggml.add_space_prefix bool             = false
llama_model_loader: - kv  36:               general.quantization_version u32              = 2
llama_model_loader: - kv  37:                          general.file_type u32              = 15
llama_model_loader: - type  f32:  157 tensors
llama_model_loader: - type q5_0:  117 tensors
llama_model_loader: - type q8_0:   14 tensors
llama_model_loader: - type q4_K:   39 tensors
llama_model_loader: - type q6_K:   13 tensors
print_info: file format = GGUF V3 (latest)
print_info: file type   = Q4_K - Medium
print_info: file size   = 762.49 MiB (6.40 BPW) 
llama_prepare_model_devices: using device CUDA0 (NVIDIA GeForce GTX 1080 Ti) (0000:08:00.0) - 10203 MiB free
init_tokenizer: initializing tokenizer for type 1
load: 6242 unused tokens
load: control token:      0 '<pad>' is not marked as EOG
load: control token:      3 '<unk>' is not marked as EOG
load: control token:      2 '<bos>' is not marked as EOG
load: control token:      4 '<mask>' is not marked as EOG
load: control token:    105 '<start_of_turn>' is not marked as EOG
load: control-looking token:    212 '</s>' was not control-type; this is probably a bug in the model. its type will be overridden
load: control token: 255999 '<start_of_image>' is not marked as EOG
load: control token: 256000 '<end_of_image>' is not marked as EOG
load: printing all EOG tokens:
load:   - 1 ('<eos>')
load:   - 106 ('<end_of_turn>')
load:   - 212 ('</s>')
load: special tokens cache size = 6414
load: token to piece cache size = 1.9446 MB
print_info: arch                  = gemma3
print_info: vocab_only            = 0
print_info: no_alloc              = 0
print_info: n_ctx_train           = 32768
print_info: n_embd_inp            = 1152
print_info: n_embd                = 1152
print_info: n_embd_out            = 1152
print_info: n_layer               = 26
print_info: n_layer_all           = 26
print_info: n_head                = 4
print_info: n_head_kv             = 1
print_info: n_rot                 = 256
print_info: n_swa                 = 512
print_info: is_swa_any            = 1
print_info: n_embd_head_k         = 256
print_info: n_embd_head_v         = 256
print_info: n_gqa                 = 4
print_info: n_embd_k_gqa          = 256
print_info: n_embd_v_gqa          = 256
print_info: f_norm_eps            = 0.0e+00
print_info: f_norm_rms_eps        = 1.0e-06
print_info: f_clamp_kqv           = 0.0e+00
print_info: f_max_alibi_bias      = 0.0e+00
print_info: f_logit_scale         = 0.0e+00
print_info: f_attn_scale          = 6.2e-02
print_info: f_attn_value_scale    = 0.0000
print_info: n_ff                  = 6912
print_info: n_expert              = 0
print_info: n_expert_used         = 0
print_info: n_expert_groups       = 0
print_info: n_group_used          = 0
print_info: causal attn           = 1
print_info: pooling type          = -1
print_info: rope type             = 2
print_info: rope scaling          = linear
print_info: freq_base_train       = 1000000.0
print_info: freq_scale_train      = 1
print_info: freq_base_swa         = 10000.0
print_info: freq_scale_swa        = 1
print_info: n_embd_head_k_swa     = 256
print_info: n_embd_head_v_swa     = 256
print_info: n_rot_swa             = 256
print_info: n_ctx_orig_yarn       = 32768
print_info: rope_yarn_log_mul     = 0.0000
print_info: rope_finetuned        = unknown
print_info: model type            = 1B
print_info: model params          = 999.89 M
print_info: general.name          = Gemma 3 1b It
print_info: vocab type            = SPM
print_info: n_vocab               = 262144
print_info: n_merges              = 0
print_info: BOS token             = 2 '<bos>'
print_info: EOS token             = 1 '<eos>'
print_info: EOT token             = 106 '<end_of_turn>'
print_info: UNK token             = 3 '<unk>'
print_info: PAD token             = 0 '<pad>'
print_info: LF token              = 248 '<0x0A>'
print_info: EOG token             = 1 '<eos>'
print_info: EOG token             = 106 '<end_of_turn>'
print_info: EOG token             = 212 '</s>'
print_info: max token length      = 48
load_tensors: loading model tensors, this can take a while... (mmap = true, direct_io = false)
load_tensors: layer   0 assigned to device CUDA0, is_swa = 1
load_tensors: layer   1 assigned to device CUDA0, is_swa = 1
load_tensors: layer   2 assigned to device CUDA0, is_swa = 1
load_tensors: layer   3 assigned to device CUDA0, is_swa = 1
load_tensors: layer   4 assigned to device CUDA0, is_swa = 1
load_tensors: layer   5 assigned to device CUDA0, is_swa = 0
load_tensors: layer   6 assigned to device CUDA0, is_swa = 1
load_tensors: layer   7 assigned to device CUDA0, is_swa = 1
load_tensors: layer   8 assigned to device CUDA0, is_swa = 1
load_tensors: layer   9 assigned to device CUDA0, is_swa = 1
load_tensors: layer  10 assigned to device CUDA0, is_swa = 1
load_tensors: layer  11 assigned to device CUDA0, is_swa = 0
load_tensors: layer  12 assigned to device CUDA0, is_swa = 1
load_tensors: layer  13 assigned to device CUDA0, is_swa = 1
load_tensors: layer  14 assigned to device CUDA0, is_swa = 1
load_tensors: layer  15 assigned to device CUDA0, is_swa = 1
load_tensors: layer  16 assigned to device CUDA0, is_swa = 1
load_tensors: layer  17 assigned to device CUDA0, is_swa = 0
load_tensors: layer  18 assigned to device CUDA0, is_swa = 1
load_tensors: layer  19 assigned to device CUDA0, is_swa = 1
load_tensors: layer  20 assigned to device CUDA0, is_swa = 1
load_tensors: layer  21 assigned to device CUDA0, is_swa = 1
load_tensors: layer  22 assigned to device CUDA0, is_swa = 1
load_tensors: layer  23 assigned to device CUDA0, is_swa = 0
load_tensors: layer  24 assigned to device CUDA0, is_swa = 1
load_tensors: layer  25 assigned to device CUDA0, is_swa = 1
load_tensors: layer  26 assigned to device CUDA0, is_swa = 0
create_tensor: loading tensor token_embd.weight
create_tensor: loading tensor output_norm.weight
create_tensor: loading tensor token_embd.weight
create_tensor: loading tensor blk.0.attn_norm.weight
create_tensor: loading tensor blk.0.attn_q.weight
create_tensor: loading tensor blk.0.attn_k.weight
create_tensor: loading tensor blk.0.attn_v.weight
create_tensor: loading tensor blk.0.attn_output.weight
create_tensor: loading tensor blk.0.post_attention_norm.weight
create_tensor: loading tensor blk.0.attn_k_norm.weight
create_tensor: loading tensor blk.0.attn_q_norm.weight
create_tensor: loading tensor blk.0.ffn_norm.weight
create_tensor: loading tensor blk.0.ffn_gate.weight
create_tensor: loading tensor blk.0.ffn_up.weight
create_tensor: loading tensor blk.0.ffn_down.weight
create_tensor: loading tensor blk.0.post_ffw_norm.weight
create_tensor: loading tensor blk.1.attn_norm.weight
create_tensor: loading tensor blk.1.attn_q.weight
create_tensor: loading tensor blk.1.attn_k.weight
create_tensor: loading tensor blk.1.attn_v.weight
create_tensor: loading tensor blk.1.attn_output.weight
create_tensor: loading tensor blk.1.post_attention_norm.weight
create_tensor: loading tensor blk.1.attn_k_norm.weight
create_tensor: loading tensor blk.1.attn_q_norm.weight
create_tensor: loading tensor blk.1.ffn_norm.weight
create_tensor: loading tensor blk.1.ffn_gate.weight
create_tensor: loading tensor blk.1.ffn_up.weight
create_tensor: loading tensor blk.1.ffn_down.weight
create_tensor: loading tensor blk.1.post_ffw_norm.weight
create_tensor: loading tensor blk.2.attn_norm.weight
create_tensor: loading tensor blk.2.attn_q.weight
create_tensor: loading tensor blk.2.attn_k.weight
create_tensor: loading tensor blk.2.attn_v.weight
create_tensor: loading tensor blk.2.attn_output.weight
create_tensor: loading tensor blk.2.post_attention_norm.weight
create_tensor: loading tensor blk.2.attn_k_norm.weight
create_tensor: loading tensor blk.2.attn_q_norm.weight
create_tensor: loading tensor blk.2.ffn_norm.weight
create_tensor: loading tensor blk.2.ffn_gate.weight
create_tensor: loading tensor blk.2.ffn_up.weight
create_tensor: loading tensor blk.2.ffn_down.weight
create_tensor: loading tensor blk.2.post_ffw_norm.weight
create_tensor: loading tensor blk.3.attn_norm.weight
create_tensor: loading tensor blk.3.attn_q.weight
create_tensor: loading tensor blk.3.attn_k.weight
create_tensor: loading tensor blk.3.attn_v.weight
create_tensor: loading tensor blk.3.attn_output.weight
create_tensor: loading tensor blk.3.post_attention_norm.weight
create_tensor: loading tensor blk.3.attn_k_norm.weight
create_tensor: loading tensor blk.3.attn_q_norm.weight
create_tensor: loading tensor blk.3.ffn_norm.weight
create_tensor: loading tensor blk.3.ffn_gate.weight
create_tensor: loading tensor blk.3.ffn_up.weight
create_tensor: loading tensor blk.3.ffn_down.weight
create_tensor: loading tensor blk.3.post_ffw_norm.weight
create_tensor: loading tensor blk.4.attn_norm.weight
create_tensor: loading tensor blk.4.attn_q.weight
create_tensor: loading tensor blk.4.attn_k.weight
create_tensor: loading tensor blk.4.attn_v.weight
create_tensor: loading tensor blk.4.attn_output.weight
create_tensor: loading tensor blk.4.post_attention_norm.weight
create_tensor: loading tensor blk.4.attn_k_norm.weight
create_tensor: loading tensor blk.4.attn_q_norm.weight
create_tensor: loading tensor blk.4.ffn_norm.weight
create_tensor: loading tensor blk.4.ffn_gate.weight
create_tensor: loading tensor blk.4.ffn_up.weight
create_tensor: loading tensor blk.4.ffn_down.weight
create_tensor: loading tensor blk.4.post_ffw_norm.weight
create_tensor: loading tensor blk.5.attn_norm.weight
create_tensor: loading tensor blk.5.attn_q.weight
create_tensor: loading tensor blk.5.attn_k.weight
create_tensor: loading tensor blk.5.attn_v.weight
create_tensor: loading tensor blk.5.attn_output.weight
create_tensor: loading tensor blk.5.post_attention_norm.weight
create_tensor: loading tensor blk.5.attn_k_norm.weight
create_tensor: loading tensor blk.5.attn_q_norm.weight
create_tensor: loading tensor blk.5.ffn_norm.weight
create_tensor: loading tensor blk.5.ffn_gate.weight
create_tensor: loading tensor blk.5.ffn_up.weight
create_tensor: loading tensor blk.5.ffn_down.weight
create_tensor: loading tensor blk.5.post_ffw_norm.weight
create_tensor: loading tensor blk.6.attn_norm.weight
create_tensor: loading tensor blk.6.attn_q.weight
create_tensor: loading tensor blk.6.attn_k.weight
create_tensor: loading tensor blk.6.attn_v.weight
create_tensor: loading tensor blk.6.attn_output.weight
create_tensor: loading tensor blk.6.post_attention_norm.weight
create_tensor: loading tensor blk.6.attn_k_norm.weight
create_tensor: loading tensor blk.6.attn_q_norm.weight
create_tensor: loading tensor blk.6.ffn_norm.weight
create_tensor: loading tensor blk.6.ffn_gate.weight
create_tensor: loading tensor blk.6.ffn_up.weight
create_tensor: loading tensor blk.6.ffn_down.weight
create_tensor: loading tensor blk.6.post_ffw_norm.weight
create_tensor: loading tensor blk.7.attn_norm.weight
create_tensor: loading tensor blk.7.attn_q.weight
create_tensor: loading tensor blk.7.attn_k.weight
create_tensor: loading tensor blk.7.attn_v.weight
create_tensor: loading tensor blk.7.attn_output.weight
create_tensor: loading tensor blk.7.post_attention_norm.weight
create_tensor: loading tensor blk.7.attn_k_norm.weight
create_tensor: loading tensor blk.7.attn_q_norm.weight
create_tensor: loading tensor blk.7.ffn_norm.weight
create_tensor: loading tensor blk.7.ffn_gate.weight
create_tensor: loading tensor blk.7.ffn_up.weight
create_tensor: loading tensor blk.7.ffn_down.weight
create_tensor: loading tensor blk.7.post_ffw_norm.weight
create_tensor: loading tensor blk.8.attn_norm.weight
create_tensor: loading tensor blk.8.attn_q.weight
create_tensor: loading tensor blk.8.attn_k.weight
create_tensor: loading tensor blk.8.attn_v.weight
create_tensor: loading tensor blk.8.attn_output.weight
create_tensor: loading tensor blk.8.post_attention_norm.weight
create_tensor: loading tensor blk.8.attn_k_norm.weight
create_tensor: loading tensor blk.8.attn_q_norm.weight
create_tensor: loading tensor blk.8.ffn_norm.weight
create_tensor: loading tensor blk.8.ffn_gate.weight
create_tensor: loading tensor blk.8.ffn_up.weight
create_tensor: loading tensor blk.8.ffn_down.weight
create_tensor: loading tensor blk.8.post_ffw_norm.weight
create_tensor: loading tensor blk.9.attn_norm.weight
create_tensor: loading tensor blk.9.attn_q.weight
create_tensor: loading tensor blk.9.attn_k.weight
create_tensor: loading tensor blk.9.attn_v.weight
create_tensor: loading tensor blk.9.attn_output.weight
create_tensor: loading tensor blk.9.post_attention_norm.weight
create_tensor: loading tensor blk.9.attn_k_norm.weight
create_tensor: loading tensor blk.9.attn_q_norm.weight
create_tensor: loading tensor blk.9.ffn_norm.weight
create_tensor: loading tensor blk.9.ffn_gate.weight
create_tensor: loading tensor blk.9.ffn_up.weight
create_tensor: loading tensor blk.9.ffn_down.weight
create_tensor: loading tensor blk.9.post_ffw_norm.weight
create_tensor: loading tensor blk.10.attn_norm.weight
create_tensor: loading tensor blk.10.attn_q.weight
create_tensor: loading tensor blk.10.attn_k.weight
create_tensor: loading tensor blk.10.attn_v.weight
create_tensor: loading tensor blk.10.attn_output.weight
create_tensor: loading tensor blk.10.post_attention_norm.weight
create_tensor: loading tensor blk.10.attn_k_norm.weight
create_tensor: loading tensor blk.10.attn_q_norm.weight
create_tensor: loading tensor blk.10.ffn_norm.weight
create_tensor: loading tensor blk.10.ffn_gate.weight
create_tensor: loading tensor blk.10.ffn_up.weight
create_tensor: loading tensor blk.10.ffn_down.weight
create_tensor: loading tensor blk.10.post_ffw_norm.weight
create_tensor: loading tensor blk.11.attn_norm.weight
create_tensor: loading tensor blk.11.attn_q.weight
create_tensor: loading tensor blk.11.attn_k.weight
create_tensor: loading tensor blk.11.attn_v.weight
create_tensor: loading tensor blk.11.attn_output.weight
create_tensor: loading tensor blk.11.post_attention_norm.weight
create_tensor: loading tensor blk.11.attn_k_norm.weight
create_tensor: loading tensor blk.11.attn_q_norm.weight
create_tensor: loading tensor blk.11.ffn_norm.weight
create_tensor: loading tensor blk.11.ffn_gate.weight
create_tensor: loading tensor blk.11.ffn_up.weight
create_tensor: loading tensor blk.11.ffn_down.weight
create_tensor: loading tensor blk.11.post_ffw_norm.weight
create_tensor: loading tensor blk.12.attn_norm.weight
create_tensor: loading tensor blk.12.attn_q.weight
create_tensor: loading tensor blk.12.attn_k.weight
create_tensor: loading tensor blk.12.attn_v.weight
create_tensor: loading tensor blk.12.attn_output.weight
create_tensor: loading tensor blk.12.post_attention_norm.weight
create_tensor: loading tensor blk.12.attn_k_norm.weight
create_tensor: loading tensor blk.12.attn_q_norm.weight
create_tensor: loading tensor blk.12.ffn_norm.weight
create_tensor: loading tensor blk.12.ffn_gate.weight
create_tensor: loading tensor blk.12.ffn_up.weight
create_tensor: loading tensor blk.12.ffn_down.weight
create_tensor: loading tensor blk.12.post_ffw_norm.weight
create_tensor: loading tensor blk.13.attn_norm.weight
create_tensor: loading tensor blk.13.attn_q.weight
create_tensor: loading tensor blk.13.attn_k.weight
create_tensor: loading tensor blk.13.attn_v.weight
create_tensor: loading tensor blk.13.attn_output.weight
create_tensor: loading tensor blk.13.post_attention_norm.weight
create_tensor: loading tensor blk.13.attn_k_norm.weight
create_tensor: loading tensor blk.13.attn_q_norm.weight
create_tensor: loading tensor blk.13.ffn_norm.weight
create_tensor: loading tensor blk.13.ffn_gate.weight
create_tensor: loading tensor blk.13.ffn_up.weight
create_tensor: loading tensor blk.13.ffn_down.weight
create_tensor: loading tensor blk.13.post_ffw_norm.weight
create_tensor: loading tensor blk.14.attn_norm.weight
create_tensor: loading tensor blk.14.attn_q.weight
create_tensor: loading tensor blk.14.attn_k.weight
create_tensor: loading tensor blk.14.attn_v.weight
create_tensor: loading tensor blk.14.attn_output.weight
create_tensor: loading tensor blk.14.post_attention_norm.weight
create_tensor: loading tensor blk.14.attn_k_norm.weight
create_tensor: loading tensor blk.14.attn_q_norm.weight
create_tensor: loading tensor blk.14.ffn_norm.weight
create_tensor: loading tensor blk.14.ffn_gate.weight
create_tensor: loading tensor blk.14.ffn_up.weight
create_tensor: loading tensor blk.14.ffn_down.weight
create_tensor: loading tensor blk.14.post_ffw_norm.weight
create_tensor: loading tensor blk.15.attn_norm.weight
create_tensor: loading tensor blk.15.attn_q.weight
create_tensor: loading tensor blk.15.attn_k.weight
create_tensor: loading tensor blk.15.attn_v.weight
create_tensor: loading tensor blk.15.attn_output.weight
create_tensor: loading tensor blk.15.post_attention_norm.weight
create_tensor: loading tensor blk.15.attn_k_norm.weight
create_tensor: loading tensor blk.15.attn_q_norm.weight
create_tensor: loading tensor blk.15.ffn_norm.weight
create_tensor: loading tensor blk.15.ffn_gate.weight
create_tensor: loading tensor blk.15.ffn_up.weight
create_tensor: loading tensor blk.15.ffn_down.weight
create_tensor: loading tensor blk.15.post_ffw_norm.weight
create_tensor: loading tensor blk.16.attn_norm.weight
create_tensor: loading tensor blk.16.attn_q.weight
create_tensor: loading tensor blk.16.attn_k.weight
create_tensor: loading tensor blk.16.attn_v.weight
create_tensor: loading tensor blk.16.attn_output.weight
create_tensor: loading tensor blk.16.post_attention_norm.weight
create_tensor: loading tensor blk.16.attn_k_norm.weight
create_tensor: loading tensor blk.16.attn_q_norm.weight
create_tensor: loading tensor blk.16.ffn_norm.weight
create_tensor: loading tensor blk.16.ffn_gate.weight
create_tensor: loading tensor blk.16.ffn_up.weight
create_tensor: loading tensor blk.16.ffn_down.weight
create_tensor: loading tensor blk.16.post_ffw_norm.weight
create_tensor: loading tensor blk.17.attn_norm.weight
create_tensor: loading tensor blk.17.attn_q.weight
create_tensor: loading tensor blk.17.attn_k.weight
create_tensor: loading tensor blk.17.attn_v.weight
create_tensor: loading tensor blk.17.attn_output.weight
create_tensor: loading tensor blk.17.post_attention_norm.weight
create_tensor: loading tensor blk.17.attn_k_norm.weight
create_tensor: loading tensor blk.17.attn_q_norm.weight
create_tensor: loading tensor blk.17.ffn_norm.weight
create_tensor: loading tensor blk.17.ffn_gate.weight
create_tensor: loading tensor blk.17.ffn_up.weight
create_tensor: loading tensor blk.17.ffn_down.weight
create_tensor: loading tensor blk.17.post_ffw_norm.weight
create_tensor: loading tensor blk.18.attn_norm.weight
create_tensor: loading tensor blk.18.attn_q.weight
create_tensor: loading tensor blk.18.attn_k.weight
create_tensor: loading tensor blk.18.attn_v.weight
create_tensor: loading tensor blk.18.attn_output.weight
create_tensor: loading tensor blk.18.post_attention_norm.weight
create_tensor: loading tensor blk.18.attn_k_norm.weight
create_tensor: loading tensor blk.18.attn_q_norm.weight
create_tensor: loading tensor blk.18.ffn_norm.weight
create_tensor: loading tensor blk.18.ffn_gate.weight
create_tensor: loading tensor blk.18.ffn_up.weight
create_tensor: loading tensor blk.18.ffn_down.weight
create_tensor: loading tensor blk.18.post_ffw_norm.weight
create_tensor: loading tensor blk.19.attn_norm.weight
create_tensor: loading tensor blk.19.attn_q.weight
create_tensor: loading tensor blk.19.attn_k.weight
create_tensor: loading tensor blk.19.attn_v.weight
create_tensor: loading tensor blk.19.attn_output.weight
create_tensor: loading tensor blk.19.post_attention_norm.weight
create_tensor: loading tensor blk.19.attn_k_norm.weight
create_tensor: loading tensor blk.19.attn_q_norm.weight
create_tensor: loading tensor blk.19.ffn_norm.weight
create_tensor: loading tensor blk.19.ffn_gate.weight
create_tensor: loading tensor blk.19.ffn_up.weight
create_tensor: loading tensor blk.19.ffn_down.weight
create_tensor: loading tensor blk.19.post_ffw_norm.weight
create_tensor: loading tensor blk.20.attn_norm.weight
create_tensor: loading tensor blk.20.attn_q.weight
create_tensor: loading tensor blk.20.attn_k.weight
create_tensor: loading tensor blk.20.attn_v.weight
create_tensor: loading tensor blk.20.attn_output.weight
create_tensor: loading tensor blk.20.post_attention_norm.weight
create_tensor: loading tensor blk.20.attn_k_norm.weight
create_tensor: loading tensor blk.20.attn_q_norm.weight
create_tensor: loading tensor blk.20.ffn_norm.weight
create_tensor: loading tensor blk.20.ffn_gate.weight
create_tensor: loading tensor blk.20.ffn_up.weight
create_tensor: loading tensor blk.20.ffn_down.weight
create_tensor: loading tensor blk.20.post_ffw_norm.weight
create_tensor: loading tensor blk.21.attn_norm.weight
create_tensor: loading tensor blk.21.attn_q.weight
create_tensor: loading tensor blk.21.attn_k.weight
create_tensor: loading tensor blk.21.attn_v.weight
create_tensor: loading tensor blk.21.attn_output.weight
create_tensor: loading tensor blk.21.post_attention_norm.weight
create_tensor: loading tensor blk.21.attn_k_norm.weight
create_tensor: loading tensor blk.21.attn_q_norm.weight
create_tensor: loading tensor blk.21.ffn_norm.weight
create_tensor: loading tensor blk.21.ffn_gate.weight
create_tensor: loading tensor blk.21.ffn_up.weight
create_tensor: loading tensor blk.21.ffn_down.weight
create_tensor: loading tensor blk.21.post_ffw_norm.weight
create_tensor: loading tensor blk.22.attn_norm.weight
create_tensor: loading tensor blk.22.attn_q.weight
create_tensor: loading tensor blk.22.attn_k.weight
create_tensor: loading tensor blk.22.attn_v.weight
create_tensor: loading tensor blk.22.attn_output.weight
create_tensor: loading tensor blk.22.post_attention_norm.weight
create_tensor: loading tensor blk.22.attn_k_norm.weight
create_tensor: loading tensor blk.22.attn_q_norm.weight
create_tensor: loading tensor blk.22.ffn_norm.weight
create_tensor: loading tensor blk.22.ffn_gate.weight
create_tensor: loading tensor blk.22.ffn_up.weight
create_tensor: loading tensor blk.22.ffn_down.weight
create_tensor: loading tensor blk.22.post_ffw_norm.weight
create_tensor: loading tensor blk.23.attn_norm.weight
create_tensor: loading tensor blk.23.attn_q.weight
create_tensor: loading tensor blk.23.attn_k.weight
create_tensor: loading tensor blk.23.attn_v.weight
create_tensor: loading tensor blk.23.attn_output.weight
create_tensor: loading tensor blk.23.post_attention_norm.weight
create_tensor: loading tensor blk.23.attn_k_norm.weight
create_tensor: loading tensor blk.23.attn_q_norm.weight
create_tensor: loading tensor blk.23.ffn_norm.weight
create_tensor: loading tensor blk.23.ffn_gate.weight
create_tensor: loading tensor blk.23.ffn_up.weight
create_tensor: loading tensor blk.23.ffn_down.weight
create_tensor: loading tensor blk.23.post_ffw_norm.weight
create_tensor: loading tensor blk.24.attn_norm.weight
create_tensor: loading tensor blk.24.attn_q.weight
create_tensor: loading tensor blk.24.attn_k.weight
create_tensor: loading tensor blk.24.attn_v.weight
create_tensor: loading tensor blk.24.attn_output.weight
create_tensor: loading tensor blk.24.post_attention_norm.weight
create_tensor: loading tensor blk.24.attn_k_norm.weight
create_tensor: loading tensor blk.24.attn_q_norm.weight
create_tensor: loading tensor blk.24.ffn_norm.weight
create_tensor: loading tensor blk.24.ffn_gate.weight
create_tensor: loading tensor blk.24.ffn_up.weight
create_tensor: loading tensor blk.24.ffn_down.weight
create_tensor: loading tensor blk.24.post_ffw_norm.weight
create_tensor: loading tensor blk.25.attn_norm.weight
create_tensor: loading tensor blk.25.attn_q.weight
create_tensor: loading tensor blk.25.attn_k.weight
create_tensor: loading tensor blk.25.attn_v.weight
create_tensor: loading tensor blk.25.attn_output.weight
create_tensor: loading tensor blk.25.post_attention_norm.weight
create_tensor: loading tensor blk.25.attn_k_norm.weight
create_tensor: loading tensor blk.25.attn_q_norm.weight
create_tensor: loading tensor blk.25.ffn_norm.weight
create_tensor: loading tensor blk.25.ffn_gate.weight
create_tensor: loading tensor blk.25.ffn_up.weight
create_tensor: loading tensor blk.25.ffn_down.weight
create_tensor: loading tensor blk.25.post_ffw_norm.weight
done_getting_tensors: tensor 'token_embd.weight' (q8_0) (and 0 others) cannot be used with preferred buffer type CUDA_Host, using CPU instead
load_tensors: offloading output layer to GPU
load_tensors: offloading 25 repeating layers to GPU
load_tensors: offloaded 27/27 layers to GPU
load_tensors:   CPU_Mapped model buffer size =   306.00 MiB
load_tensors:        CUDA0 model buffer size =   762.54 MiB
.............................................
llama_context: constructing llama_context
llama_context: n_seq_max     = 1
llama_context: n_ctx         = 2048
llama_context: n_ctx_seq     = 2048
llama_context: n_batch       = 256
llama_context: n_ubatch      = 128
llama_context: causal_attn   = 1
llama_context: flash_attn    = disabled
llama_context: kv_unified    = false
llama_context: freq_base     = 1000000.0
llama_context: freq_scale    = 1
llama_context: n_rs_seq      = 0
llama_context: n_outputs_max = 256
llama_context: n_ctx_seq (2048) < n_ctx_train (32768) -- the full capacity of the model will not be utilized
set_abort_callback: call
llama_context:  CUDA_Host  output buffer size =     1.00 MiB
llama_kv_cache_iswa: using full-size SWA cache (ref: https://github.com/ggml-org/llama.cpp/pull/13194#issuecomment-2868343055)
llama_kv_cache_iswa: creating non-SWA KV cache, size = 2048 cells
llama_kv_cache: layer   0: filtered
llama_kv_cache: layer   1: filtered
llama_kv_cache: layer   2: filtered
llama_kv_cache: layer   3: filtered
llama_kv_cache: layer   4: filtered
llama_kv_cache: layer   5: dev = CUDA0
llama_kv_cache: layer   6: filtered
llama_kv_cache: layer   7: filtered
llama_kv_cache: layer   8: filtered
llama_kv_cache: layer   9: filtered
llama_kv_cache: layer  10: filtered
llama_kv_cache: layer  11: dev = CUDA0
llama_kv_cache: layer  12: filtered
llama_kv_cache: layer  13: filtered
llama_kv_cache: layer  14: filtered
llama_kv_cache: layer  15: filtered
llama_kv_cache: layer  16: filtered
llama_kv_cache: layer  17: dev = CUDA0
llama_kv_cache: layer  18: filtered
llama_kv_cache: layer  19: filtered
llama_kv_cache: layer  20: filtered
llama_kv_cache: layer  21: filtered
llama_kv_cache: layer  22: filtered
llama_kv_cache: layer  23: dev = CUDA0
llama_kv_cache: layer  24: filtered
llama_kv_cache: layer  25: filtered
llama_kv_cache:      CUDA0 KV buffer size =     8.00 MiB
llama_kv_cache: size =    8.00 MiB (  2048 cells,   4 layers,  1/1 seqs), K (f16):    4.00 MiB, V (f16):    4.00 MiB
llama_kv_cache: attn_rot_k = 0, n_embd_head_k_all = 256
llama_kv_cache: attn_rot_v = 0, n_embd_head_k_all = 256
llama_kv_cache_iswa: creating     SWA KV cache, size = 2048 cells
llama_kv_cache: layer   0: dev = CUDA0
llama_kv_cache: layer   1: dev = CUDA0
llama_kv_cache: layer   2: dev = CUDA0
llama_kv_cache: layer   3: dev = CUDA0
llama_kv_cache: layer   4: dev = CUDA0
llama_kv_cache: layer   5: filtered
llama_kv_cache: layer   6: dev = CUDA0
llama_kv_cache: layer   7: dev = CUDA0
llama_kv_cache: layer   8: dev = CUDA0
llama_kv_cache: layer   9: dev = CUDA0
llama_kv_cache: layer  10: dev = CUDA0
llama_kv_cache: layer  11: filtered
llama_kv_cache: layer  12: dev = CUDA0
llama_kv_cache: layer  13: dev = CUDA0
llama_kv_cache: layer  14: dev = CUDA0
llama_kv_cache: layer  15: dev = CUDA0
llama_kv_cache: layer  16: dev = CUDA0
llama_kv_cache: layer  17: filtered
llama_kv_cache: layer  18: dev = CUDA0
llama_kv_cache: layer  19: dev = CUDA0
llama_kv_cache: layer  20: dev = CUDA0
llama_kv_cache: layer  21: dev = CUDA0
llama_kv_cache: layer  22: dev = CUDA0
llama_kv_cache: layer  23: filtered
llama_kv_cache: layer  24: dev = CUDA0
llama_kv_cache: layer  25: dev = CUDA0
llama_kv_cache:      CUDA0 KV buffer size =    44.00 MiB
llama_kv_cache: size =   44.00 MiB (  2048 cells,  22 layers,  1/1 seqs), K (f16):   22.00 MiB, V (f16):   22.00 MiB
llama_kv_cache: attn_rot_k = 0, n_embd_head_k_all = 256
llama_kv_cache: attn_rot_v = 0, n_embd_head_k_all = 256
llama_context: enumerating backends
llama_context: backend_ptrs.size() = 2
sched_reserve: reserving ...
sched_reserve: max_nodes = 2728
sched_reserve: reserving full memory module
sched_reserve: worst-case: n_tokens = 128, n_seqs = 1, n_outputs = 1
resolve_fused_ops: resolving fused Gated Delta Net support:
graph_reserve: reserving a graph for ubatch with n_tokens =    1, n_seqs =  1, n_outputs =    1
ggml_cuda_graph_set_enabled: disabling CUDA graphs due to GPU architecture
resolve_fused_ops: fused Gated Delta Net (autoregressive) enabled
graph_reserve: reserving a graph for ubatch with n_tokens =   16, n_seqs =  1, n_outputs =   16
resolve_fused_ops: fused Gated Delta Net (chunked) enabled
resolve_fused_ops: resolving fused Lightning Indexer support:
graph_reserve: reserving a graph for ubatch with n_tokens =    1, n_seqs =  1, n_outputs =    1
resolve_fused_ops: Lightning Indexer enabled
graph_reserve: reserving a graph for ubatch with n_tokens =  128, n_seqs =  1, n_outputs =  128
graph_reserve: reserving a graph for ubatch with n_tokens =    1, n_seqs =  1, n_outputs =    1
graph_reserve: reserving a graph for ubatch with n_tokens =  128, n_seqs =  1, n_outputs =  128
sched_reserve:      CUDA0 compute buffer size =   128.56 MiB
sched_reserve:  CUDA_Host compute buffer size =     3.63 MiB
sched_reserve: graph nodes  = 1177
sched_reserve: graph splits = 2
sched_reserve: reserve took 11.70 ms, sched copies = 1
CUDA : ARCHS = 600,610,700,750,800,860,890,900 | FORCE_MMQ = 1 | USE_GRAPHS = 1 | CPU : SSE3 = 1 | SSSE3 = 1 | AVX = 1 | AVX2 = 1 | F16C = 1 | FMA = 1 | LLAMAFILE = 1 | OPENMP = 1 | REPACK = 1 | 
Model metadata: {'general.name': 'Gemma 3 1b It', 'general.architecture': 'gemma3', 'gemma3.attention.key_length': '256', 'general.type': 'model', 'general.basename': 'gemma-3', 'general.finetune': 'it', 'general.size_label': '1B', 'general.license': 'gemma', 'general.base_model.count': '1', 'general.base_model.0.name': 'Gemma 3 1b Pt', 'general.base_model.0.organization': 'Google', 'general.base_model.0.repo_url': 'https://huggingface.co/google/gemma-3-1b-pt', 'gemma3.context_length': '32768', 'gemma3.attention.value_length': '256', 'gemma3.embedding_length': '1152', 'gemma3.block_count': '26', 'gemma3.feed_forward_length': '6912', 'gemma3.attention.head_count': '4', 'tokenizer.ggml.add_bos_token': 'true', 'gemma3.rope.freq_base': '1000000.000000', 'gemma3.attention.layer_norm_rms_epsilon': '0.000001', 'gemma3.attention.sliding_window': '512', 'gemma3.attention.head_count_kv': '1', 'tokenizer.ggml.model': 'llama', 'tokenizer.ggml.add_space_prefix': 'false', 'tokenizer.ggml.pre': 'default', 'general.quantization_version': '2', 'tokenizer.ggml.bos_token_id': '2', 'general.file_type': '15', 'tokenizer.ggml.eos_token_id': '1', 'tokenizer.ggml.unknown_token_id': '3', 'tokenizer.ggml.padding_token_id': '0', 'tokenizer.ggml.add_eos_token': 'false', 'tokenizer.chat_template': '{{ bos_token }}\n{%- if messages[0][\'role\'] == \'system\' -%}\n    {%- if messages[0][\'content\'] is string -%}\n        {%- set first_user_prefix = messages[0][\'content\'] + \'\n\n\' -%}\n    {%- else -%}\n        {%- set first_user_prefix = messages[0][\'content\'][0][\'text\'] + \'\n\n\' -%}\n    {%- endif -%}\n    {%- set loop_messages = messages[1:] -%}\n{%- else -%}\n    {%- set first_user_prefix = "" -%}\n    {%- set loop_messages = messages -%}\n{%- endif -%}\n{%- for message in loop_messages -%}\n    {%- if (message[\'role\'] == \'user\') != (loop.index0 % 2 == 0) -%}\n        {{ raise_exception("Conversation roles must alternate user/assistant/user/assistant/...") }}\n    {%- endif -%}\n    {%- if (message[\'role\'] == \'assistant\') -%}\n        {%- set role = "model" -%}\n    {%- else -%}\n        {%- set role = message[\'role\'] -%}\n    {%- endif -%}\n    {{ \'<start_of_turn>\' + role + \'\n\' + (first_user_prefix if loop.first else "") }}\n    {%- if message[\'content\'] is string -%}\n        {{ message[\'content\'] | trim }}\n    {%- elif message[\'content\'] is iterable -%}\n        {%- for item in message[\'content\'] -%}\n            {%- if item[\'type\'] == \'image\' -%}\n                {{ \'<start_of_image>\' }}\n            {%- elif item[\'type\'] == \'text\' -%}\n                {{ item[\'text\'] | trim }}\n            {%- endif -%}\n        {%- endfor -%}\n    {%- else -%}\n        {{ raise_exception("Invalid content type") }}\n    {%- endif -%}\n    {{ \'<end_of_turn>\n\' }}\n{%- endfor -%}\n{%- if add_generation_prompt -%}\n    {{\'<start_of_turn>model\n\'}}\n{%- endif -%}\n'}
Available chat formats from metadata: chat_template.default
Using gguf chat template: {{ bos_token }}
{%- if messages[0]['role'] == 'system' -%}
    {%- if messages[0]['content'] is string -%}
        {%- set first_user_prefix = messages[0]['content'] + '

' -%}
    {%- else -%}
        {%- set first_user_prefix = messages[0]['content'][0]['text'] + '

' -%}
    {%- endif -%}
    {%- set loop_messages = messages[1:] -%}
{%- else -%}
    {%- set first_user_prefix = "" -%}
    {%- set loop_messages = messages -%}
{%- endif -%}
{%- for message in loop_messages -%}
    {%- if (message['role'] == 'user') != (loop.index0 % 2 == 0) -%}
        {{ raise_exception("Conversation roles must alternate user/assistant/user/assistant/...") }}
    {%- endif -%}
    {%- if (message['role'] == 'assistant') -%}
        {%- set role = "model" -%}
    {%- else -%}
        {%- set role = message['role'] -%}
    {%- endif -%}
    {{ '<start_of_turn>' + role + '
' + (first_user_prefix if loop.first else "") }}
    {%- if message['content'] is string -%}
        {{ message['content'] | trim }}
    {%- elif message['content'] is iterable -%}
        {%- for item in message['content'] -%}
            {%- if item['type'] == 'image' -%}
                {{ '<start_of_image>' }}
            {%- elif item['type'] == 'text' -%}
                {{ item['text'] | trim }}
            {%- endif -%}
        {%- endfor -%}
    {%- else -%}
        {{ raise_exception("Invalid content type") }}
    {%- endif -%}
    {{ '<end_of_turn>
' }}
{%- endfor -%}
{%- if add_generation_prompt -%}
    {{'<start_of_turn>model
'}}
{%- endif -%}

Using chat eos_token: <eos>
Using chat bos_token: <bos>
ggml_cuda_graph_set_enabled: disabling CUDA graphs due to GPU architecture
llama_perf_context_print:        load time =     524.61 ms
llama_perf_context_print: prompt eval time =     522.88 ms /    18 tokens (   29.05 ms per token,    34.42 tokens per second)
llama_perf_context_print:        eval time =     224.86 ms /    13 runs   (   17.30 ms per token,    57.81 tokens per second)
llama_perf_context_print:       total time =     756.67 ms /    31 tokens
llama_perf_context_print:    graphs reused =         12
~llama_context:      CUDA0 compute buffer size is 128.5625 MiB, matches expectation of 128.5625 MiB
~llama_context:  CUDA_Host compute buffer size is   3.6284 MiB, matches expectation of   3.6284 MiB
Loading gemma-4-12B-it-Q4_K_M.gguf with -1 GPU layers.
llama_model_loader: loaded meta data with 56 key-value pairs and 667 tensors from E:\Software Engineering Stuff\CS 157A\RAGdoll-AI-Assistant-Architecture-CS157A-Team5-Database-Project\models\models\gemma-4-12B-it-Q4_K_M.gguf (version GGUF V3 (latest))
llama_model_loader: Dumping metadata keys/values. Note: KV overrides do not apply in this output.
llama_model_loader: - kv   0:                       general.architecture str              = gemma4
llama_model_loader: - kv   1:                               general.type str              = model
llama_model_loader: - kv   2:                     general.sampling.top_k i32              = 64
llama_model_loader: - kv   3:                     general.sampling.top_p f32              = 0.950000
llama_model_loader: - kv   4:                      general.sampling.temp f32              = 1.000000
llama_model_loader: - kv   5:                               general.name str              = Gemma 4 12B It
llama_model_loader: - kv   6:                           general.finetune str              = it
llama_model_loader: - kv   7:                           general.basename str              = gemma-4
llama_model_loader: - kv   8:                         general.size_label str              = 12B
llama_model_loader: - kv   9:                            general.license str              = apache-2.0
llama_model_loader: - kv  10:                       general.license.link str              = https://ai.google.dev/gemma/docs/gemm...
llama_model_loader: - kv  11:                   general.base_model.count u32              = 1
llama_model_loader: - kv  12:                  general.base_model.0.name str              = Gemma 4 12B
llama_model_loader: - kv  13:          general.base_model.0.organization str              = Google
llama_model_loader: - kv  14:              general.base_model.0.repo_url str              = https://huggingface.co/google/gemma-4...
llama_model_loader: - kv  15:                               general.tags arr[str,1]       = ["any-to-any"]
llama_model_loader: - kv  16:                         gemma4.block_count u32              = 48
llama_model_loader: - kv  17:                      gemma4.context_length u32              = 131072
llama_model_loader: - kv  18:                    gemma4.embedding_length u32              = 3840
llama_model_loader: - kv  19:                 gemma4.feed_forward_length u32              = 15360
llama_model_loader: - kv  20:                gemma4.attention.head_count u32              = 16
llama_model_loader: - kv  21:             gemma4.attention.head_count_kv arr[i32,48]      = [8, 8, 8, 8, 8, 1, 8, 8, 8, 8, 8, 1, ...
llama_model_loader: - kv  22:                      gemma4.rope.freq_base f32              = 1000000.000000
llama_model_loader: - kv  23:                  gemma4.rope.freq_base_swa f32              = 10000.000000
llama_model_loader: - kv  24:    gemma4.attention.layer_norm_rms_epsilon f32              = 0.000001
llama_model_loader: - kv  25:                gemma4.attention.key_length u32              = 512
llama_model_loader: - kv  26:              gemma4.attention.value_length u32              = 512
llama_model_loader: - kv  27:             gemma4.final_logit_softcapping f32              = 30.000000
llama_model_loader: - kv  28:            gemma4.attention.sliding_window u32              = 1024
llama_model_loader: - kv  29:          gemma4.attention.shared_kv_layers u32              = 0
llama_model_loader: - kv  30:    gemma4.embedding_length_per_layer_input u32              = 0
llama_model_loader: - kv  31:    gemma4.attention.sliding_window_pattern arr[bool,48]     = [true, true, true, true, true, false,...
llama_model_loader: - kv  32:            gemma4.attention.key_length_swa u32              = 256
llama_model_loader: - kv  33:          gemma4.attention.value_length_swa u32              = 256
llama_model_loader: - kv  34:                gemma4.rope.dimension_count u32              = 512
llama_model_loader: - kv  35:            gemma4.rope.dimension_count_swa u32              = 256
llama_model_loader: - kv  36:             tokenizer.ggml.suppress_tokens arr[i32,2]       = [258883, 258882]
llama_model_loader: - kv  37:                       tokenizer.ggml.model str              = gemma4
llama_model_loader: - kv  38:                      tokenizer.ggml.tokens arr[str,262144]  = ["<pad>", "<eos>", "<bos>", "<unk>", ...
llama_model_loader: - kv  39:                      tokenizer.ggml.scores arr[f32,262144]  = [-1000.000000, -1000.000000, -1000.00...
llama_model_loader: - kv  40:                  tokenizer.ggml.token_type arr[i32,262144]  = [3, 3, 3, 3, 3, 1, 1, 1, 1, 1, 1, 1, ...
llama_model_loader: - kv  41:                      tokenizer.ggml.merges arr[str,514906]  = ["\n\n\n\n\n\n\n\n\n\n\n\n\n\n\n\n\n\n\n\n\n\n\n\n\n\n\n\n\n\n \n", ...
llama_model_loader: - kv  42:                tokenizer.ggml.bos_token_id u32              = 2
llama_model_loader: - kv  43:                tokenizer.ggml.eos_token_id u32              = 1
llama_model_loader: - kv  44:            tokenizer.ggml.unknown_token_id u32              = 3
llama_model_loader: - kv  45:            tokenizer.ggml.padding_token_id u32              = 0
llama_model_loader: - kv  46:               tokenizer.ggml.mask_token_id u32              = 4
llama_model_loader: - kv  47:            tokenizer.ggml.add_space_prefix bool             = false
llama_model_loader: - kv  48:               tokenizer.ggml.add_bos_token bool             = true
llama_model_loader: - kv  49:               general.quantization_version u32              = 2
llama_model_loader: - kv  50:                          general.file_type u32              = 15
llama_model_loader: - kv  51:                      quantize.imatrix.file str              = /models_out/gemma-4-12B-it-GGUF/gemma...
llama_model_loader: - kv  52:                   quantize.imatrix.dataset str              = /training_dir/calibration_datav5.txt
llama_model_loader: - kv  53:             quantize.imatrix.entries_count u32              = 328
llama_model_loader: - kv  54:              quantize.imatrix.chunks_count u32              = 886
llama_model_loader: - kv  55:                    tokenizer.chat_template str              = {#\n  Template: Google Gemma 4 Canonic...
llama_model_loader: - type  f32:  338 tensors
llama_model_loader: - type q4_K:  164 tensors
llama_model_loader: - type q5_K:   96 tensors
llama_model_loader: - type q6_K:   69 tensors
print_info: file format = GGUF V3 (latest)
print_info: file type   = Q4_K - Medium
print_info: file size   = 7.12 GiB (5.14 BPW) 
llama_prepare_model_devices: using device CUDA0 (NVIDIA GeForce GTX 1080 Ti) (0000:08:00.0) - 10189 MiB free
init_tokenizer: initializing tokenizer for type 2
load: 0 unused tokens
load: control token:      0 '<pad>' is not marked as EOG
load: control token:      3 '<unk>' is not marked as EOG
load: control token:      2 '<bos>' is not marked as EOG
load: control token:      4 '<mask>' is not marked as EOG
load: control token:     47 '<tool|>' is not marked as EOG
load: control token:     98 '<|think|>' is not marked as EOG
load: control token:     46 '<|tool>' is not marked as EOG
load: control-looking token:     50 '<|tool_response>' was not control-type; this is probably a bug in the model. its type will be overridden
load: control token:    105 '<|turn>' is not marked as EOG
load: control-looking token:    212 '</s>' was not control-type; this is probably a bug in the model. its type will be overridden
load: control token: 258880 '<|image|>' is not marked as EOG
load: control token: 258882 '<image|>' is not marked as EOG
load: control token: 256000 '<|audio>' is not marked as EOG
load: control token: 258883 '<audio|>' is not marked as EOG
load: control token: 258884 '<|video|>' is not marked as EOG
load: control token: 255999 '<|image>' is not marked as EOG
load: control token: 258881 '<|audio|>' is not marked as EOG
load: printing all EOG tokens:
load:   - 1 ('<eos>')
load:   - 50 ('<|tool_response>')
load:   - 106 ('<turn|>')
load:   - 212 ('</s>')
load: special_eog_ids contains '<|tool_response>', removing '</s>' token from EOG list
load: special tokens cache size = 24
load: token to piece cache size = 1.9445 MB
print_info: arch                  = gemma4
print_info: vocab_only            = 0
print_info: no_alloc              = 0
print_info: n_ctx_train           = 131072
print_info: n_embd_inp            = 3840
print_info: n_embd                = 3840
print_info: n_embd_out            = 3840
print_info: n_layer               = 48
print_info: n_layer_all           = 48
print_info: n_head                = 16
print_info: n_head_kv             = [8, 8, 8, 8, 8, 1, 8, 8, 8, 8, 8, 1, 8, 8, 8, 8, 8, 1, 8, 8, 8, 8, 8, 1, 8, 8, 8, 8, 8, 1, 8, 8, 8, 8, 8, 1, 8, 8, 8, 8, 8, 1, 8, 8, 8, 8, 8, 1]
print_info: n_rot                 = 512
print_info: n_swa                 = 1024
print_info: is_swa_any            = 1
print_info: n_embd_head_k         = 512
print_info: n_embd_head_v         = 512
print_info: n_gqa                 = [2, 2, 2, 2, 2, 16, 2, 2, 2, 2, 2, 16, 2, 2, 2, 2, 2, 16, 2, 2, 2, 2, 2, 16, 2, 2, 2, 2, 2, 16, 2, 2, 2, 2, 2, 16, 2, 2, 2, 2, 2, 16, 2, 2, 2, 2, 2, 16]
print_info: n_embd_k_gqa          = [2048, 2048, 2048, 2048, 2048, 512, 2048, 2048, 2048, 2048, 2048, 512, 2048, 2048, 2048, 2048, 2048, 512, 2048, 2048, 2048, 2048, 2048, 512, 2048, 2048, 2048, 2048, 2048, 512, 2048, 2048, 2048, 2048, 2048, 512, 2048, 2048, 2048, 2048, 2048, 512, 2048, 2048, 2048, 2048, 2048, 512]
print_info: n_embd_v_gqa          = [2048, 2048, 2048, 2048, 2048, 512, 2048, 2048, 2048, 2048, 2048, 512, 2048, 2048, 2048, 2048, 2048, 512, 2048, 2048, 2048, 2048, 2048, 512, 2048, 2048, 2048, 2048, 2048, 512, 2048, 2048, 2048, 2048, 2048, 512, 2048, 2048, 2048, 2048, 2048, 512, 2048, 2048, 2048, 2048, 2048, 512]
print_info: f_norm_eps            = 0.0e+00
print_info: f_norm_rms_eps        = 1.0e-06
print_info: f_clamp_kqv           = 0.0e+00
print_info: f_max_alibi_bias      = 0.0e+00
print_info: f_logit_scale         = 0.0e+00
print_info: f_attn_scale          = 1.0e+00
print_info: f_attn_value_scale    = 0.0000
print_info: n_ff                  = 15360
print_info: n_expert              = 0
print_info: n_expert_used         = 0
print_info: n_expert_groups       = 0
print_info: n_group_used          = 0
print_info: causal attn           = 1
print_info: pooling type          = -1
print_info: rope type             = 2
print_info: rope scaling          = linear
print_info: freq_base_train       = 1000000.0
print_info: freq_scale_train      = 1
print_info: freq_base_swa         = 10000.0
print_info: freq_scale_swa        = 1
print_info: n_embd_head_k_swa     = 256
print_info: n_embd_head_v_swa     = 256
print_info: n_rot_swa             = 256
print_info: n_ctx_orig_yarn       = 131072
print_info: rope_yarn_log_mul     = 0.0000
print_info: rope_finetuned        = unknown
print_info: model type            = ?B
print_info: model params          = 11.91 B
print_info: general.name          = Gemma 4 12B It
print_info: vocab type            = BPE
print_info: n_vocab               = 262144
print_info: n_merges              = 514906
print_info: BOS token             = 2 '<bos>'
print_info: EOS token             = 1 '<eos>'
print_info: UNK token             = 3 '<unk>'
print_info: PAD token             = 0 '<pad>'
print_info: MASK token            = 4 '<mask>'
print_info: LF token              = 107 '
'
print_info: EOG token             = 1 '<eos>'
print_info: EOG token             = 50 '<|tool_response>'
print_info: EOG token             = 106 '<turn|>'
print_info: max token length      = 93
load_tensors: loading model tensors, this can take a while... (mmap = true, direct_io = false)
load_tensors: layer   0 assigned to device CUDA0, is_swa = 1
load_tensors: layer   1 assigned to device CUDA0, is_swa = 1
load_tensors: layer   2 assigned to device CUDA0, is_swa = 1
load_tensors: layer   3 assigned to device CUDA0, is_swa = 1
load_tensors: layer   4 assigned to device CUDA0, is_swa = 1
load_tensors: layer   5 assigned to device CUDA0, is_swa = 0
load_tensors: layer   6 assigned to device CUDA0, is_swa = 1
load_tensors: layer   7 assigned to device CUDA0, is_swa = 1
load_tensors: layer   8 assigned to device CUDA0, is_swa = 1
load_tensors: layer   9 assigned to device CUDA0, is_swa = 1
load_tensors: layer  10 assigned to device CUDA0, is_swa = 1
load_tensors: layer  11 assigned to device CUDA0, is_swa = 0
load_tensors: layer  12 assigned to device CUDA0, is_swa = 1
load_tensors: layer  13 assigned to device CUDA0, is_swa = 1
load_tensors: layer  14 assigned to device CUDA0, is_swa = 1
load_tensors: layer  15 assigned to device CUDA0, is_swa = 1
load_tensors: layer  16 assigned to device CUDA0, is_swa = 1
load_tensors: layer  17 assigned to device CUDA0, is_swa = 0
load_tensors: layer  18 assigned to device CUDA0, is_swa = 1
load_tensors: layer  19 assigned to device CUDA0, is_swa = 1
load_tensors: layer  20 assigned to device CUDA0, is_swa = 1
load_tensors: layer  21 assigned to device CUDA0, is_swa = 1
load_tensors: layer  22 assigned to device CUDA0, is_swa = 1
load_tensors: layer  23 assigned to device CUDA0, is_swa = 0
load_tensors: layer  24 assigned to device CUDA0, is_swa = 1
load_tensors: layer  25 assigned to device CUDA0, is_swa = 1
load_tensors: layer  26 assigned to device CUDA0, is_swa = 1
load_tensors: layer  27 assigned to device CUDA0, is_swa = 1
load_tensors: layer  28 assigned to device CUDA0, is_swa = 1
load_tensors: layer  29 assigned to device CUDA0, is_swa = 0
load_tensors: layer  30 assigned to device CUDA0, is_swa = 1
load_tensors: layer  31 assigned to device CUDA0, is_swa = 1
load_tensors: layer  32 assigned to device CUDA0, is_swa = 1
load_tensors: layer  33 assigned to device CUDA0, is_swa = 1
load_tensors: layer  34 assigned to device CUDA0, is_swa = 1
load_tensors: layer  35 assigned to device CUDA0, is_swa = 0
load_tensors: layer  36 assigned to device CUDA0, is_swa = 1
load_tensors: layer  37 assigned to device CUDA0, is_swa = 1
load_tensors: layer  38 assigned to device CUDA0, is_swa = 1
load_tensors: layer  39 assigned to device CUDA0, is_swa = 1
load_tensors: layer  40 assigned to device CUDA0, is_swa = 1
load_tensors: layer  41 assigned to device CUDA0, is_swa = 0
load_tensors: layer  42 assigned to device CUDA0, is_swa = 1
load_tensors: layer  43 assigned to device CUDA0, is_swa = 1
load_tensors: layer  44 assigned to device CUDA0, is_swa = 1
load_tensors: layer  45 assigned to device CUDA0, is_swa = 1
load_tensors: layer  46 assigned to device CUDA0, is_swa = 1
load_tensors: layer  47 assigned to device CUDA0, is_swa = 0
load_tensors: layer  48 assigned to device CUDA0, is_swa = 0
create_tensor: loading tensor token_embd.weight
create_tensor: loading tensor token_embd.weight
create_tensor: loading tensor output_norm.weight
create_tensor: loading tensor blk.0.attn_norm.weight
create_tensor: loading tensor blk.0.attn_q.weight
create_tensor: loading tensor blk.0.attn_k.weight
create_tensor: loading tensor blk.0.attn_v.weight
create_tensor: loading tensor blk.0.attn_output.weight
create_tensor: loading tensor blk.0.attn_q_norm.weight
create_tensor: loading tensor blk.0.attn_k_norm.weight
create_tensor: loading tensor blk.0.post_attention_norm.weight
create_tensor: loading tensor blk.0.layer_output_scale.weight
create_tensor: loading tensor blk.0.ffn_norm.weight
create_tensor: loading tensor blk.0.ffn_gate.weight
create_tensor: loading tensor blk.0.ffn_up.weight
create_tensor: loading tensor blk.0.ffn_down.weight
create_tensor: loading tensor blk.0.post_ffw_norm.weight
create_tensor: loading tensor blk.1.attn_norm.weight
create_tensor: loading tensor blk.1.attn_q.weight
create_tensor: loading tensor blk.1.attn_k.weight
create_tensor: loading tensor blk.1.attn_v.weight
create_tensor: loading tensor blk.1.attn_output.weight
create_tensor: loading tensor blk.1.attn_q_norm.weight
create_tensor: loading tensor blk.1.attn_k_norm.weight
create_tensor: loading tensor blk.1.post_attention_norm.weight
create_tensor: loading tensor blk.1.layer_output_scale.weight
create_tensor: loading tensor blk.1.ffn_norm.weight
create_tensor: loading tensor blk.1.ffn_gate.weight
create_tensor: loading tensor blk.1.ffn_up.weight
create_tensor: loading tensor blk.1.ffn_down.weight
create_tensor: loading tensor blk.1.post_ffw_norm.weight
create_tensor: loading tensor blk.2.attn_norm.weight
create_tensor: loading tensor blk.2.attn_q.weight
create_tensor: loading tensor blk.2.attn_k.weight
create_tensor: loading tensor blk.2.attn_v.weight
create_tensor: loading tensor blk.2.attn_output.weight
create_tensor: loading tensor blk.2.attn_q_norm.weight
create_tensor: loading tensor blk.2.attn_k_norm.weight
create_tensor: loading tensor blk.2.post_attention_norm.weight
create_tensor: loading tensor blk.2.layer_output_scale.weight
create_tensor: loading tensor blk.2.ffn_norm.weight
create_tensor: loading tensor blk.2.ffn_gate.weight
create_tensor: loading tensor blk.2.ffn_up.weight
create_tensor: loading tensor blk.2.ffn_down.weight
create_tensor: loading tensor blk.2.post_ffw_norm.weight
create_tensor: loading tensor blk.3.attn_norm.weight
create_tensor: loading tensor blk.3.attn_q.weight
create_tensor: loading tensor blk.3.attn_k.weight
create_tensor: loading tensor blk.3.attn_v.weight
create_tensor: loading tensor blk.3.attn_output.weight
create_tensor: loading tensor blk.3.attn_q_norm.weight
create_tensor: loading tensor blk.3.attn_k_norm.weight
create_tensor: loading tensor blk.3.post_attention_norm.weight
create_tensor: loading tensor blk.3.layer_output_scale.weight
create_tensor: loading tensor blk.3.ffn_norm.weight
create_tensor: loading tensor blk.3.ffn_gate.weight
create_tensor: loading tensor blk.3.ffn_up.weight
create_tensor: loading tensor blk.3.ffn_down.weight
create_tensor: loading tensor blk.3.post_ffw_norm.weight
create_tensor: loading tensor blk.4.attn_norm.weight
create_tensor: loading tensor blk.4.attn_q.weight
create_tensor: loading tensor blk.4.attn_k.weight
create_tensor: loading tensor blk.4.attn_v.weight
create_tensor: loading tensor blk.4.attn_output.weight
create_tensor: loading tensor blk.4.attn_q_norm.weight
create_tensor: loading tensor blk.4.attn_k_norm.weight
create_tensor: loading tensor blk.4.post_attention_norm.weight
create_tensor: loading tensor blk.4.layer_output_scale.weight
create_tensor: loading tensor blk.4.ffn_norm.weight
create_tensor: loading tensor blk.4.ffn_gate.weight
create_tensor: loading tensor blk.4.ffn_up.weight
create_tensor: loading tensor blk.4.ffn_down.weight
create_tensor: loading tensor blk.4.post_ffw_norm.weight
create_tensor: loading tensor blk.5.attn_norm.weight
create_tensor: loading tensor blk.5.attn_q.weight
create_tensor: loading tensor blk.5.attn_k.weight
create_tensor: loading tensor blk.5.attn_output.weight
create_tensor: loading tensor blk.5.attn_q_norm.weight
create_tensor: loading tensor blk.5.attn_k_norm.weight
create_tensor: loading tensor blk.5.post_attention_norm.weight
create_tensor: loading tensor blk.5.layer_output_scale.weight
create_tensor: loading tensor rope_freqs.weight
create_tensor: loading tensor blk.5.ffn_norm.weight
create_tensor: loading tensor blk.5.ffn_gate.weight
create_tensor: loading tensor blk.5.ffn_up.weight
create_tensor: loading tensor blk.5.ffn_down.weight
create_tensor: loading tensor blk.5.post_ffw_norm.weight
create_tensor: loading tensor blk.6.attn_norm.weight
create_tensor: loading tensor blk.6.attn_q.weight
create_tensor: loading tensor blk.6.attn_k.weight
create_tensor: loading tensor blk.6.attn_v.weight
create_tensor: loading tensor blk.6.attn_output.weight
create_tensor: loading tensor blk.6.attn_q_norm.weight
create_tensor: loading tensor blk.6.attn_k_norm.weight
create_tensor: loading tensor blk.6.post_attention_norm.weight
create_tensor: loading tensor blk.6.layer_output_scale.weight
create_tensor: loading tensor blk.6.ffn_norm.weight
create_tensor: loading tensor blk.6.ffn_gate.weight
create_tensor: loading tensor blk.6.ffn_up.weight
create_tensor: loading tensor blk.6.ffn_down.weight
create_tensor: loading tensor blk.6.post_ffw_norm.weight
create_tensor: loading tensor blk.7.attn_norm.weight
create_tensor: loading tensor blk.7.attn_q.weight
create_tensor: loading tensor blk.7.attn_k.weight
create_tensor: loading tensor blk.7.attn_v.weight
create_tensor: loading tensor blk.7.attn_output.weight
create_tensor: loading tensor blk.7.attn_q_norm.weight
create_tensor: loading tensor blk.7.attn_k_norm.weight
create_tensor: loading tensor blk.7.post_attention_norm.weight
create_tensor: loading tensor blk.7.layer_output_scale.weight
create_tensor: loading tensor blk.7.ffn_norm.weight
create_tensor: loading tensor blk.7.ffn_gate.weight
create_tensor: loading tensor blk.7.ffn_up.weight
create_tensor: loading tensor blk.7.ffn_down.weight
create_tensor: loading tensor blk.7.post_ffw_norm.weight
create_tensor: loading tensor blk.8.attn_norm.weight
create_tensor: loading tensor blk.8.attn_q.weight
create_tensor: loading tensor blk.8.attn_k.weight
create_tensor: loading tensor blk.8.attn_v.weight
create_tensor: loading tensor blk.8.attn_output.weight
create_tensor: loading tensor blk.8.attn_q_norm.weight
create_tensor: loading tensor blk.8.attn_k_norm.weight
create_tensor: loading tensor blk.8.post_attention_norm.weight
create_tensor: loading tensor blk.8.layer_output_scale.weight
create_tensor: loading tensor blk.8.ffn_norm.weight
create_tensor: loading tensor blk.8.ffn_gate.weight
create_tensor: loading tensor blk.8.ffn_up.weight
create_tensor: loading tensor blk.8.ffn_down.weight
create_tensor: loading tensor blk.8.post_ffw_norm.weight
create_tensor: loading tensor blk.9.attn_norm.weight
create_tensor: loading tensor blk.9.attn_q.weight
create_tensor: loading tensor blk.9.attn_k.weight
create_tensor: loading tensor blk.9.attn_v.weight
create_tensor: loading tensor blk.9.attn_output.weight
create_tensor: loading tensor blk.9.attn_q_norm.weight
create_tensor: loading tensor blk.9.attn_k_norm.weight
create_tensor: loading tensor blk.9.post_attention_norm.weight
create_tensor: loading tensor blk.9.layer_output_scale.weight
create_tensor: loading tensor blk.9.ffn_norm.weight
create_tensor: loading tensor blk.9.ffn_gate.weight
create_tensor: loading tensor blk.9.ffn_up.weight
create_tensor: loading tensor blk.9.ffn_down.weight
create_tensor: loading tensor blk.9.post_ffw_norm.weight
create_tensor: loading tensor blk.10.attn_norm.weight
create_tensor: loading tensor blk.10.attn_q.weight
create_tensor: loading tensor blk.10.attn_k.weight
create_tensor: loading tensor blk.10.attn_v.weight
create_tensor: loading tensor blk.10.attn_output.weight
create_tensor: loading tensor blk.10.attn_q_norm.weight
create_tensor: loading tensor blk.10.attn_k_norm.weight
create_tensor: loading tensor blk.10.post_attention_norm.weight
create_tensor: loading tensor blk.10.layer_output_scale.weight
create_tensor: loading tensor blk.10.ffn_norm.weight
create_tensor: loading tensor blk.10.ffn_gate.weight
create_tensor: loading tensor blk.10.ffn_up.weight
create_tensor: loading tensor blk.10.ffn_down.weight
create_tensor: loading tensor blk.10.post_ffw_norm.weight
create_tensor: loading tensor blk.11.attn_norm.weight
create_tensor: loading tensor blk.11.attn_q.weight
create_tensor: loading tensor blk.11.attn_k.weight
create_tensor: loading tensor blk.11.attn_output.weight
create_tensor: loading tensor blk.11.attn_q_norm.weight
create_tensor: loading tensor blk.11.attn_k_norm.weight
create_tensor: loading tensor blk.11.post_attention_norm.weight
create_tensor: loading tensor blk.11.layer_output_scale.weight
create_tensor: loading tensor blk.11.ffn_norm.weight
create_tensor: loading tensor blk.11.ffn_gate.weight
create_tensor: loading tensor blk.11.ffn_up.weight
create_tensor: loading tensor blk.11.ffn_down.weight
create_tensor: loading tensor blk.11.post_ffw_norm.weight
create_tensor: loading tensor blk.12.attn_norm.weight
create_tensor: loading tensor blk.12.attn_q.weight
create_tensor: loading tensor blk.12.attn_k.weight
create_tensor: loading tensor blk.12.attn_v.weight
create_tensor: loading tensor blk.12.attn_output.weight
create_tensor: loading tensor blk.12.attn_q_norm.weight
create_tensor: loading tensor blk.12.attn_k_norm.weight
create_tensor: loading tensor blk.12.post_attention_norm.weight
create_tensor: loading tensor blk.12.layer_output_scale.weight
create_tensor: loading tensor blk.12.ffn_norm.weight
create_tensor: loading tensor blk.12.ffn_gate.weight
create_tensor: loading tensor blk.12.ffn_up.weight
create_tensor: loading tensor blk.12.ffn_down.weight
create_tensor: loading tensor blk.12.post_ffw_norm.weight
create_tensor: loading tensor blk.13.attn_norm.weight
create_tensor: loading tensor blk.13.attn_q.weight
create_tensor: loading tensor blk.13.attn_k.weight
create_tensor: loading tensor blk.13.attn_v.weight
create_tensor: loading tensor blk.13.attn_output.weight
create_tensor: loading tensor blk.13.attn_q_norm.weight
create_tensor: loading tensor blk.13.attn_k_norm.weight
create_tensor: loading tensor blk.13.post_attention_norm.weight
create_tensor: loading tensor blk.13.layer_output_scale.weight
create_tensor: loading tensor blk.13.ffn_norm.weight
create_tensor: loading tensor blk.13.ffn_gate.weight
create_tensor: loading tensor blk.13.ffn_up.weight
create_tensor: loading tensor blk.13.ffn_down.weight
create_tensor: loading tensor blk.13.post_ffw_norm.weight
create_tensor: loading tensor blk.14.attn_norm.weight
create_tensor: loading tensor blk.14.attn_q.weight
create_tensor: loading tensor blk.14.attn_k.weight
create_tensor: loading tensor blk.14.attn_v.weight
create_tensor: loading tensor blk.14.attn_output.weight
create_tensor: loading tensor blk.14.attn_q_norm.weight
create_tensor: loading tensor blk.14.attn_k_norm.weight
create_tensor: loading tensor blk.14.post_attention_norm.weight
create_tensor: loading tensor blk.14.layer_output_scale.weight
create_tensor: loading tensor blk.14.ffn_norm.weight
create_tensor: loading tensor blk.14.ffn_gate.weight
create_tensor: loading tensor blk.14.ffn_up.weight
create_tensor: loading tensor blk.14.ffn_down.weight
create_tensor: loading tensor blk.14.post_ffw_norm.weight
create_tensor: loading tensor blk.15.attn_norm.weight
create_tensor: loading tensor blk.15.attn_q.weight
create_tensor: loading tensor blk.15.attn_k.weight
create_tensor: loading tensor blk.15.attn_v.weight
create_tensor: loading tensor blk.15.attn_output.weight
create_tensor: loading tensor blk.15.attn_q_norm.weight
create_tensor: loading tensor blk.15.attn_k_norm.weight
create_tensor: loading tensor blk.15.post_attention_norm.weight
create_tensor: loading tensor blk.15.layer_output_scale.weight
create_tensor: loading tensor blk.15.ffn_norm.weight
create_tensor: loading tensor blk.15.ffn_gate.weight
create_tensor: loading tensor blk.15.ffn_up.weight
create_tensor: loading tensor blk.15.ffn_down.weight
create_tensor: loading tensor blk.15.post_ffw_norm.weight
create_tensor: loading tensor blk.16.attn_norm.weight
create_tensor: loading tensor blk.16.attn_q.weight
create_tensor: loading tensor blk.16.attn_k.weight
create_tensor: loading tensor blk.16.attn_v.weight
create_tensor: loading tensor blk.16.attn_output.weight
create_tensor: loading tensor blk.16.attn_q_norm.weight
create_tensor: loading tensor blk.16.attn_k_norm.weight
create_tensor: loading tensor blk.16.post_attention_norm.weight
create_tensor: loading tensor blk.16.layer_output_scale.weight
create_tensor: loading tensor blk.16.ffn_norm.weight
create_tensor: loading tensor blk.16.ffn_gate.weight
create_tensor: loading tensor blk.16.ffn_up.weight
create_tensor: loading tensor blk.16.ffn_down.weight
create_tensor: loading tensor blk.16.post_ffw_norm.weight
create_tensor: loading tensor blk.17.attn_norm.weight
create_tensor: loading tensor blk.17.attn_q.weight
create_tensor: loading tensor blk.17.attn_k.weight
create_tensor: loading tensor blk.17.attn_output.weight
create_tensor: loading tensor blk.17.attn_q_norm.weight
create_tensor: loading tensor blk.17.attn_k_norm.weight
create_tensor: loading tensor blk.17.post_attention_norm.weight
create_tensor: loading tensor blk.17.layer_output_scale.weight
create_tensor: loading tensor blk.17.ffn_norm.weight
create_tensor: loading tensor blk.17.ffn_gate.weight
create_tensor: loading tensor blk.17.ffn_up.weight
create_tensor: loading tensor blk.17.ffn_down.weight
create_tensor: loading tensor blk.17.post_ffw_norm.weight
create_tensor: loading tensor blk.18.attn_norm.weight
create_tensor: loading tensor blk.18.attn_q.weight
create_tensor: loading tensor blk.18.attn_k.weight
create_tensor: loading tensor blk.18.attn_v.weight
create_tensor: loading tensor blk.18.attn_output.weight
create_tensor: loading tensor blk.18.attn_q_norm.weight
create_tensor: loading tensor blk.18.attn_k_norm.weight
create_tensor: loading tensor blk.18.post_attention_norm.weight
create_tensor: loading tensor blk.18.layer_output_scale.weight
create_tensor: loading tensor blk.18.ffn_norm.weight
create_tensor: loading tensor blk.18.ffn_gate.weight
create_tensor: loading tensor blk.18.ffn_up.weight
create_tensor: loading tensor blk.18.ffn_down.weight
create_tensor: loading tensor blk.18.post_ffw_norm.weight
create_tensor: loading tensor blk.19.attn_norm.weight
create_tensor: loading tensor blk.19.attn_q.weight
create_tensor: loading tensor blk.19.attn_k.weight
create_tensor: loading tensor blk.19.attn_v.weight
create_tensor: loading tensor blk.19.attn_output.weight
create_tensor: loading tensor blk.19.attn_q_norm.weight
create_tensor: loading tensor blk.19.attn_k_norm.weight
create_tensor: loading tensor blk.19.post_attention_norm.weight
create_tensor: loading tensor blk.19.layer_output_scale.weight
create_tensor: loading tensor blk.19.ffn_norm.weight
create_tensor: loading tensor blk.19.ffn_gate.weight
create_tensor: loading tensor blk.19.ffn_up.weight
create_tensor: loading tensor blk.19.ffn_down.weight
create_tensor: loading tensor blk.19.post_ffw_norm.weight
create_tensor: loading tensor blk.20.attn_norm.weight
create_tensor: loading tensor blk.20.attn_q.weight
create_tensor: loading tensor blk.20.attn_k.weight
create_tensor: loading tensor blk.20.attn_v.weight
create_tensor: loading tensor blk.20.attn_output.weight
create_tensor: loading tensor blk.20.attn_q_norm.weight
create_tensor: loading tensor blk.20.attn_k_norm.weight
create_tensor: loading tensor blk.20.post_attention_norm.weight
create_tensor: loading tensor blk.20.layer_output_scale.weight
create_tensor: loading tensor blk.20.ffn_norm.weight
create_tensor: loading tensor blk.20.ffn_gate.weight
create_tensor: loading tensor blk.20.ffn_up.weight
create_tensor: loading tensor blk.20.ffn_down.weight
create_tensor: loading tensor blk.20.post_ffw_norm.weight
create_tensor: loading tensor blk.21.attn_norm.weight
create_tensor: loading tensor blk.21.attn_q.weight
create_tensor: loading tensor blk.21.attn_k.weight
create_tensor: loading tensor blk.21.attn_v.weight
create_tensor: loading tensor blk.21.attn_output.weight
create_tensor: loading tensor blk.21.attn_q_norm.weight
create_tensor: loading tensor blk.21.attn_k_norm.weight
create_tensor: loading tensor blk.21.post_attention_norm.weight
create_tensor: loading tensor blk.21.layer_output_scale.weight
create_tensor: loading tensor blk.21.ffn_norm.weight
create_tensor: loading tensor blk.21.ffn_gate.weight
create_tensor: loading tensor blk.21.ffn_up.weight
create_tensor: loading tensor blk.21.ffn_down.weight
create_tensor: loading tensor blk.21.post_ffw_norm.weight
create_tensor: loading tensor blk.22.attn_norm.weight
create_tensor: loading tensor blk.22.attn_q.weight
create_tensor: loading tensor blk.22.attn_k.weight
create_tensor: loading tensor blk.22.attn_v.weight
create_tensor: loading tensor blk.22.attn_output.weight
create_tensor: loading tensor blk.22.attn_q_norm.weight
create_tensor: loading tensor blk.22.attn_k_norm.weight
create_tensor: loading tensor blk.22.post_attention_norm.weight
create_tensor: loading tensor blk.22.layer_output_scale.weight
create_tensor: loading tensor blk.22.ffn_norm.weight
create_tensor: loading tensor blk.22.ffn_gate.weight
create_tensor: loading tensor blk.22.ffn_up.weight
create_tensor: loading tensor blk.22.ffn_down.weight
create_tensor: loading tensor blk.22.post_ffw_norm.weight
create_tensor: loading tensor blk.23.attn_norm.weight
create_tensor: loading tensor blk.23.attn_q.weight
create_tensor: loading tensor blk.23.attn_k.weight
create_tensor: loading tensor blk.23.attn_output.weight
create_tensor: loading tensor blk.23.attn_q_norm.weight
create_tensor: loading tensor blk.23.attn_k_norm.weight
create_tensor: loading tensor blk.23.post_attention_norm.weight
create_tensor: loading tensor blk.23.layer_output_scale.weight
create_tensor: loading tensor blk.23.ffn_norm.weight
create_tensor: loading tensor blk.23.ffn_gate.weight
create_tensor: loading tensor blk.23.ffn_up.weight
create_tensor: loading tensor blk.23.ffn_down.weight
create_tensor: loading tensor blk.23.post_ffw_norm.weight
create_tensor: loading tensor blk.24.attn_norm.weight
create_tensor: loading tensor blk.24.attn_q.weight
create_tensor: loading tensor blk.24.attn_k.weight
create_tensor: loading tensor blk.24.attn_v.weight
create_tensor: loading tensor blk.24.attn_output.weight
create_tensor: loading tensor blk.24.attn_q_norm.weight
create_tensor: loading tensor blk.24.attn_k_norm.weight
create_tensor: loading tensor blk.24.post_attention_norm.weight
create_tensor: loading tensor blk.24.layer_output_scale.weight
create_tensor: loading tensor blk.24.ffn_norm.weight
create_tensor: loading tensor blk.24.ffn_gate.weight
create_tensor: loading tensor blk.24.ffn_up.weight
create_tensor: loading tensor blk.24.ffn_down.weight
create_tensor: loading tensor blk.24.post_ffw_norm.weight
create_tensor: loading tensor blk.25.attn_norm.weight
create_tensor: loading tensor blk.25.attn_q.weight
create_tensor: loading tensor blk.25.attn_k.weight
create_tensor: loading tensor blk.25.attn_v.weight
create_tensor: loading tensor blk.25.attn_output.weight
create_tensor: loading tensor blk.25.attn_q_norm.weight
create_tensor: loading tensor blk.25.attn_k_norm.weight
create_tensor: loading tensor blk.25.post_attention_norm.weight
create_tensor: loading tensor blk.25.layer_output_scale.weight
create_tensor: loading tensor blk.25.ffn_norm.weight
create_tensor: loading tensor blk.25.ffn_gate.weight
create_tensor: loading tensor blk.25.ffn_up.weight
create_tensor: loading tensor blk.25.ffn_down.weight
create_tensor: loading tensor blk.25.post_ffw_norm.weight
create_tensor: loading tensor blk.26.attn_norm.weight
create_tensor: loading tensor blk.26.attn_q.weight
create_tensor: loading tensor blk.26.attn_k.weight
create_tensor: loading tensor blk.26.attn_v.weight
create_tensor: loading tensor blk.26.attn_output.weight
create_tensor: loading tensor blk.26.attn_q_norm.weight
create_tensor: loading tensor blk.26.attn_k_norm.weight
create_tensor: loading tensor blk.26.post_attention_norm.weight
create_tensor: loading tensor blk.26.layer_output_scale.weight
create_tensor: loading tensor blk.26.ffn_norm.weight
create_tensor: loading tensor blk.26.ffn_gate.weight
create_tensor: loading tensor blk.26.ffn_up.weight
create_tensor: loading tensor blk.26.ffn_down.weight
create_tensor: loading tensor blk.26.post_ffw_norm.weight
create_tensor: loading tensor blk.27.attn_norm.weight
create_tensor: loading tensor blk.27.attn_q.weight
create_tensor: loading tensor blk.27.attn_k.weight
create_tensor: loading tensor blk.27.attn_v.weight
create_tensor: loading tensor blk.27.attn_output.weight
create_tensor: loading tensor blk.27.attn_q_norm.weight
create_tensor: loading tensor blk.27.attn_k_norm.weight
create_tensor: loading tensor blk.27.post_attention_norm.weight
create_tensor: loading tensor blk.27.layer_output_scale.weight
create_tensor: loading tensor blk.27.ffn_norm.weight
create_tensor: loading tensor blk.27.ffn_gate.weight
create_tensor: loading tensor blk.27.ffn_up.weight
create_tensor: loading tensor blk.27.ffn_down.weight
create_tensor: loading tensor blk.27.post_ffw_norm.weight
create_tensor: loading tensor blk.28.attn_norm.weight
create_tensor: loading tensor blk.28.attn_q.weight
create_tensor: loading tensor blk.28.attn_k.weight
create_tensor: loading tensor blk.28.attn_v.weight
create_tensor: loading tensor blk.28.attn_output.weight
create_tensor: loading tensor blk.28.attn_q_norm.weight
create_tensor: loading tensor blk.28.attn_k_norm.weight
create_tensor: loading tensor blk.28.post_attention_norm.weight
create_tensor: loading tensor blk.28.layer_output_scale.weight
create_tensor: loading tensor blk.28.ffn_norm.weight
create_tensor: loading tensor blk.28.ffn_gate.weight
create_tensor: loading tensor blk.28.ffn_up.weight
create_tensor: loading tensor blk.28.ffn_down.weight
create_tensor: loading tensor blk.28.post_ffw_norm.weight
create_tensor: loading tensor blk.29.attn_norm.weight
create_tensor: loading tensor blk.29.attn_q.weight
create_tensor: loading tensor blk.29.attn_k.weight
create_tensor: loading tensor blk.29.attn_output.weight
create_tensor: loading tensor blk.29.attn_q_norm.weight
create_tensor: loading tensor blk.29.attn_k_norm.weight
create_tensor: loading tensor blk.29.post_attention_norm.weight
create_tensor: loading tensor blk.29.layer_output_scale.weight
create_tensor: loading tensor blk.29.ffn_norm.weight
create_tensor: loading tensor blk.29.ffn_gate.weight
create_tensor: loading tensor blk.29.ffn_up.weight
create_tensor: loading tensor blk.29.ffn_down.weight
create_tensor: loading tensor blk.29.post_ffw_norm.weight
create_tensor: loading tensor blk.30.attn_norm.weight
create_tensor: loading tensor blk.30.attn_q.weight
create_tensor: loading tensor blk.30.attn_k.weight
create_tensor: loading tensor blk.30.attn_v.weight
create_tensor: loading tensor blk.30.attn_output.weight
create_tensor: loading tensor blk.30.attn_q_norm.weight
create_tensor: loading tensor blk.30.attn_k_norm.weight
create_tensor: loading tensor blk.30.post_attention_norm.weight
create_tensor: loading tensor blk.30.layer_output_scale.weight
create_tensor: loading tensor blk.30.ffn_norm.weight
create_tensor: loading tensor blk.30.ffn_gate.weight
create_tensor: loading tensor blk.30.ffn_up.weight
create_tensor: loading tensor blk.30.ffn_down.weight
create_tensor: loading tensor blk.30.post_ffw_norm.weight
create_tensor: loading tensor blk.31.attn_norm.weight
create_tensor: loading tensor blk.31.attn_q.weight
create_tensor: loading tensor blk.31.attn_k.weight
create_tensor: loading tensor blk.31.attn_v.weight
create_tensor: loading tensor blk.31.attn_output.weight
create_tensor: loading tensor blk.31.attn_q_norm.weight
create_tensor: loading tensor blk.31.attn_k_norm.weight
create_tensor: loading tensor blk.31.post_attention_norm.weight
create_tensor: loading tensor blk.31.layer_output_scale.weight
create_tensor: loading tensor blk.31.ffn_norm.weight
create_tensor: loading tensor blk.31.ffn_gate.weight
create_tensor: loading tensor blk.31.ffn_up.weight
create_tensor: loading tensor blk.31.ffn_down.weight
create_tensor: loading tensor blk.31.post_ffw_norm.weight
create_tensor: loading tensor blk.32.attn_norm.weight
create_tensor: loading tensor blk.32.attn_q.weight
create_tensor: loading tensor blk.32.attn_k.weight
create_tensor: loading tensor blk.32.attn_v.weight
create_tensor: loading tensor blk.32.attn_output.weight
create_tensor: loading tensor blk.32.attn_q_norm.weight
create_tensor: loading tensor blk.32.attn_k_norm.weight
create_tensor: loading tensor blk.32.post_attention_norm.weight
create_tensor: loading tensor blk.32.layer_output_scale.weight
create_tensor: loading tensor blk.32.ffn_norm.weight
create_tensor: loading tensor blk.32.ffn_gate.weight
create_tensor: loading tensor blk.32.ffn_up.weight
create_tensor: loading tensor blk.32.ffn_down.weight
create_tensor: loading tensor blk.32.post_ffw_norm.weight
create_tensor: loading tensor blk.33.attn_norm.weight
create_tensor: loading tensor blk.33.attn_q.weight
create_tensor: loading tensor blk.33.attn_k.weight
create_tensor: loading tensor blk.33.attn_v.weight
create_tensor: loading tensor blk.33.attn_output.weight
create_tensor: loading tensor blk.33.attn_q_norm.weight
create_tensor: loading tensor blk.33.attn_k_norm.weight
create_tensor: loading tensor blk.33.post_attention_norm.weight
create_tensor: loading tensor blk.33.layer_output_scale.weight
create_tensor: loading tensor blk.33.ffn_norm.weight
create_tensor: loading tensor blk.33.ffn_gate.weight
create_tensor: loading tensor blk.33.ffn_up.weight
create_tensor: loading tensor blk.33.ffn_down.weight
create_tensor: loading tensor blk.33.post_ffw_norm.weight
create_tensor: loading tensor blk.34.attn_norm.weight
create_tensor: loading tensor blk.34.attn_q.weight
create_tensor: loading tensor blk.34.attn_k.weight
create_tensor: loading tensor blk.34.attn_v.weight
create_tensor: loading tensor blk.34.attn_output.weight
create_tensor: loading tensor blk.34.attn_q_norm.weight
create_tensor: loading tensor blk.34.attn_k_norm.weight
create_tensor: loading tensor blk.34.post_attention_norm.weight
create_tensor: loading tensor blk.34.layer_output_scale.weight
create_tensor: loading tensor blk.34.ffn_norm.weight
create_tensor: loading tensor blk.34.ffn_gate.weight
create_tensor: loading tensor blk.34.ffn_up.weight
create_tensor: loading tensor blk.34.ffn_down.weight
create_tensor: loading tensor blk.34.post_ffw_norm.weight
create_tensor: loading tensor blk.35.attn_norm.weight
create_tensor: loading tensor blk.35.attn_q.weight
create_tensor: loading tensor blk.35.attn_k.weight
create_tensor: loading tensor blk.35.attn_output.weight
create_tensor: loading tensor blk.35.attn_q_norm.weight
create_tensor: loading tensor blk.35.attn_k_norm.weight
create_tensor: loading tensor blk.35.post_attention_norm.weight
create_tensor: loading tensor blk.35.layer_output_scale.weight
create_tensor: loading tensor blk.35.ffn_norm.weight
create_tensor: loading tensor blk.35.ffn_gate.weight
create_tensor: loading tensor blk.35.ffn_up.weight
create_tensor: loading tensor blk.35.ffn_down.weight
create_tensor: loading tensor blk.35.post_ffw_norm.weight
create_tensor: loading tensor blk.36.attn_norm.weight
create_tensor: loading tensor blk.36.attn_q.weight
create_tensor: loading tensor blk.36.attn_k.weight
create_tensor: loading tensor blk.36.attn_v.weight
create_tensor: loading tensor blk.36.attn_output.weight
create_tensor: loading tensor blk.36.attn_q_norm.weight
create_tensor: loading tensor blk.36.attn_k_norm.weight
create_tensor: loading tensor blk.36.post_attention_norm.weight
create_tensor: loading tensor blk.36.layer_output_scale.weight
create_tensor: loading tensor blk.36.ffn_norm.weight
create_tensor: loading tensor blk.36.ffn_gate.weight
create_tensor: loading tensor blk.36.ffn_up.weight
create_tensor: loading tensor blk.36.ffn_down.weight
create_tensor: loading tensor blk.36.post_ffw_norm.weight
create_tensor: loading tensor blk.37.attn_norm.weight
create_tensor: loading tensor blk.37.attn_q.weight
create_tensor: loading tensor blk.37.attn_k.weight
create_tensor: loading tensor blk.37.attn_v.weight
create_tensor: loading tensor blk.37.attn_output.weight
create_tensor: loading tensor blk.37.attn_q_norm.weight
create_tensor: loading tensor blk.37.attn_k_norm.weight
create_tensor: loading tensor blk.37.post_attention_norm.weight
create_tensor: loading tensor blk.37.layer_output_scale.weight
create_tensor: loading tensor blk.37.ffn_norm.weight
create_tensor: loading tensor blk.37.ffn_gate.weight
create_tensor: loading tensor blk.37.ffn_up.weight
create_tensor: loading tensor blk.37.ffn_down.weight
create_tensor: loading tensor blk.37.post_ffw_norm.weight
create_tensor: loading tensor blk.38.attn_norm.weight
create_tensor: loading tensor blk.38.attn_q.weight
create_tensor: loading tensor blk.38.attn_k.weight
create_tensor: loading tensor blk.38.attn_v.weight
create_tensor: loading tensor blk.38.attn_output.weight
create_tensor: loading tensor blk.38.attn_q_norm.weight
create_tensor: loading tensor blk.38.attn_k_norm.weight
create_tensor: loading tensor blk.38.post_attention_norm.weight
create_tensor: loading tensor blk.38.layer_output_scale.weight
create_tensor: loading tensor blk.38.ffn_norm.weight
create_tensor: loading tensor blk.38.ffn_gate.weight
create_tensor: loading tensor blk.38.ffn_up.weight
create_tensor: loading tensor blk.38.ffn_down.weight
create_tensor: loading tensor blk.38.post_ffw_norm.weight
create_tensor: loading tensor blk.39.attn_norm.weight
create_tensor: loading tensor blk.39.attn_q.weight
create_tensor: loading tensor blk.39.attn_k.weight
create_tensor: loading tensor blk.39.attn_v.weight
create_tensor: loading tensor blk.39.attn_output.weight
create_tensor: loading tensor blk.39.attn_q_norm.weight
create_tensor: loading tensor blk.39.attn_k_norm.weight
create_tensor: loading tensor blk.39.post_attention_norm.weight
create_tensor: loading tensor blk.39.layer_output_scale.weight
create_tensor: loading tensor blk.39.ffn_norm.weight
create_tensor: loading tensor blk.39.ffn_gate.weight
create_tensor: loading tensor blk.39.ffn_up.weight
create_tensor: loading tensor blk.39.ffn_down.weight
create_tensor: loading tensor blk.39.post_ffw_norm.weight
create_tensor: loading tensor blk.40.attn_norm.weight
create_tensor: loading tensor blk.40.attn_q.weight
create_tensor: loading tensor blk.40.attn_k.weight
create_tensor: loading tensor blk.40.attn_v.weight
create_tensor: loading tensor blk.40.attn_output.weight
create_tensor: loading tensor blk.40.attn_q_norm.weight
create_tensor: loading tensor blk.40.attn_k_norm.weight
create_tensor: loading tensor blk.40.post_attention_norm.weight
create_tensor: loading tensor blk.40.layer_output_scale.weight
create_tensor: loading tensor blk.40.ffn_norm.weight
create_tensor: loading tensor blk.40.ffn_gate.weight
create_tensor: loading tensor blk.40.ffn_up.weight
create_tensor: loading tensor blk.40.ffn_down.weight
create_tensor: loading tensor blk.40.post_ffw_norm.weight
create_tensor: loading tensor blk.41.attn_norm.weight
create_tensor: loading tensor blk.41.attn_q.weight
create_tensor: loading tensor blk.41.attn_k.weight
create_tensor: loading tensor blk.41.attn_output.weight
create_tensor: loading tensor blk.41.attn_q_norm.weight
create_tensor: loading tensor blk.41.attn_k_norm.weight
create_tensor: loading tensor blk.41.post_attention_norm.weight
create_tensor: loading tensor blk.41.layer_output_scale.weight
create_tensor: loading tensor blk.41.ffn_norm.weight
create_tensor: loading tensor blk.41.ffn_gate.weight
create_tensor: loading tensor blk.41.ffn_up.weight
create_tensor: loading tensor blk.41.ffn_down.weight
create_tensor: loading tensor blk.41.post_ffw_norm.weight
create_tensor: loading tensor blk.42.attn_norm.weight
create_tensor: loading tensor blk.42.attn_q.weight
create_tensor: loading tensor blk.42.attn_k.weight
create_tensor: loading tensor blk.42.attn_v.weight
create_tensor: loading tensor blk.42.attn_output.weight
create_tensor: loading tensor blk.42.attn_q_norm.weight
create_tensor: loading tensor blk.42.attn_k_norm.weight
create_tensor: loading tensor blk.42.post_attention_norm.weight
create_tensor: loading tensor blk.42.layer_output_scale.weight
create_tensor: loading tensor blk.42.ffn_norm.weight
create_tensor: loading tensor blk.42.ffn_gate.weight
create_tensor: loading tensor blk.42.ffn_up.weight
create_tensor: loading tensor blk.42.ffn_down.weight
create_tensor: loading tensor blk.42.post_ffw_norm.weight
create_tensor: loading tensor blk.43.attn_norm.weight
create_tensor: loading tensor blk.43.attn_q.weight
create_tensor: loading tensor blk.43.attn_k.weight
create_tensor: loading tensor blk.43.attn_v.weight
create_tensor: loading tensor blk.43.attn_output.weight
create_tensor: loading tensor blk.43.attn_q_norm.weight
create_tensor: loading tensor blk.43.attn_k_norm.weight
create_tensor: loading tensor blk.43.post_attention_norm.weight
create_tensor: loading tensor blk.43.layer_output_scale.weight
create_tensor: loading tensor blk.43.ffn_norm.weight
create_tensor: loading tensor blk.43.ffn_gate.weight
create_tensor: loading tensor blk.43.ffn_up.weight
create_tensor: loading tensor blk.43.ffn_down.weight
create_tensor: loading tensor blk.43.post_ffw_norm.weight
create_tensor: loading tensor blk.44.attn_norm.weight
create_tensor: loading tensor blk.44.attn_q.weight
create_tensor: loading tensor blk.44.attn_k.weight
create_tensor: loading tensor blk.44.attn_v.weight
create_tensor: loading tensor blk.44.attn_output.weight
create_tensor: loading tensor blk.44.attn_q_norm.weight
create_tensor: loading tensor blk.44.attn_k_norm.weight
create_tensor: loading tensor blk.44.post_attention_norm.weight
create_tensor: loading tensor blk.44.layer_output_scale.weight
create_tensor: loading tensor blk.44.ffn_norm.weight
create_tensor: loading tensor blk.44.ffn_gate.weight
create_tensor: loading tensor blk.44.ffn_up.weight
create_tensor: loading tensor blk.44.ffn_down.weight
create_tensor: loading tensor blk.44.post_ffw_norm.weight
create_tensor: loading tensor blk.45.attn_norm.weight
create_tensor: loading tensor blk.45.attn_q.weight
create_tensor: loading tensor blk.45.attn_k.weight
create_tensor: loading tensor blk.45.attn_v.weight
create_tensor: loading tensor blk.45.attn_output.weight
create_tensor: loading tensor blk.45.attn_q_norm.weight
create_tensor: loading tensor blk.45.attn_k_norm.weight
create_tensor: loading tensor blk.45.post_attention_norm.weight
create_tensor: loading tensor blk.45.layer_output_scale.weight
create_tensor: loading tensor blk.45.ffn_norm.weight
create_tensor: loading tensor blk.45.ffn_gate.weight
create_tensor: loading tensor blk.45.ffn_up.weight
create_tensor: loading tensor blk.45.ffn_down.weight
create_tensor: loading tensor blk.45.post_ffw_norm.weight
create_tensor: loading tensor blk.46.attn_norm.weight
create_tensor: loading tensor blk.46.attn_q.weight
create_tensor: loading tensor blk.46.attn_k.weight
create_tensor: loading tensor blk.46.attn_v.weight
create_tensor: loading tensor blk.46.attn_output.weight
create_tensor: loading tensor blk.46.attn_q_norm.weight
create_tensor: loading tensor blk.46.attn_k_norm.weight
create_tensor: loading tensor blk.46.post_attention_norm.weight
create_tensor: loading tensor blk.46.layer_output_scale.weight
create_tensor: loading tensor blk.46.ffn_norm.weight
create_tensor: loading tensor blk.46.ffn_gate.weight
create_tensor: loading tensor blk.46.ffn_up.weight
create_tensor: loading tensor blk.46.ffn_down.weight
create_tensor: loading tensor blk.46.post_ffw_norm.weight
create_tensor: loading tensor blk.47.attn_norm.weight
create_tensor: loading tensor blk.47.attn_q.weight
create_tensor: loading tensor blk.47.attn_k.weight
create_tensor: loading tensor blk.47.attn_output.weight
create_tensor: loading tensor blk.47.attn_q_norm.weight
create_tensor: loading tensor blk.47.attn_k_norm.weight
create_tensor: loading tensor blk.47.post_attention_norm.weight
create_tensor: loading tensor blk.47.layer_output_scale.weight
create_tensor: loading tensor blk.47.ffn_norm.weight
create_tensor: loading tensor blk.47.ffn_gate.weight
create_tensor: loading tensor blk.47.ffn_up.weight
create_tensor: loading tensor blk.47.ffn_down.weight
create_tensor: loading tensor blk.47.post_ffw_norm.weight
done_getting_tensors: tensor 'token_embd.weight' (q6_K) (and 0 others) cannot be used with preferred buffer type CUDA_Host, using CPU instead
load_tensors: offloading output layer to GPU
load_tensors: offloading 47 repeating layers to GPU
load_tensors: offloaded 49/49 layers to GPU
load_tensors:   CPU_Mapped model buffer size =   787.50 MiB
load_tensors:        CUDA0 model buffer size =  7292.53 MiB
...................................................................................
llama_context: constructing llama_context
llama_context: n_seq_max     = 1
llama_context: n_ctx         = 2048
llama_context: n_ctx_seq     = 2048
llama_context: n_batch       = 256
llama_context: n_ubatch      = 128
llama_context: causal_attn   = 1
llama_context: flash_attn    = disabled
llama_context: kv_unified    = false
llama_context: freq_base     = 1000000.0
llama_context: freq_scale    = 1
llama_context: n_rs_seq      = 0
llama_context: n_outputs_max = 256
llama_context: n_ctx_seq (2048) < n_ctx_train (131072) -- the full capacity of the model will not be utilized
set_abort_callback: call
llama_context:  CUDA_Host  output buffer size =     1.00 MiB
llama_kv_cache_iswa: using full-size SWA cache (ref: https://github.com/ggml-org/llama.cpp/pull/13194#issuecomment-2868343055)
llama_kv_cache_iswa: creating non-SWA KV cache, size = 2048 cells
llama_kv_cache: the V embeddings have different sizes across layers and FA is not enabled - padding V cache to 2048
llama_kv_cache: layer   0: filtered
llama_kv_cache: layer   1: filtered
llama_kv_cache: layer   2: filtered
llama_kv_cache: layer   3: filtered
llama_kv_cache: layer   4: filtered
llama_kv_cache: layer   5: dev = CUDA0
llama_kv_cache: layer   6: filtered
llama_kv_cache: layer   7: filtered
llama_kv_cache: layer   8: filtered
llama_kv_cache: layer   9: filtered
llama_kv_cache: layer  10: filtered
llama_kv_cache: layer  11: dev = CUDA0
llama_kv_cache: layer  12: filtered
llama_kv_cache: layer  13: filtered
llama_kv_cache: layer  14: filtered
llama_kv_cache: layer  15: filtered
llama_kv_cache: layer  16: filtered
llama_kv_cache: layer  17: dev = CUDA0
llama_kv_cache: layer  18: filtered
llama_kv_cache: layer  19: filtered
llama_kv_cache: layer  20: filtered
llama_kv_cache: layer  21: filtered
llama_kv_cache: layer  22: filtered
llama_kv_cache: layer  23: dev = CUDA0
llama_kv_cache: layer  24: filtered
llama_kv_cache: layer  25: filtered
llama_kv_cache: layer  26: filtered
llama_kv_cache: layer  27: filtered
llama_kv_cache: layer  28: filtered
llama_kv_cache: layer  29: dev = CUDA0
llama_kv_cache: layer  30: filtered
llama_kv_cache: layer  31: filtered
llama_kv_cache: layer  32: filtered
llama_kv_cache: layer  33: filtered
llama_kv_cache: layer  34: filtered
llama_kv_cache: layer  35: dev = CUDA0
llama_kv_cache: layer  36: filtered
llama_kv_cache: layer  37: filtered
llama_kv_cache: layer  38: filtered
llama_kv_cache: layer  39: filtered
llama_kv_cache: layer  40: filtered
llama_kv_cache: layer  41: dev = CUDA0
llama_kv_cache: layer  42: filtered
llama_kv_cache: layer  43: filtered
llama_kv_cache: layer  44: filtered
llama_kv_cache: layer  45: filtered
llama_kv_cache: layer  46: filtered
llama_kv_cache: layer  47: dev = CUDA0
llama_kv_cache: reusing layers:
llama_kv_cache: - layer   0: no reuse
llama_kv_cache: - layer   1: no reuse
llama_kv_cache: - layer   2: no reuse
llama_kv_cache: - layer   3: no reuse
llama_kv_cache: - layer   4: no reuse
llama_kv_cache: - layer   5: no reuse
llama_kv_cache: - layer   6: no reuse
llama_kv_cache: - layer   7: no reuse
llama_kv_cache: - layer   8: no reuse
llama_kv_cache: - layer   9: no reuse
llama_kv_cache: - layer  10: no reuse
llama_kv_cache: - layer  11: no reuse
llama_kv_cache: - layer  12: no reuse
llama_kv_cache: - layer  13: no reuse
llama_kv_cache: - layer  14: no reuse
llama_kv_cache: - layer  15: no reuse
llama_kv_cache: - layer  16: no reuse
llama_kv_cache: - layer  17: no reuse
llama_kv_cache: - layer  18: no reuse
llama_kv_cache: - layer  19: no reuse
llama_kv_cache: - layer  20: no reuse
llama_kv_cache: - layer  21: no reuse
llama_kv_cache: - layer  22: no reuse
llama_kv_cache: - layer  23: no reuse
llama_kv_cache: - layer  24: no reuse
llama_kv_cache: - layer  25: no reuse
llama_kv_cache: - layer  26: no reuse
llama_kv_cache: - layer  27: no reuse
llama_kv_cache: - layer  28: no reuse
llama_kv_cache: - layer  29: no reuse
llama_kv_cache: - layer  30: no reuse
llama_kv_cache: - layer  31: no reuse
llama_kv_cache: - layer  32: no reuse
llama_kv_cache: - layer  33: no reuse
llama_kv_cache: - layer  34: no reuse
llama_kv_cache: - layer  35: no reuse
llama_kv_cache: - layer  36: no reuse
llama_kv_cache: - layer  37: no reuse
llama_kv_cache: - layer  38: no reuse
llama_kv_cache: - layer  39: no reuse
llama_kv_cache: - layer  40: no reuse
llama_kv_cache: - layer  41: no reuse
llama_kv_cache: - layer  42: no reuse
llama_kv_cache: - layer  43: no reuse
llama_kv_cache: - layer  44: no reuse
llama_kv_cache: - layer  45: no reuse
llama_kv_cache: - layer  46: no reuse
llama_kv_cache: - layer  47: no reuse
llama_kv_cache:      CUDA0 KV buffer size =    80.00 MiB
llama_kv_cache: size =   80.00 MiB (  2048 cells,   8 layers,  1/1 seqs), K (f16):   16.00 MiB, V (f16):   64.00 MiB
llama_kv_cache: attn_rot_k = 0, n_embd_head_k_all = 512
llama_kv_cache: attn_rot_v = 0, n_embd_head_k_all = 512
llama_kv_cache_iswa: creating     SWA KV cache, size = 2048 cells
llama_kv_cache: the V embeddings have different sizes across layers and FA is not enabled - padding V cache to 2048
llama_kv_cache: layer   0: dev = CUDA0
llama_kv_cache: layer   1: dev = CUDA0
llama_kv_cache: layer   2: dev = CUDA0
llama_kv_cache: layer   3: dev = CUDA0
llama_kv_cache: layer   4: dev = CUDA0
llama_kv_cache: layer   5: filtered
llama_kv_cache: layer   6: dev = CUDA0
llama_kv_cache: layer   7: dev = CUDA0
llama_kv_cache: layer   8: dev = CUDA0
llama_kv_cache: layer   9: dev = CUDA0
llama_kv_cache: layer  10: dev = CUDA0
llama_kv_cache: layer  11: filtered
llama_kv_cache: layer  12: dev = CUDA0
llama_kv_cache: layer  13: dev = CUDA0
llama_kv_cache: layer  14: dev = CUDA0
llama_kv_cache: layer  15: dev = CUDA0
llama_kv_cache: layer  16: dev = CUDA0
llama_kv_cache: layer  17: filtered
llama_kv_cache: layer  18: dev = CUDA0
llama_kv_cache: layer  19: dev = CUDA0
llama_kv_cache: layer  20: dev = CUDA0
llama_kv_cache: layer  21: dev = CUDA0
llama_kv_cache: layer  22: dev = CUDA0
llama_kv_cache: layer  23: filtered
llama_kv_cache: layer  24: dev = CUDA0
llama_kv_cache: layer  25: dev = CUDA0
llama_kv_cache: layer  26: dev = CUDA0
llama_kv_cache: layer  27: dev = CUDA0
llama_kv_cache: layer  28: dev = CUDA0
llama_kv_cache: layer  29: filtered
llama_kv_cache: layer  30: dev = CUDA0
llama_kv_cache: layer  31: dev = CUDA0
llama_kv_cache: layer  32: dev = CUDA0
llama_kv_cache: layer  33: dev = CUDA0
llama_kv_cache: layer  34: dev = CUDA0
llama_kv_cache: layer  35: filtered
llama_kv_cache: layer  36: dev = CUDA0
llama_kv_cache: layer  37: dev = CUDA0
llama_kv_cache: layer  38: dev = CUDA0
llama_kv_cache: layer  39: dev = CUDA0
llama_kv_cache: layer  40: dev = CUDA0
llama_kv_cache: layer  41: filtered
llama_kv_cache: layer  42: dev = CUDA0
llama_kv_cache: layer  43: dev = CUDA0
llama_kv_cache: layer  44: dev = CUDA0
llama_kv_cache: layer  45: dev = CUDA0
llama_kv_cache: layer  46: dev = CUDA0
llama_kv_cache: layer  47: filtered
llama_kv_cache: reusing layers:
llama_kv_cache: - layer   0: no reuse
llama_kv_cache: - layer   1: no reuse
llama_kv_cache: - layer   2: no reuse
llama_kv_cache: - layer   3: no reuse
llama_kv_cache: - layer   4: no reuse
llama_kv_cache: - layer   5: no reuse
llama_kv_cache: - layer   6: no reuse
llama_kv_cache: - layer   7: no reuse
llama_kv_cache: - layer   8: no reuse
llama_kv_cache: - layer   9: no reuse
llama_kv_cache: - layer  10: no reuse
llama_kv_cache: - layer  11: no reuse
llama_kv_cache: - layer  12: no reuse
llama_kv_cache: - layer  13: no reuse
llama_kv_cache: - layer  14: no reuse
llama_kv_cache: - layer  15: no reuse
llama_kv_cache: - layer  16: no reuse
llama_kv_cache: - layer  17: no reuse
llama_kv_cache: - layer  18: no reuse
llama_kv_cache: - layer  19: no reuse
llama_kv_cache: - layer  20: no reuse
llama_kv_cache: - layer  21: no reuse
llama_kv_cache: - layer  22: no reuse
llama_kv_cache: - layer  23: no reuse
llama_kv_cache: - layer  24: no reuse
llama_kv_cache: - layer  25: no reuse
llama_kv_cache: - layer  26: no reuse
llama_kv_cache: - layer  27: no reuse
llama_kv_cache: - layer  28: no reuse
llama_kv_cache: - layer  29: no reuse
llama_kv_cache: - layer  30: no reuse
llama_kv_cache: - layer  31: no reuse
llama_kv_cache: - layer  32: no reuse
llama_kv_cache: - layer  33: no reuse
llama_kv_cache: - layer  34: no reuse
llama_kv_cache: - layer  35: no reuse
llama_kv_cache: - layer  36: no reuse
llama_kv_cache: - layer  37: no reuse
llama_kv_cache: - layer  38: no reuse
llama_kv_cache: - layer  39: no reuse
llama_kv_cache: - layer  40: no reuse
llama_kv_cache: - layer  41: no reuse
llama_kv_cache: - layer  42: no reuse
llama_kv_cache: - layer  43: no reuse
llama_kv_cache: - layer  44: no reuse
llama_kv_cache: - layer  45: no reuse
llama_kv_cache: - layer  46: no reuse
llama_kv_cache: - layer  47: no reuse
llama_kv_cache:      CUDA0 KV buffer size =   640.00 MiB
llama_kv_cache: size =  640.00 MiB (  2048 cells,  40 layers,  1/1 seqs), K (f16):  320.00 MiB, V (f16):  320.00 MiB
llama_kv_cache: attn_rot_k = 0, n_embd_head_k_all = 256
llama_kv_cache: attn_rot_v = 0, n_embd_head_k_all = 256
llama_context: enumerating backends
llama_context: backend_ptrs.size() = 2
sched_reserve: reserving ...
sched_reserve: max_nodes = 5344
sched_reserve: reserving full memory module
sched_reserve: worst-case: n_tokens = 128, n_seqs = 1, n_outputs = 1
resolve_fused_ops: resolving fused Gated Delta Net support:
graph_reserve: reserving a graph for ubatch with n_tokens =    1, n_seqs =  1, n_outputs =    1
ggml_cuda_graph_set_enabled: disabling CUDA graphs due to GPU architecture
resolve_fused_ops: fused Gated Delta Net (autoregressive) enabled
graph_reserve: reserving a graph for ubatch with n_tokens =   16, n_seqs =  1, n_outputs =   16
resolve_fused_ops: fused Gated Delta Net (chunked) enabled
resolve_fused_ops: resolving fused Lightning Indexer support:
graph_reserve: reserving a graph for ubatch with n_tokens =    1, n_seqs =  1, n_outputs =    1
resolve_fused_ops: Lightning Indexer enabled
graph_reserve: reserving a graph for ubatch with n_tokens =  128, n_seqs =  1, n_outputs =  128
graph_reserve: reserving a graph for ubatch with n_tokens =    1, n_seqs =  1, n_outputs =    1
graph_reserve: reserving a graph for ubatch with n_tokens =  128, n_seqs =  1, n_outputs =  128
sched_reserve:      CUDA0 compute buffer size =   132.75 MiB
sched_reserve:  CUDA_Host compute buffer size =     9.75 MiB
sched_reserve: graph nodes  = 2218
sched_reserve: graph splits = 2
sched_reserve: reserve took 27.51 ms, sched copies = 1
CUDA : ARCHS = 600,610,700,750,800,860,890,900 | FORCE_MMQ = 1 | USE_GRAPHS = 1 | CPU : SSE3 = 1 | SSSE3 = 1 | AVX = 1 | AVX2 = 1 | F16C = 1 | FMA = 1 | LLAMAFILE = 1 | OPENMP = 1 | REPACK = 1 | 
Model metadata: {'gemma4.attention.layer_norm_rms_epsilon': '0.000001', 'general.sampling.top_p': '0.950000', 'general.name': 'Gemma 4 12B It', 'general.architecture': 'gemma4', 'tokenizer.ggml.mask_token_id': '4', 'general.type': 'model', 'general.sampling.top_k': '64', 'general.base_model.0.repo_url': 'https://huggingface.co/google/gemma-4-12B', 'general.sampling.temp': '1.000000', 'general.basename': 'gemma-4', 'general.finetune': 'it', 'general.size_label': '12B', 'general.license': 'apache-2.0', 'general.license.link': 'https://ai.google.dev/gemma/docs/gemma_4_license', 'general.base_model.count': '1', 'general.base_model.0.name': 'Gemma 4 12B', 'general.base_model.0.organization': 'Google', 'gemma4.block_count': '48', 'tokenizer.ggml.add_space_prefix': 'false', 'gemma4.rope.dimension_count_swa': '256', 'gemma4.context_length': '131072', 'gemma4.embedding_length': '3840', 'gemma4.attention.sliding_window': '1024', 'gemma4.feed_forward_length': '15360', 'gemma4.attention.key_length_swa': '256', 'gemma4.attention.head_count': '16', 'gemma4.rope.freq_base': '1000000.000000', 'gemma4.rope.dimension_count': '512', 'gemma4.rope.freq_base_swa': '10000.000000', 'gemma4.attention.key_length': '512', 'gemma4.attention.value_length': '512', 'gemma4.final_logit_softcapping': '30.000000', 'tokenizer.ggml.padding_token_id': '0', 'gemma4.attention.shared_kv_layers': '0', 'gemma4.embedding_length_per_layer_input': '0', 'quantize.imatrix.entries_count': '328', 'gemma4.attention.value_length_swa': '256', 'tokenizer.ggml.model': 'gemma4', 'general.quantization_version': '2', 'tokenizer.ggml.bos_token_id': '2', 'general.file_type': '15', 'tokenizer.ggml.eos_token_id': '1', 'tokenizer.ggml.unknown_token_id': '3', 'tokenizer.ggml.add_bos_token': 'true', 'quantize.imatrix.chunks_count': '886', 'quantize.imatrix.file': '/models_out/gemma-4-12B-it-GGUF/gemma-4-12B-it-imatrix.gguf', 'quantize.imatrix.dataset': '/training_dir/calibration_datav5.txt', 'tokenizer.chat_template': '{#\n  Template: Google Gemma 4 Canonical Chat Template\n  Author: Google Gemma Engineering Team\n  Published: 2026-07-09\n  Context: Fixed tool-calling loops, turn closures, and thinking content-ordering.\n#}\n{%- macro format_parameters(properties, required, filter_keys=false) -%}\n    {%- set standard_keys = [\'description\', \'type\', \'properties\', \'required\', \'nullable\'] -%}\n    {%- set ns = namespace(found_first=false) -%}\n    {%- for key, value in properties | dictsort -%}\n        {%- set add_comma = false -%}\n        {%- if not filter_keys or key not in standard_keys -%}\n            {%- if ns.found_first %},{% endif -%}\n            {%- set ns.found_first = true -%}\n            {{ key }}:{\n            {%- if value[\'description\'] -%}\n                description:<|"|>{{ value[\'description\'] }}<|"|>\n                {%- set add_comma = true -%}\n            {%- endif -%}\n            {%- if value[\'type\'] | upper == \'STRING\' -%}\n                {%- if value[\'enum\'] -%}\n                    {%- if add_comma %},{%- else -%} {%- set add_comma = true -%} {% endif -%}\n                    enum:{{ format_argument(value[\'enum\']) }}\n                {%- endif -%}\n            {%- elif value[\'type\'] | upper == \'ARRAY\' -%}\n                {%- if value[\'items\'] is mapping and value[\'items\'] -%}\n                    {%- if add_comma %},{%- else -%} {%- set add_comma = true -%} {% endif -%}\n                    items:{\n                    {%- set ns_items = namespace(found_first=false) -%}\n                    {%- for item_key, item_value in value[\'items\'] | dictsort -%}\n                        {%- if item_value is not none -%}\n                            {%- if ns_items.found_first %},{% endif -%}\n                            {%- set ns_items.found_first = true -%}\n                            {%- if item_key == \'properties\' -%}\n                                properties:{\n                                {%- if item_value is mapping -%}\n                                    {{- format_parameters(item_value, value[\'items\'][\'required\'] | default([])) -}}\n                                {%- endif -%}\n                                }\n                            {%- elif item_key == \'required\' -%}\n                                required:[\n                                {%- for req_item in item_value -%}\n                                    <|"|>{{- req_item -}}<|"|>\n                                    {%- if not loop.last %},{% endif -%}\n                                {%- endfor -%}\n                                ]\n                            {%- elif item_key == \'type\' -%}\n                                {%- if item_value is string -%}\n                                    type:{{ format_argument(item_value | upper) }}\n                                {%- else -%}\n                                    type:{{ format_argument(item_value | map(\'upper\') | list) }}\n                                {%- endif -%}\n                            {%- else -%}\n                                {{ item_key }}:{{ format_argument(item_value) }}\n                            {%- endif -%}\n                        {%- endif -%}\n                    {%- endfor -%}\n                    }\n                {%- endif -%}\n            {%- endif -%}\n            {%- if value[\'nullable\'] %}\n                {%- if add_comma %},{%- else -%} {%- set add_comma = true -%} {% endif -%}\n                nullable:true\n            {%- endif -%}\n            {%- if value[\'type\'] | upper == \'OBJECT\' -%}\n                {%- if value[\'properties\'] is defined and value[\'properties\'] is mapping -%}\n                    {%- if add_comma %},{%- else -%} {%- set add_comma = true -%} {% endif -%}\n                    properties:{\n                    {{- format_parameters(value[\'properties\'], value[\'required\'] | default([])) -}}\n                    }\n                {%- elif value is mapping -%}\n                    {%- if add_comma %},{%- else -%} {%- set add_comma = true -%} {% endif -%}\n                    properties:{\n                    {{- format_parameters(value, value[\'required\'] | default([]), filter_keys=true) -}}\n                    }\n                {%- endif -%}\n                {%- if value[\'required\'] -%}\n                    {%- if add_comma %},{%- else -%} {%- set add_comma = true -%} {% endif -%}\n                    required:[\n                    {%- for item in value[\'required\'] | default([]) -%}\n                        <|"|>{{- item -}}<|"|>\n                        {%- if not loop.last %},{% endif -%}\n                    {%- endfor -%}\n                    ]\n                {%- endif -%}\n            {%- endif -%}\n            {%- if add_comma %},{%- else -%} {%- set add_comma = true -%} {% endif -%}\n            type:<|"|>{{ value[\'type\'] | upper }}<|"|>}\n        {%- endif -%}\n    {%- endfor -%}\n{%- endmacro -%}\n{%- macro format_function_declaration(tool_data) -%}\n    declaration:{{- tool_data[\'function\'][\'name\'] -}}{description:<|"|>{{- tool_data[\'function\'][\'description\'] -}}<|"|>\n    {%- set params = tool_data[\'function\'][\'parameters\'] -%}\n    {%- if params -%}\n        ,parameters:{\n        {%- if params[\'properties\'] -%}\n            properties:{ {{- format_parameters(params[\'properties\'], params[\'required\']) -}} },\n        {%- endif -%}\n        {%- if params[\'required\'] -%}\n            required:[\n            {%- for item in params[\'required\'] -%}\n                <|"|>{{- item -}}<|"|>\n                {{- \',\' if not loop.last -}}\n            {%- endfor -%}\n            ],\n        {%- endif -%}\n        {%- if params[\'type\'] -%}\n            type:<|"|>{{- params[\'type\'] | upper -}}<|"|>}\n        {%- endif -%}\n    {%- endif -%}\n    {%- if \'response\' in tool_data[\'function\'] -%}\n        {%- set response_declaration = tool_data[\'function\'][\'response\'] -%}\n        ,response:{\n        {%- if response_declaration[\'description\'] -%}\n            description:<|"|>{{- response_declaration[\'description\'] -}}<|"|>,\n        {%- endif -%}\n        {%- if response_declaration[\'type\'] | upper == \'OBJECT\' -%}\n            type:<|"|>{{- response_declaration[\'type\'] | upper -}}<|"|>}\n        {%- endif -%}\n    {%- endif -%}\n    }\n{%- endmacro -%}\n{%- macro format_argument(argument, escape_keys=True) -%}\n    {%- if argument is none -%}\n        {{- \'null\' -}}\n    {%- elif argument is string -%}\n        {{- \'<|"|>\' + argument + \'<|"|>\' -}}\n    {%- elif argument is boolean -%}\n        {{- \'true\' if argument else \'false\' -}}\n    {%- elif argument is mapping -%}\n        {{- \'{\' -}}\n        {%- set ns = namespace(found_first=false) -%}\n        {%- for key, value in argument | dictsort -%}\n            {%- if ns.found_first %},{% endif -%}\n            {%- set ns.found_first = true -%}\n            {%- if escape_keys -%}\n                {{- \'<|"|>\' + key + \'<|"|>\' -}}\n            {%- else -%}\n                {{- key -}}\n            {%- endif -%}\n            :{{- format_argument(value, escape_keys=escape_keys) -}}\n        {%- endfor -%}\n        {{- \'}\' -}}\n    {%- elif argument is sequence -%}\n        {{- \'[\' -}}\n        {%- for item in argument -%}\n            {{- format_argument(item, escape_keys=escape_keys) -}}\n            {%- if not loop.last %},{% endif -%}\n        {%- endfor -%}\n        {{- \']\' -}}\n    {%- else -%}\n        {{- argument -}}\n    {%- endif -%}\n{%- endmacro -%}\n{%- macro strip_thinking(text) -%}\n    {%- set ns = namespace(result=\'\') -%}\n    {%- for part in text.split(\'<channel|>\') -%}\n        {%- if \'<|channel>\' in part -%}\n            {%- set ns.result = ns.result + part.split(\'<|channel>\')[0] -%}\n        {%- else -%}\n            {%- set ns.result = ns.result + part -%}\n        {%- endif -%}\n    {%- endfor -%}\n    {{- ns.result | trim -}}\n{%- endmacro -%}\n\n{%- macro format_tool_response_block(tool_name, response) -%}\n    {{- \'<|tool_response>\' -}}\n    {%- if response is mapping -%}\n        {{- \'response:\' + tool_name + \'{\' -}}\n        {%- for key, value in response | dictsort -%}\n            {{- key -}}:{{- format_argument(value, escape_keys=False) -}}\n            {%- if not loop.last %},{% endif -%}\n        {%- endfor -%}\n        {{- \'}\' -}}\n    {%- else -%}\n        {{- \'response:\' + tool_name + \'{value:\' + format_argument(response, escape_keys=False) + \'}\' -}}\n    {%- endif -%}\n    {{- \'<tool_response|>\' -}}\n{%- endmacro -%}\n\n{#- ===== SETUP ===== -#}\n{%- set ns = namespace(prev_message_type=None, prev_non_tool_role=None) -%}\n{%- set loop_messages = messages -%}\n{%- set enable_thinking = enable_thinking | default(false) -%}\n{%- set preserve_thinking = preserve_thinking | default(false) -%}\n{{- bos_token -}}\n{#- Handle System/Tool Definitions Block -#}\n{%- if enable_thinking or tools or (messages and messages[0][\'role\'] in [\'system\', \'developer\']) -%}\n    {{- \'<|turn>system\\n\' -}}\n    {#- Inject Thinking token at the very top of the FIRST system turn -#}\n    {%- if enable_thinking -%}\n        {{- \'<|think|>\\n\' -}}\n        {%- set ns.prev_message_type = \'think\' -%}\n    {%- endif -%}\n    {%- if messages and messages[0][\'role\'] in [\'system\', \'developer\'] -%}\n        {%- if messages[0][\'content\'] is string -%}\n            {{- messages[0][\'content\'] | trim -}}\n        {%- elif messages[0][\'content\'] is sequence -%}\n            {%- for item in messages[0][\'content\'] -%}\n                {{- item[\'text\'] | trim + \' \'-}}\n            {%- endfor -%}\n        {%- endif -%}\n        {%- set loop_messages = messages[1:] -%}\n    {%- endif -%}\n    {%- if tools -%}\n        {%- for tool in tools %}\n            {{- \'<|tool>\' -}}\n            {{- format_function_declaration(tool) | trim -}}\n            {{- \'<tool|>\' -}}\n        {%- endfor %}\n        {%- set ns.prev_message_type = \'tool\' -%}\n    {%- endif -%}\n    {{- \'<turn|>\\n\' -}}\n{%- endif %}\n\n{#- Pre-scan: find last user message index for reasoning guard -#}\n{%- set ns_turn = namespace(last_user_idx=-1) -%}\n{%- for i in range(loop_messages | length) -%}\n    {%- if loop_messages[i][\'role\'] == \'user\' -%}\n        {%- set ns_turn.last_user_idx = i -%}\n    {%- endif -%}\n{%- endfor -%}\n\n{#- Loop through messages -#}\n{%- for message in loop_messages -%}\n    {%- if message[\'role\'] != \'tool\' -%}\n    {%- set ns.prev_message_type = None -%}\n    {%- set role = \'model\' if message[\'role\'] == \'assistant\' else message[\'role\'] -%}\n    {#- Detect continuation using tracked state — O(1) instead of O(n) backward scan -#}\n    {%- set continue_same_model_turn = (role == \'model\' and ns.prev_non_tool_role == \'assistant\') -%}\n    {%- if not continue_same_model_turn -%}\n        {{- \'<|turn>\' + role + \'\\n\' }}\n\n    {%- endif -%}\n\n    {#- Render reasoning/reasoning_content as thinking channel -#}\n    {%- set thinking_text = message.get(\'reasoning\') or message.get(\'reasoning_content\') -%}\n    {%- set thinking_gate = (loop.index0 > ns_turn.last_user_idx) or (preserve_thinking and message.get(\'tool_calls\')) -%}\n    {%- if thinking_text and thinking_gate -%}\n        {{- \'<|channel>thought\\n\' + thinking_text + \'\\n<channel|>\' -}}\n    {%- endif -%}\n\n            {%- if message.get(\'tool_calls\') -%}\n                {%- for tool_call in message.get(\'tool_calls\') -%}\n                    {%- set function = tool_call[\'function\'] -%}\n                    {{- \'<|tool_call>call:\' + function[\'name\'] + \'{\' -}}\n                    {%- if function[\'arguments\'] is mapping -%}\n                        {%- set ns_args = namespace(found_first=false) -%}\n                        {%- for key, value in function[\'arguments\'] | dictsort -%}\n                            {%- if ns_args.found_first %},{% endif -%}\n                            {%- set ns_args.found_first = true -%}\n                            {{- key -}}:{{- format_argument(value, escape_keys=False) -}}\n                        {%- endfor -%}\n                    {%- elif function[\'arguments\'] is none -%}\n                    {%- else -%}\n                        {{- raise_exception(\n                            "chat_template: tool_calls[].function.arguments must be a "\n                            "JSON object (mapping), not a string. Deserialize arguments "\n                            "before passing to the template."\n                        ) -}}\n                    {%- endif -%}\n                    {{- \'}<tool_call|>\' -}}\n                {%- endfor -%}\n                {%- set ns.prev_message_type = \'tool_call\' -%}\n            {%- endif -%}\n\n            {%- set ns_tr_out = namespace(flag=false) -%}\n            {%- if message.get(\'tool_responses\') -%}\n                {#- Legacy: tool_responses embedded on the assistant message (Google/Gemma native) -#}\n                {%- for tool_response in message.get(\'tool_responses\') -%}\n                    {{- format_tool_response_block(tool_response[\'name\'] | default(\'unknown\', true), tool_response[\'response\']) -}}\n                    {%- set ns_tr_out.flag = true -%}\n                    {%- set ns.prev_message_type = \'tool_response\' -%}\n                {%- endfor -%}\n            {%- elif message.get(\'tool_calls\') -%}\n                {#- OpenAI Chat Completions: forward-scan consecutive role:tool messages -#}\n                {%- set ns_tool_scan = namespace(stopped=false) -%}\n                {%- for k in range(loop.index0 + 1, loop_messages | length) -%}\n                    {%- if ns_tool_scan.stopped -%}\n                    {%- elif loop_messages[k][\'role\'] != \'tool\' -%}\n                        {%- set ns_tool_scan.stopped = true -%}\n                    {%- else -%}\n                        {%- set follow = loop_messages[k] -%}\n                        {#- Resolve tool_call_id to function name -#}\n                        {%- set ns_tname = namespace(name=follow.get(\'name\') or \'unknown\') -%}\n                        {%- for tc in message.get(\'tool_calls\') -%}\n                            {%- if tc.get(\'id\') == follow.get(\'tool_call_id\') -%}\n                                {%- set ns_tname.name = tc[\'function\'][\'name\'] -%}\n                            {%- endif -%}\n                        {%- endfor -%}\n                        {#- Handle content as string or content-parts array -#}\n                        {%- set tool_body = follow.get(\'content\') -%}\n                        {%- if tool_body is string -%}\n                            {{- format_tool_response_block(ns_tname.name, tool_body) -}}\n                        {%- elif tool_body is sequence and tool_body is not string -%}\n                            {%- set ns_txt = namespace(s=\'\') -%}\n                            {%- for part in tool_body -%}\n                                {%- if part.get(\'type\') == \'text\' -%}\n                                    {%- set ns_txt.s = ns_txt.s + (part.get(\'text\') | default(\'\')) -%}\n                                {%- endif -%}\n                            {%- endfor -%}\n                            {{- format_tool_response_block(ns_tname.name, ns_txt.s) -}}\n                            {%- for part in tool_body -%}\n                                {%- if part.get(\'type\') in [\'image\', \'image_url\'] -%}\n                                    {{- \'<|image|>\' -}}\n                                {%- elif part.get(\'type\') in [\'audio\', \'input_audio\'] -%}\n                                    {{- \'<|audio|>\' -}}\n                                {%- elif part.get(\'type\') == \'video\' -%}\n                                    {{- \'<|video|>\' -}}\n                                {%- endif -%}\n                            {%- endfor -%}\n                        {%- else -%}\n                            {{- format_tool_response_block(ns_tname.name, tool_body) -}}\n                        {%- endif -%}\n                        {%- set ns_tr_out.flag = true -%}\n                        {%- set ns.prev_message_type = \'tool_response\' -%}\n                    {%- endif -%}\n                {%- endfor -%}\n            {%- endif -%}\n\n            {%- set captured_content -%}\n            {%- if message.get(\'content\') is string -%}\n                {%- if role == \'model\' -%}\n                    {{- strip_thinking(message[\'content\']) -}}\n                {%- else -%}\n                    {{- message[\'content\'] | trim -}}\n                {%- endif -%}\n            {%- elif message.get(\'content\') is sequence -%}\n                {%- for item in message[\'content\'] -%}\n                    {%- if item.get(\'type\') == \'text\' -%}\n                        {%- if role == \'model\' -%}\n                            {{- strip_thinking(item[\'text\']) -}}\n                        {%- else -%}\n                            {{- item[\'text\'] | trim -}}\n                        {%- endif -%}\n                    {%- elif item.get(\'type\') in [\'image\', \'image_url\'] -%}\n                        {{- \'<|image|>\' -}}\n                    {%- elif item.get(\'type\') in [\'audio\', \'input_audio\'] -%}\n                        {{- \'<|audio|>\' -}}\n                    {%- elif item.get(\'type\') == \'video\' -%}\n                        {{- \'<|video|>\' -}}\n                    {%- endif -%}\n                {%- endfor -%}\n            {%- endif -%}\n            {%- endset -%}\n\n            {{- captured_content -}}\n            {%- set has_content = captured_content | trim | length > 0 -%}\n\n        {#- Forward-scan: find next non-tool message role for continuation detection -#}\n        {%- set next_nt = namespace(role=None, found=false) -%}\n        {%- for j in range(loop.index0 + 1, loop_messages | length) -%}\n            {%- if not next_nt.found -%}\n                {%- if loop_messages[j][\'role\'] != \'tool\' -%}\n                    {%- set next_nt.role = loop_messages[j][\'role\'] -%}\n                    {%- set next_nt.found = true -%}\n                {%- endif -%}\n            {%- endif -%}\n        {%- endfor -%}\n\n        {%- set continues_into_next = (\n            role == \'model\'\n            and next_nt.role == \'assistant\'\n            and (not message.get(\'tool_calls\') or ns_tr_out.flag)\n        ) -%}\n\n        {%- if ns.prev_message_type == \'tool_call\' and not ns_tr_out.flag -%}\n            {{- \'<|tool_response>\' -}}\n        {%- elif continues_into_next -%}\n        {%- elif not (ns_tr_out.flag and not has_content and not next_nt.found) -%}\n            {{- \'<turn|>\\n\' -}}\n        {%- endif -%}\n\n    {#- Track previous non-tool role for next iteration (avoids O(n) backward scan) -#}\n    {%- set ns.prev_non_tool_role = message[\'role\'] -%}\n    {%- endif -%}\n{%- endfor -%}\n\n{%- if add_generation_prompt -%}\n    {%- if ns.prev_message_type != \'tool_response\' and ns.prev_message_type != \'tool_call\' -%}\n        {{- \'<|turn>model\\n\' -}}\n        {%- if not enable_thinking -%}\n            {{- \'<|channel>thought\\n<channel|>\' -}}\n        {%- endif -%}\n    {%- elif ns.prev_message_type == \'tool_response\' and enable_thinking -%}\n        {{- \'<|channel>thought\\n\' -}}\n    {%- endif -%}\n{%- endif -%}\n'}
Available chat formats from metadata: chat_template.default
Using gguf chat template: {#
  Template: Google Gemma 4 Canonical Chat Template
  Author: Google Gemma Engineering Team
  Published: 2026-07-09
  Context: Fixed tool-calling loops, turn closures, and thinking content-ordering.
#}
{%- macro format_parameters(properties, required, filter_keys=false) -%}
    {%- set standard_keys = ['description', 'type', 'properties', 'required', 'nullable'] -%}
    {%- set ns = namespace(found_first=false) -%}
    {%- for key, value in properties | dictsort -%}
        {%- set add_comma = false -%}
        {%- if not filter_keys or key not in standard_keys -%}
            {%- if ns.found_first %},{% endif -%}
            {%- set ns.found_first = true -%}
            {{ key }}:{
            {%- if value['description'] -%}
                description:<|"|>{{ value['description'] }}<|"|>
                {%- set add_comma = true -%}
            {%- endif -%}
            {%- if value['type'] | upper == 'STRING' -%}
                {%- if value['enum'] -%}
                    {%- if add_comma %},{%- else -%} {%- set add_comma = true -%} {% endif -%}
                    enum:{{ format_argument(value['enum']) }}
                {%- endif -%}
            {%- elif value['type'] | upper == 'ARRAY' -%}
                {%- if value['items'] is mapping and value['items'] -%}
                    {%- if add_comma %},{%- else -%} {%- set add_comma = true -%} {% endif -%}
                    items:{
                    {%- set ns_items = namespace(found_first=false) -%}
                    {%- for item_key, item_value in value['items'] | dictsort -%}
                        {%- if item_value is not none -%}
                            {%- if ns_items.found_first %},{% endif -%}
                            {%- set ns_items.found_first = true -%}
                            {%- if item_key == 'properties' -%}
                                properties:{
                                {%- if item_value is mapping -%}
                                    {{- format_parameters(item_value, value['items']['required'] | default([])) -}}
                                {%- endif -%}
                                }
                            {%- elif item_key == 'required' -%}
                                required:[
                                {%- for req_item in item_value -%}
                                    <|"|>{{- req_item -}}<|"|>
                                    {%- if not loop.last %},{% endif -%}
                                {%- endfor -%}
                                ]
                            {%- elif item_key == 'type' -%}
                                {%- if item_value is string -%}
                                    type:{{ format_argument(item_value | upper) }}
                                {%- else -%}
                                    type:{{ format_argument(item_value | map('upper') | list) }}
                                {%- endif -%}
                            {%- else -%}
                                {{ item_key }}:{{ format_argument(item_value) }}
                            {%- endif -%}
                        {%- endif -%}
                    {%- endfor -%}
                    }
                {%- endif -%}
            {%- endif -%}
            {%- if value['nullable'] %}
                {%- if add_comma %},{%- else -%} {%- set add_comma = true -%} {% endif -%}
                nullable:true
            {%- endif -%}
            {%- if value['type'] | upper == 'OBJECT' -%}
                {%- if value['properties'] is defined and value['properties'] is mapping -%}
                    {%- if add_comma %},{%- else -%} {%- set add_comma = true -%} {% endif -%}
                    properties:{
                    {{- format_parameters(value['properties'], value['required'] | default([])) -}}
                    }
                {%- elif value is mapping -%}
                    {%- if add_comma %},{%- else -%} {%- set add_comma = true -%} {% endif -%}
                    properties:{
                    {{- format_parameters(value, value['required'] | default([]), filter_keys=true) -}}
                    }
                {%- endif -%}
                {%- if value['required'] -%}
                    {%- if add_comma %},{%- else -%} {%- set add_comma = true -%} {% endif -%}
                    required:[
                    {%- for item in value['required'] | default([]) -%}
                        <|"|>{{- item -}}<|"|>
                        {%- if not loop.last %},{% endif -%}
                    {%- endfor -%}
                    ]
                {%- endif -%}
            {%- endif -%}
            {%- if add_comma %},{%- else -%} {%- set add_comma = true -%} {% endif -%}
            type:<|"|>{{ value['type'] | upper }}<|"|>}
        {%- endif -%}
    {%- endfor -%}
{%- endmacro -%}
{%- macro format_function_declaration(tool_data) -%}
    declaration:{{- tool_data['function']['name'] -}}{description:<|"|>{{- tool_data['function']['description'] -}}<|"|>
    {%- set params = tool_data['function']['parameters'] -%}
    {%- if params -%}
        ,parameters:{
        {%- if params['properties'] -%}
            properties:{ {{- format_parameters(params['properties'], params['required']) -}} },
        {%- endif -%}
        {%- if params['required'] -%}
            required:[
            {%- for item in params['required'] -%}
                <|"|>{{- item -}}<|"|>
                {{- ',' if not loop.last -}}
            {%- endfor -%}
            ],
        {%- endif -%}
        {%- if params['type'] -%}
            type:<|"|>{{- params['type'] | upper -}}<|"|>}
        {%- endif -%}
    {%- endif -%}
    {%- if 'response' in tool_data['function'] -%}
        {%- set response_declaration = tool_data['function']['response'] -%}
        ,response:{
        {%- if response_declaration['description'] -%}
            description:<|"|>{{- response_declaration['description'] -}}<|"|>,
        {%- endif -%}
        {%- if response_declaration['type'] | upper == 'OBJECT' -%}
            type:<|"|>{{- response_declaration['type'] | upper -}}<|"|>}
        {%- endif -%}
    {%- endif -%}
    }
{%- endmacro -%}
{%- macro format_argument(argument, escape_keys=True) -%}
    {%- if argument is none -%}
        {{- 'null' -}}
    {%- elif argument is string -%}
        {{- '<|"|>' + argument + '<|"|>' -}}
    {%- elif argument is boolean -%}
        {{- 'true' if argument else 'false' -}}
    {%- elif argument is mapping -%}
        {{- '{' -}}
        {%- set ns = namespace(found_first=false) -%}
        {%- for key, value in argument | dictsort -%}
            {%- if ns.found_first %},{% endif -%}
            {%- set ns.found_first = true -%}
            {%- if escape_keys -%}
                {{- '<|"|>' + key + '<|"|>' -}}
            {%- else -%}
                {{- key -}}
            {%- endif -%}
            :{{- format_argument(value, escape_keys=escape_keys) -}}
        {%- endfor -%}
        {{- '}' -}}
    {%- elif argument is sequence -%}
        {{- '[' -}}
        {%- for item in argument -%}
            {{- format_argument(item, escape_keys=escape_keys) -}}
            {%- if not loop.last %},{% endif -%}
        {%- endfor -%}
        {{- ']' -}}
    {%- else -%}
        {{- argument -}}
    {%- endif -%}
{%- endmacro -%}
{%- macro strip_thinking(text) -%}
    {%- set ns = namespace(result='') -%}
    {%- for part in text.split('<channel|>') -%}
        {%- if '<|channel>' in part -%}
            {%- set ns.result = ns.result + part.split('<|channel>')[0] -%}
        {%- else -%}
            {%- set ns.result = ns.result + part -%}
        {%- endif -%}
    {%- endfor -%}
    {{- ns.result | trim -}}
{%- endmacro -%}

{%- macro format_tool_response_block(tool_name, response) -%}
    {{- '<|tool_response>' -}}
    {%- if response is mapping -%}
        {{- 'response:' + tool_name + '{' -}}
        {%- for key, value in response | dictsort -%}
            {{- key -}}:{{- format_argument(value, escape_keys=False) -}}
            {%- if not loop.last %},{% endif -%}
        {%- endfor -%}
        {{- '}' -}}
    {%- else -%}
        {{- 'response:' + tool_name + '{value:' + format_argument(response, escape_keys=False) + '}' -}}
    {%- endif -%}
    {{- '<tool_response|>' -}}
{%- endmacro -%}

{#- ===== SETUP ===== -#}
{%- set ns = namespace(prev_message_type=None, prev_non_tool_role=None) -%}
{%- set loop_messages = messages -%}
{%- set enable_thinking = enable_thinking | default(false) -%}
{%- set preserve_thinking = preserve_thinking | default(false) -%}
{{- bos_token -}}
{#- Handle System/Tool Definitions Block -#}
{%- if enable_thinking or tools or (messages and messages[0]['role'] in ['system', 'developer']) -%}
    {{- '<|turn>system\n' -}}
    {#- Inject Thinking token at the very top of the FIRST system turn -#}
    {%- if enable_thinking -%}
        {{- '<|think|>\n' -}}
        {%- set ns.prev_message_type = 'think' -%}
    {%- endif -%}
    {%- if messages and messages[0]['role'] in ['system', 'developer'] -%}
        {%- if messages[0]['content'] is string -%}
            {{- messages[0]['content'] | trim -}}
        {%- elif messages[0]['content'] is sequence -%}
            {%- for item in messages[0]['content'] -%}
                {{- item['text'] | trim + ' '-}}
            {%- endfor -%}
        {%- endif -%}
        {%- set loop_messages = messages[1:] -%}
    {%- endif -%}
    {%- if tools -%}
        {%- for tool in tools %}
            {{- '<|tool>' -}}
            {{- format_function_declaration(tool) | trim -}}
            {{- '<tool|>' -}}
        {%- endfor %}
        {%- set ns.prev_message_type = 'tool' -%}
    {%- endif -%}
    {{- '<turn|>\n' -}}
{%- endif %}

{#- Pre-scan: find last user message index for reasoning guard -#}
{%- set ns_turn = namespace(last_user_idx=-1) -%}
{%- for i in range(loop_messages | length) -%}
    {%- if loop_messages[i]['role'] == 'user' -%}
        {%- set ns_turn.last_user_idx = i -%}
    {%- endif -%}
{%- endfor -%}

{#- Loop through messages -#}
{%- for message in loop_messages -%}
    {%- if message['role'] != 'tool' -%}
    {%- set ns.prev_message_type = None -%}
    {%- set role = 'model' if message['role'] == 'assistant' else message['role'] -%}
    {#- Detect continuation using tracked state — O(1) instead of O(n) backward scan -#}
    {%- set continue_same_model_turn = (role == 'model' and ns.prev_non_tool_role == 'assistant') -%}
    {%- if not continue_same_model_turn -%}
        {{- '<|turn>' + role + '\n' }}

    {%- endif -%}

    {#- Render reasoning/reasoning_content as thinking channel -#}
    {%- set thinking_text = message.get('reasoning') or message.get('reasoning_content') -%}
    {%- set thinking_gate = (loop.index0 > ns_turn.last_user_idx) or (preserve_thinking and message.get('tool_calls')) -%}
    {%- if thinking_text and thinking_gate -%}
        {{- '<|channel>thought\n' + thinking_text + '\n<channel|>' -}}
    {%- endif -%}

            {%- if message.get('tool_calls') -%}
                {%- for tool_call in message.get('tool_calls') -%}
                    {%- set function = tool_call['function'] -%}
                    {{- '<|tool_call>call:' + function['name'] + '{' -}}
                    {%- if function['arguments'] is mapping -%}
                        {%- set ns_args = namespace(found_first=false) -%}
                        {%- for key, value in function['arguments'] | dictsort -%}
                            {%- if ns_args.found_first %},{% endif -%}
                            {%- set ns_args.found_first = true -%}
                            {{- key -}}:{{- format_argument(value, escape_keys=False) -}}
                        {%- endfor -%}
                    {%- elif function['arguments'] is none -%}
                    {%- else -%}
                        {{- raise_exception(
                            "chat_template: tool_calls[].function.arguments must be a "
                            "JSON object (mapping), not a string. Deserialize arguments "
                            "before passing to the template."
                        ) -}}
                    {%- endif -%}
                    {{- '}<tool_call|>' -}}
                {%- endfor -%}
                {%- set ns.prev_message_type = 'tool_call' -%}
            {%- endif -%}

            {%- set ns_tr_out = namespace(flag=false) -%}
            {%- if message.get('tool_responses') -%}
                {#- Legacy: tool_responses embedded on the assistant message (Google/Gemma native) -#}
                {%- for tool_response in message.get('tool_responses') -%}
                    {{- format_tool_response_block(tool_response['name'] | default('unknown', true), tool_response['response']) -}}
                    {%- set ns_tr_out.flag = true -%}
                    {%- set ns.prev_message_type = 'tool_response' -%}
                {%- endfor -%}
            {%- elif message.get('tool_calls') -%}
                {#- OpenAI Chat Completions: forward-scan consecutive role:tool messages -#}
                {%- set ns_tool_scan = namespace(stopped=false) -%}
                {%- for k in range(loop.index0 + 1, loop_messages | length) -%}
                    {%- if ns_tool_scan.stopped -%}
                    {%- elif loop_messages[k]['role'] != 'tool' -%}
                        {%- set ns_tool_scan.stopped = true -%}
                    {%- else -%}
                        {%- set follow = loop_messages[k] -%}
                        {#- Resolve tool_call_id to function name -#}
                        {%- set ns_tname = namespace(name=follow.get('name') or 'unknown') -%}
                        {%- for tc in message.get('tool_calls') -%}
                            {%- if tc.get('id') == follow.get('tool_call_id') -%}
                                {%- set ns_tname.name = tc['function']['name'] -%}
                            {%- endif -%}
                        {%- endfor -%}
                        {#- Handle content as string or content-parts array -#}
                        {%- set tool_body = follow.get('content') -%}
                        {%- if tool_body is string -%}
                            {{- format_tool_response_block(ns_tname.name, tool_body) -}}
                        {%- elif tool_body is sequence and tool_body is not string -%}
                            {%- set ns_txt = namespace(s='') -%}
                            {%- for part in tool_body -%}
                                {%- if part.get('type') == 'text' -%}
                                    {%- set ns_txt.s = ns_txt.s + (part.get('text') | default('')) -%}
                                {%- endif -%}
                            {%- endfor -%}
                            {{- format_tool_response_block(ns_tname.name, ns_txt.s) -}}
                            {%- for part in tool_body -%}
                                {%- if part.get('type') in ['image', 'image_url'] -%}
                                    {{- '<|image|>' -}}
                                {%- elif part.get('type') in ['audio', 'input_audio'] -%}
                                    {{- '<|audio|>' -}}
                                {%- elif part.get('type') == 'video' -%}
                                    {{- '<|video|>' -}}
                                {%- endif -%}
                            {%- endfor -%}
                        {%- else -%}
                            {{- format_tool_response_block(ns_tname.name, tool_body) -}}
                        {%- endif -%}
                        {%- set ns_tr_out.flag = true -%}
                        {%- set ns.prev_message_type = 'tool_response' -%}
                    {%- endif -%}
                {%- endfor -%}
            {%- endif -%}

            {%- set captured_content -%}
            {%- if message.get('content') is string -%}
                {%- if role == 'model' -%}
                    {{- strip_thinking(message['content']) -}}
                {%- else -%}
                    {{- message['content'] | trim -}}
                {%- endif -%}
            {%- elif message.get('content') is sequence -%}
                {%- for item in message['content'] -%}
                    {%- if item.get('type') == 'text' -%}
                        {%- if role == 'model' -%}
                            {{- strip_thinking(item['text']) -}}
                        {%- else -%}
                            {{- item['text'] | trim -}}
                        {%- endif -%}
                    {%- elif item.get('type') in ['image', 'image_url'] -%}
                        {{- '<|image|>' -}}
                    {%- elif item.get('type') in ['audio', 'input_audio'] -%}
                        {{- '<|audio|>' -}}
                    {%- elif item.get('type') == 'video' -%}
                        {{- '<|video|>' -}}
                    {%- endif -%}
                {%- endfor -%}
            {%- endif -%}
            {%- endset -%}

            {{- captured_content -}}
            {%- set has_content = captured_content | trim | length > 0 -%}

        {#- Forward-scan: find next non-tool message role for continuation detection -#}
        {%- set next_nt = namespace(role=None, found=false) -%}
        {%- for j in range(loop.index0 + 1, loop_messages | length) -%}
            {%- if not next_nt.found -%}
                {%- if loop_messages[j]['role'] != 'tool' -%}
                    {%- set next_nt.role = loop_messages[j]['role'] -%}
                    {%- set next_nt.found = true -%}
                {%- endif -%}
            {%- endif -%}
        {%- endfor -%}

        {%- set continues_into_next = (
            role == 'model'
            and next_nt.role == 'assistant'
            and (not message.get('tool_calls') or ns_tr_out.flag)
        ) -%}

        {%- if ns.prev_message_type == 'tool_call' and not ns_tr_out.flag -%}
            {{- '<|tool_response>' -}}
        {%- elif continues_into_next -%}
        {%- elif not (ns_tr_out.flag and not has_content and not next_nt.found) -%}
            {{- '<turn|>\n' -}}
        {%- endif -%}

    {#- Track previous non-tool role for next iteration (avoids O(n) backward scan) -#}
    {%- set ns.prev_non_tool_role = message['role'] -%}
    {%- endif -%}
{%- endfor -%}

{%- if add_generation_prompt -%}
    {%- if ns.prev_message_type != 'tool_response' and ns.prev_message_type != 'tool_call' -%}
        {{- '<|turn>model\n' -}}
        {%- if not enable_thinking -%}
            {{- '<|channel>thought\n<channel|>' -}}
        {%- endif -%}
    {%- elif ns.prev_message_type == 'tool_response' and enable_thinking -%}
        {{- '<|channel>thought\n' -}}
    {%- endif -%}
{%- endif -%}

Using chat eos_token: <eos>
Using chat bos_token: <bos>
ggml_cuda_graph_set_enabled: disabling CUDA graphs due to GPU architecture
llama_perf_context_print:        load time =     426.34 ms
llama_perf_context_print: prompt eval time =     426.07 ms /    50 tokens (    8.52 ms per token,   117.35 tokens per second)
llama_perf_context_print:        eval time =     562.84 ms /    14 runs   (   40.20 ms per token,    24.87 tokens per second)
llama_perf_context_print:       total time =    1000.94 ms /    64 tokens
llama_perf_context_print:    graphs reused =         13
~llama_context:      CUDA0 compute buffer size is 132.7500 MiB, matches expectation of 132.7500 MiB
~llama_context:  CUDA_Host compute buffer size is   9.7534 MiB, matches expectation of   9.7534 MiB
Loading gemma-3-1b-it-Q4_K_M.gguf with -1 GPU layers.
llama_model_loader: loaded meta data with 38 key-value pairs and 340 tensors from E:\Software Engineering Stuff\CS 157A\RAGdoll-AI-Assistant-Architecture-CS157A-Team5-Database-Project\models\models\gemma-3-1b-it-Q4_K_M.gguf (version GGUF V3 (latest))
llama_model_loader: Dumping metadata keys/values. Note: KV overrides do not apply in this output.
llama_model_loader: - kv   0:                       general.architecture str              = gemma3
llama_model_loader: - kv   1:                               general.type str              = model
llama_model_loader: - kv   2:                               general.name str              = Gemma 3 1b It
llama_model_loader: - kv   3:                           general.finetune str              = it
llama_model_loader: - kv   4:                           general.basename str              = gemma-3
llama_model_loader: - kv   5:                         general.size_label str              = 1B
llama_model_loader: - kv   6:                            general.license str              = gemma
llama_model_loader: - kv   7:                   general.base_model.count u32              = 1
llama_model_loader: - kv   8:                  general.base_model.0.name str              = Gemma 3 1b Pt
llama_model_loader: - kv   9:          general.base_model.0.organization str              = Google
llama_model_loader: - kv  10:              general.base_model.0.repo_url str              = https://huggingface.co/google/gemma-3...
llama_model_loader: - kv  11:                               general.tags arr[str,1]       = ["text-generation"]
llama_model_loader: - kv  12:                      gemma3.context_length u32              = 32768
llama_model_loader: - kv  13:                    gemma3.embedding_length u32              = 1152
llama_model_loader: - kv  14:                         gemma3.block_count u32              = 26
llama_model_loader: - kv  15:                 gemma3.feed_forward_length u32              = 6912
llama_model_loader: - kv  16:                gemma3.attention.head_count u32              = 4
llama_model_loader: - kv  17:    gemma3.attention.layer_norm_rms_epsilon f32              = 0.000001
llama_model_loader: - kv  18:                gemma3.attention.key_length u32              = 256
llama_model_loader: - kv  19:              gemma3.attention.value_length u32              = 256
llama_model_loader: - kv  20:                      gemma3.rope.freq_base f32              = 1000000.000000
llama_model_loader: - kv  21:            gemma3.attention.sliding_window u32              = 512
llama_model_loader: - kv  22:             gemma3.attention.head_count_kv u32              = 1
llama_model_loader: - kv  23:                       tokenizer.ggml.model str              = llama
llama_model_loader: - kv  24:                         tokenizer.ggml.pre str              = default
llama_model_loader: - kv  25:                      tokenizer.ggml.tokens arr[str,262144]  = ["<pad>", "<eos>", "<bos>", "<unk>", ...
llama_model_loader: - kv  26:                      tokenizer.ggml.scores arr[f32,262144]  = [-1000.000000, -1000.000000, -1000.00...
llama_model_loader: - kv  27:                  tokenizer.ggml.token_type arr[i32,262144]  = [3, 3, 3, 3, 3, 4, 3, 3, 3, 3, 3, 3, ...
llama_model_loader: - kv  28:                tokenizer.ggml.bos_token_id u32              = 2
llama_model_loader: - kv  29:                tokenizer.ggml.eos_token_id u32              = 1
llama_model_loader: - kv  30:            tokenizer.ggml.unknown_token_id u32              = 3
llama_model_loader: - kv  31:            tokenizer.ggml.padding_token_id u32              = 0
llama_model_loader: - kv  32:               tokenizer.ggml.add_bos_token bool             = true
llama_model_loader: - kv  33:               tokenizer.ggml.add_eos_token bool             = false
llama_model_loader: - kv  34:                    tokenizer.chat_template str              = {{ bos_token }}\n{%- if messages[0]['r...
llama_model_loader: - kv  35:            tokenizer.ggml.add_space_prefix bool             = false
llama_model_loader: - kv  36:               general.quantization_version u32              = 2
llama_model_loader: - kv  37:                          general.file_type u32              = 15
llama_model_loader: - type  f32:  157 tensors
llama_model_loader: - type q5_0:  117 tensors
llama_model_loader: - type q8_0:   14 tensors
llama_model_loader: - type q4_K:   39 tensors
llama_model_loader: - type q6_K:   13 tensors
print_info: file format = GGUF V3 (latest)
print_info: file type   = Q4_K - Medium
print_info: file size   = 762.49 MiB (6.40 BPW) 
llama_prepare_model_devices: using device CUDA0 (NVIDIA GeForce GTX 1080 Ti) (0000:08:00.0) - 10189 MiB free
init_tokenizer: initializing tokenizer for type 1
load: 6242 unused tokens
load: control token:      0 '<pad>' is not marked as EOG
load: control token:      3 '<unk>' is not marked as EOG
load: control token:      2 '<bos>' is not marked as EOG
load: control token:      4 '<mask>' is not marked as EOG
load: control token:    105 '<start_of_turn>' is not marked as EOG
load: control-looking token:    212 '</s>' was not control-type; this is probably a bug in the model. its type will be overridden
load: control token: 255999 '<start_of_image>' is not marked as EOG
load: control token: 256000 '<end_of_image>' is not marked as EOG
load: printing all EOG tokens:
load:   - 1 ('<eos>')
load:   - 106 ('<end_of_turn>')
load:   - 212 ('</s>')
load: special tokens cache size = 6414
load: token to piece cache size = 1.9446 MB
print_info: arch                  = gemma3
print_info: vocab_only            = 0
print_info: no_alloc              = 0
print_info: n_ctx_train           = 32768
print_info: n_embd_inp            = 1152
print_info: n_embd                = 1152
print_info: n_embd_out            = 1152
print_info: n_layer               = 26
print_info: n_layer_all           = 26
print_info: n_head                = 4
print_info: n_head_kv             = 1
print_info: n_rot                 = 256
print_info: n_swa                 = 512
print_info: is_swa_any            = 1
print_info: n_embd_head_k         = 256
print_info: n_embd_head_v         = 256
print_info: n_gqa                 = 4
print_info: n_embd_k_gqa          = 256
print_info: n_embd_v_gqa          = 256
print_info: f_norm_eps            = 0.0e+00
print_info: f_norm_rms_eps        = 1.0e-06
print_info: f_clamp_kqv           = 0.0e+00
print_info: f_max_alibi_bias      = 0.0e+00
print_info: f_logit_scale         = 0.0e+00
print_info: f_attn_scale          = 6.2e-02
print_info: f_attn_value_scale    = 0.0000
print_info: n_ff                  = 6912
print_info: n_expert              = 0
print_info: n_expert_used         = 0
print_info: n_expert_groups       = 0
print_info: n_group_used          = 0
print_info: causal attn           = 1
print_info: pooling type          = -1
print_info: rope type             = 2
print_info: rope scaling          = linear
print_info: freq_base_train       = 1000000.0
print_info: freq_scale_train      = 1
print_info: freq_base_swa         = 10000.0
print_info: freq_scale_swa        = 1
print_info: n_embd_head_k_swa     = 256
print_info: n_embd_head_v_swa     = 256
print_info: n_rot_swa             = 256
print_info: n_ctx_orig_yarn       = 32768
print_info: rope_yarn_log_mul     = 0.0000
print_info: rope_finetuned        = unknown
print_info: model type            = 1B
print_info: model params          = 999.89 M
print_info: general.name          = Gemma 3 1b It
print_info: vocab type            = SPM
print_info: n_vocab               = 262144
print_info: n_merges              = 0
print_info: BOS token             = 2 '<bos>'
print_info: EOS token             = 1 '<eos>'
print_info: EOT token             = 106 '<end_of_turn>'
print_info: UNK token             = 3 '<unk>'
print_info: PAD token             = 0 '<pad>'
print_info: LF token              = 248 '<0x0A>'
print_info: EOG token             = 1 '<eos>'
print_info: EOG token             = 106 '<end_of_turn>'
print_info: EOG token             = 212 '</s>'
print_info: max token length      = 48
load_tensors: loading model tensors, this can take a while... (mmap = true, direct_io = false)
load_tensors: layer   0 assigned to device CUDA0, is_swa = 1
load_tensors: layer   1 assigned to device CUDA0, is_swa = 1
load_tensors: layer   2 assigned to device CUDA0, is_swa = 1
load_tensors: layer   3 assigned to device CUDA0, is_swa = 1
load_tensors: layer   4 assigned to device CUDA0, is_swa = 1
load_tensors: layer   5 assigned to device CUDA0, is_swa = 0
load_tensors: layer   6 assigned to device CUDA0, is_swa = 1
load_tensors: layer   7 assigned to device CUDA0, is_swa = 1
load_tensors: layer   8 assigned to device CUDA0, is_swa = 1
load_tensors: layer   9 assigned to device CUDA0, is_swa = 1
load_tensors: layer  10 assigned to device CUDA0, is_swa = 1
load_tensors: layer  11 assigned to device CUDA0, is_swa = 0
load_tensors: layer  12 assigned to device CUDA0, is_swa = 1
load_tensors: layer  13 assigned to device CUDA0, is_swa = 1
load_tensors: layer  14 assigned to device CUDA0, is_swa = 1
load_tensors: layer  15 assigned to device CUDA0, is_swa = 1
load_tensors: layer  16 assigned to device CUDA0, is_swa = 1
load_tensors: layer  17 assigned to device CUDA0, is_swa = 0
load_tensors: layer  18 assigned to device CUDA0, is_swa = 1
load_tensors: layer  19 assigned to device CUDA0, is_swa = 1
load_tensors: layer  20 assigned to device CUDA0, is_swa = 1
load_tensors: layer  21 assigned to device CUDA0, is_swa = 1
load_tensors: layer  22 assigned to device CUDA0, is_swa = 1
load_tensors: layer  23 assigned to device CUDA0, is_swa = 0
load_tensors: layer  24 assigned to device CUDA0, is_swa = 1
load_tensors: layer  25 assigned to device CUDA0, is_swa = 1
load_tensors: layer  26 assigned to device CUDA0, is_swa = 0
create_tensor: loading tensor token_embd.weight
create_tensor: loading tensor output_norm.weight
create_tensor: loading tensor token_embd.weight
create_tensor: loading tensor blk.0.attn_norm.weight
create_tensor: loading tensor blk.0.attn_q.weight
create_tensor: loading tensor blk.0.attn_k.weight
create_tensor: loading tensor blk.0.attn_v.weight
create_tensor: loading tensor blk.0.attn_output.weight
create_tensor: loading tensor blk.0.post_attention_norm.weight
create_tensor: loading tensor blk.0.attn_k_norm.weight
create_tensor: loading tensor blk.0.attn_q_norm.weight
create_tensor: loading tensor blk.0.ffn_norm.weight
create_tensor: loading tensor blk.0.ffn_gate.weight
create_tensor: loading tensor blk.0.ffn_up.weight
create_tensor: loading tensor blk.0.ffn_down.weight
create_tensor: loading tensor blk.0.post_ffw_norm.weight
create_tensor: loading tensor blk.1.attn_norm.weight
create_tensor: loading tensor blk.1.attn_q.weight
create_tensor: loading tensor blk.1.attn_k.weight
create_tensor: loading tensor blk.1.attn_v.weight
create_tensor: loading tensor blk.1.attn_output.weight
create_tensor: loading tensor blk.1.post_attention_norm.weight
create_tensor: loading tensor blk.1.attn_k_norm.weight
create_tensor: loading tensor blk.1.attn_q_norm.weight
create_tensor: loading tensor blk.1.ffn_norm.weight
create_tensor: loading tensor blk.1.ffn_gate.weight
create_tensor: loading tensor blk.1.ffn_up.weight
create_tensor: loading tensor blk.1.ffn_down.weight
create_tensor: loading tensor blk.1.post_ffw_norm.weight
create_tensor: loading tensor blk.2.attn_norm.weight
create_tensor: loading tensor blk.2.attn_q.weight
create_tensor: loading tensor blk.2.attn_k.weight
create_tensor: loading tensor blk.2.attn_v.weight
create_tensor: loading tensor blk.2.attn_output.weight
create_tensor: loading tensor blk.2.post_attention_norm.weight
create_tensor: loading tensor blk.2.attn_k_norm.weight
create_tensor: loading tensor blk.2.attn_q_norm.weight
create_tensor: loading tensor blk.2.ffn_norm.weight
create_tensor: loading tensor blk.2.ffn_gate.weight
create_tensor: loading tensor blk.2.ffn_up.weight
create_tensor: loading tensor blk.2.ffn_down.weight
create_tensor: loading tensor blk.2.post_ffw_norm.weight
create_tensor: loading tensor blk.3.attn_norm.weight
create_tensor: loading tensor blk.3.attn_q.weight
create_tensor: loading tensor blk.3.attn_k.weight
create_tensor: loading tensor blk.3.attn_v.weight
create_tensor: loading tensor blk.3.attn_output.weight
create_tensor: loading tensor blk.3.post_attention_norm.weight
create_tensor: loading tensor blk.3.attn_k_norm.weight
create_tensor: loading tensor blk.3.attn_q_norm.weight
create_tensor: loading tensor blk.3.ffn_norm.weight
create_tensor: loading tensor blk.3.ffn_gate.weight
create_tensor: loading tensor blk.3.ffn_up.weight
create_tensor: loading tensor blk.3.ffn_down.weight
create_tensor: loading tensor blk.3.post_ffw_norm.weight
create_tensor: loading tensor blk.4.attn_norm.weight
create_tensor: loading tensor blk.4.attn_q.weight
create_tensor: loading tensor blk.4.attn_k.weight
create_tensor: loading tensor blk.4.attn_v.weight
create_tensor: loading tensor blk.4.attn_output.weight
create_tensor: loading tensor blk.4.post_attention_norm.weight
create_tensor: loading tensor blk.4.attn_k_norm.weight
create_tensor: loading tensor blk.4.attn_q_norm.weight
create_tensor: loading tensor blk.4.ffn_norm.weight
create_tensor: loading tensor blk.4.ffn_gate.weight
create_tensor: loading tensor blk.4.ffn_up.weight
create_tensor: loading tensor blk.4.ffn_down.weight
create_tensor: loading tensor blk.4.post_ffw_norm.weight
create_tensor: loading tensor blk.5.attn_norm.weight
create_tensor: loading tensor blk.5.attn_q.weight
create_tensor: loading tensor blk.5.attn_k.weight
create_tensor: loading tensor blk.5.attn_v.weight
create_tensor: loading tensor blk.5.attn_output.weight
create_tensor: loading tensor blk.5.post_attention_norm.weight
create_tensor: loading tensor blk.5.attn_k_norm.weight
create_tensor: loading tensor blk.5.attn_q_norm.weight
create_tensor: loading tensor blk.5.ffn_norm.weight
create_tensor: loading tensor blk.5.ffn_gate.weight
create_tensor: loading tensor blk.5.ffn_up.weight
create_tensor: loading tensor blk.5.ffn_down.weight
create_tensor: loading tensor blk.5.post_ffw_norm.weight
create_tensor: loading tensor blk.6.attn_norm.weight
create_tensor: loading tensor blk.6.attn_q.weight
create_tensor: loading tensor blk.6.attn_k.weight
create_tensor: loading tensor blk.6.attn_v.weight
create_tensor: loading tensor blk.6.attn_output.weight
create_tensor: loading tensor blk.6.post_attention_norm.weight
create_tensor: loading tensor blk.6.attn_k_norm.weight
create_tensor: loading tensor blk.6.attn_q_norm.weight
create_tensor: loading tensor blk.6.ffn_norm.weight
create_tensor: loading tensor blk.6.ffn_gate.weight
create_tensor: loading tensor blk.6.ffn_up.weight
create_tensor: loading tensor blk.6.ffn_down.weight
create_tensor: loading tensor blk.6.post_ffw_norm.weight
create_tensor: loading tensor blk.7.attn_norm.weight
create_tensor: loading tensor blk.7.attn_q.weight
create_tensor: loading tensor blk.7.attn_k.weight
create_tensor: loading tensor blk.7.attn_v.weight
create_tensor: loading tensor blk.7.attn_output.weight
create_tensor: loading tensor blk.7.post_attention_norm.weight
create_tensor: loading tensor blk.7.attn_k_norm.weight
create_tensor: loading tensor blk.7.attn_q_norm.weight
create_tensor: loading tensor blk.7.ffn_norm.weight
create_tensor: loading tensor blk.7.ffn_gate.weight
create_tensor: loading tensor blk.7.ffn_up.weight
create_tensor: loading tensor blk.7.ffn_down.weight
create_tensor: loading tensor blk.7.post_ffw_norm.weight
create_tensor: loading tensor blk.8.attn_norm.weight
create_tensor: loading tensor blk.8.attn_q.weight
create_tensor: loading tensor blk.8.attn_k.weight
create_tensor: loading tensor blk.8.attn_v.weight
create_tensor: loading tensor blk.8.attn_output.weight
create_tensor: loading tensor blk.8.post_attention_norm.weight
create_tensor: loading tensor blk.8.attn_k_norm.weight
create_tensor: loading tensor blk.8.attn_q_norm.weight
create_tensor: loading tensor blk.8.ffn_norm.weight
create_tensor: loading tensor blk.8.ffn_gate.weight
create_tensor: loading tensor blk.8.ffn_up.weight
create_tensor: loading tensor blk.8.ffn_down.weight
create_tensor: loading tensor blk.8.post_ffw_norm.weight
create_tensor: loading tensor blk.9.attn_norm.weight
create_tensor: loading tensor blk.9.attn_q.weight
create_tensor: loading tensor blk.9.attn_k.weight
create_tensor: loading tensor blk.9.attn_v.weight
create_tensor: loading tensor blk.9.attn_output.weight
create_tensor: loading tensor blk.9.post_attention_norm.weight
create_tensor: loading tensor blk.9.attn_k_norm.weight
create_tensor: loading tensor blk.9.attn_q_norm.weight
create_tensor: loading tensor blk.9.ffn_norm.weight
create_tensor: loading tensor blk.9.ffn_gate.weight
create_tensor: loading tensor blk.9.ffn_up.weight
create_tensor: loading tensor blk.9.ffn_down.weight
create_tensor: loading tensor blk.9.post_ffw_norm.weight
create_tensor: loading tensor blk.10.attn_norm.weight
create_tensor: loading tensor blk.10.attn_q.weight
create_tensor: loading tensor blk.10.attn_k.weight
create_tensor: loading tensor blk.10.attn_v.weight
create_tensor: loading tensor blk.10.attn_output.weight
create_tensor: loading tensor blk.10.post_attention_norm.weight
create_tensor: loading tensor blk.10.attn_k_norm.weight
create_tensor: loading tensor blk.10.attn_q_norm.weight
create_tensor: loading tensor blk.10.ffn_norm.weight
create_tensor: loading tensor blk.10.ffn_gate.weight
create_tensor: loading tensor blk.10.ffn_up.weight
create_tensor: loading tensor blk.10.ffn_down.weight
create_tensor: loading tensor blk.10.post_ffw_norm.weight
create_tensor: loading tensor blk.11.attn_norm.weight
create_tensor: loading tensor blk.11.attn_q.weight
create_tensor: loading tensor blk.11.attn_k.weight
create_tensor: loading tensor blk.11.attn_v.weight
create_tensor: loading tensor blk.11.attn_output.weight
create_tensor: loading tensor blk.11.post_attention_norm.weight
create_tensor: loading tensor blk.11.attn_k_norm.weight
create_tensor: loading tensor blk.11.attn_q_norm.weight
create_tensor: loading tensor blk.11.ffn_norm.weight
create_tensor: loading tensor blk.11.ffn_gate.weight
create_tensor: loading tensor blk.11.ffn_up.weight
create_tensor: loading tensor blk.11.ffn_down.weight
create_tensor: loading tensor blk.11.post_ffw_norm.weight
create_tensor: loading tensor blk.12.attn_norm.weight
create_tensor: loading tensor blk.12.attn_q.weight
create_tensor: loading tensor blk.12.attn_k.weight
create_tensor: loading tensor blk.12.attn_v.weight
create_tensor: loading tensor blk.12.attn_output.weight
create_tensor: loading tensor blk.12.post_attention_norm.weight
create_tensor: loading tensor blk.12.attn_k_norm.weight
create_tensor: loading tensor blk.12.attn_q_norm.weight
create_tensor: loading tensor blk.12.ffn_norm.weight
create_tensor: loading tensor blk.12.ffn_gate.weight
create_tensor: loading tensor blk.12.ffn_up.weight
create_tensor: loading tensor blk.12.ffn_down.weight
create_tensor: loading tensor blk.12.post_ffw_norm.weight
create_tensor: loading tensor blk.13.attn_norm.weight
create_tensor: loading tensor blk.13.attn_q.weight
create_tensor: loading tensor blk.13.attn_k.weight
create_tensor: loading tensor blk.13.attn_v.weight
create_tensor: loading tensor blk.13.attn_output.weight
create_tensor: loading tensor blk.13.post_attention_norm.weight
create_tensor: loading tensor blk.13.attn_k_norm.weight
create_tensor: loading tensor blk.13.attn_q_norm.weight
create_tensor: loading tensor blk.13.ffn_norm.weight
create_tensor: loading tensor blk.13.ffn_gate.weight
create_tensor: loading tensor blk.13.ffn_up.weight
create_tensor: loading tensor blk.13.ffn_down.weight
create_tensor: loading tensor blk.13.post_ffw_norm.weight
create_tensor: loading tensor blk.14.attn_norm.weight
create_tensor: loading tensor blk.14.attn_q.weight
create_tensor: loading tensor blk.14.attn_k.weight
create_tensor: loading tensor blk.14.attn_v.weight
create_tensor: loading tensor blk.14.attn_output.weight
create_tensor: loading tensor blk.14.post_attention_norm.weight
create_tensor: loading tensor blk.14.attn_k_norm.weight
create_tensor: loading tensor blk.14.attn_q_norm.weight
create_tensor: loading tensor blk.14.ffn_norm.weight
create_tensor: loading tensor blk.14.ffn_gate.weight
create_tensor: loading tensor blk.14.ffn_up.weight
create_tensor: loading tensor blk.14.ffn_down.weight
create_tensor: loading tensor blk.14.post_ffw_norm.weight
create_tensor: loading tensor blk.15.attn_norm.weight
create_tensor: loading tensor blk.15.attn_q.weight
create_tensor: loading tensor blk.15.attn_k.weight
create_tensor: loading tensor blk.15.attn_v.weight
create_tensor: loading tensor blk.15.attn_output.weight
create_tensor: loading tensor blk.15.post_attention_norm.weight
create_tensor: loading tensor blk.15.attn_k_norm.weight
create_tensor: loading tensor blk.15.attn_q_norm.weight
create_tensor: loading tensor blk.15.ffn_norm.weight
create_tensor: loading tensor blk.15.ffn_gate.weight
create_tensor: loading tensor blk.15.ffn_up.weight
create_tensor: loading tensor blk.15.ffn_down.weight
create_tensor: loading tensor blk.15.post_ffw_norm.weight
create_tensor: loading tensor blk.16.attn_norm.weight
create_tensor: loading tensor blk.16.attn_q.weight
create_tensor: loading tensor blk.16.attn_k.weight
create_tensor: loading tensor blk.16.attn_v.weight
create_tensor: loading tensor blk.16.attn_output.weight
create_tensor: loading tensor blk.16.post_attention_norm.weight
create_tensor: loading tensor blk.16.attn_k_norm.weight
create_tensor: loading tensor blk.16.attn_q_norm.weight
create_tensor: loading tensor blk.16.ffn_norm.weight
create_tensor: loading tensor blk.16.ffn_gate.weight
create_tensor: loading tensor blk.16.ffn_up.weight
create_tensor: loading tensor blk.16.ffn_down.weight
create_tensor: loading tensor blk.16.post_ffw_norm.weight
create_tensor: loading tensor blk.17.attn_norm.weight
create_tensor: loading tensor blk.17.attn_q.weight
create_tensor: loading tensor blk.17.attn_k.weight
create_tensor: loading tensor blk.17.attn_v.weight
create_tensor: loading tensor blk.17.attn_output.weight
create_tensor: loading tensor blk.17.post_attention_norm.weight
create_tensor: loading tensor blk.17.attn_k_norm.weight
create_tensor: loading tensor blk.17.attn_q_norm.weight
create_tensor: loading tensor blk.17.ffn_norm.weight
create_tensor: loading tensor blk.17.ffn_gate.weight
create_tensor: loading tensor blk.17.ffn_up.weight
create_tensor: loading tensor blk.17.ffn_down.weight
create_tensor: loading tensor blk.17.post_ffw_norm.weight
create_tensor: loading tensor blk.18.attn_norm.weight
create_tensor: loading tensor blk.18.attn_q.weight
create_tensor: loading tensor blk.18.attn_k.weight
create_tensor: loading tensor blk.18.attn_v.weight
create_tensor: loading tensor blk.18.attn_output.weight
create_tensor: loading tensor blk.18.post_attention_norm.weight
create_tensor: loading tensor blk.18.attn_k_norm.weight
create_tensor: loading tensor blk.18.attn_q_norm.weight
create_tensor: loading tensor blk.18.ffn_norm.weight
create_tensor: loading tensor blk.18.ffn_gate.weight
create_tensor: loading tensor blk.18.ffn_up.weight
create_tensor: loading tensor blk.18.ffn_down.weight
create_tensor: loading tensor blk.18.post_ffw_norm.weight
create_tensor: loading tensor blk.19.attn_norm.weight
create_tensor: loading tensor blk.19.attn_q.weight
create_tensor: loading tensor blk.19.attn_k.weight
create_tensor: loading tensor blk.19.attn_v.weight
create_tensor: loading tensor blk.19.attn_output.weight
create_tensor: loading tensor blk.19.post_attention_norm.weight
create_tensor: loading tensor blk.19.attn_k_norm.weight
create_tensor: loading tensor blk.19.attn_q_norm.weight
create_tensor: loading tensor blk.19.ffn_norm.weight
create_tensor: loading tensor blk.19.ffn_gate.weight
create_tensor: loading tensor blk.19.ffn_up.weight
create_tensor: loading tensor blk.19.ffn_down.weight
create_tensor: loading tensor blk.19.post_ffw_norm.weight
create_tensor: loading tensor blk.20.attn_norm.weight
create_tensor: loading tensor blk.20.attn_q.weight
create_tensor: loading tensor blk.20.attn_k.weight
create_tensor: loading tensor blk.20.attn_v.weight
create_tensor: loading tensor blk.20.attn_output.weight
create_tensor: loading tensor blk.20.post_attention_norm.weight
create_tensor: loading tensor blk.20.attn_k_norm.weight
create_tensor: loading tensor blk.20.attn_q_norm.weight
create_tensor: loading tensor blk.20.ffn_norm.weight
create_tensor: loading tensor blk.20.ffn_gate.weight
create_tensor: loading tensor blk.20.ffn_up.weight
create_tensor: loading tensor blk.20.ffn_down.weight
create_tensor: loading tensor blk.20.post_ffw_norm.weight
create_tensor: loading tensor blk.21.attn_norm.weight
create_tensor: loading tensor blk.21.attn_q.weight
create_tensor: loading tensor blk.21.attn_k.weight
create_tensor: loading tensor blk.21.attn_v.weight
create_tensor: loading tensor blk.21.attn_output.weight
create_tensor: loading tensor blk.21.post_attention_norm.weight
create_tensor: loading tensor blk.21.attn_k_norm.weight
create_tensor: loading tensor blk.21.attn_q_norm.weight
create_tensor: loading tensor blk.21.ffn_norm.weight
create_tensor: loading tensor blk.21.ffn_gate.weight
create_tensor: loading tensor blk.21.ffn_up.weight
create_tensor: loading tensor blk.21.ffn_down.weight
create_tensor: loading tensor blk.21.post_ffw_norm.weight
create_tensor: loading tensor blk.22.attn_norm.weight
create_tensor: loading tensor blk.22.attn_q.weight
create_tensor: loading tensor blk.22.attn_k.weight
create_tensor: loading tensor blk.22.attn_v.weight
create_tensor: loading tensor blk.22.attn_output.weight
create_tensor: loading tensor blk.22.post_attention_norm.weight
create_tensor: loading tensor blk.22.attn_k_norm.weight
create_tensor: loading tensor blk.22.attn_q_norm.weight
create_tensor: loading tensor blk.22.ffn_norm.weight
create_tensor: loading tensor blk.22.ffn_gate.weight
create_tensor: loading tensor blk.22.ffn_up.weight
create_tensor: loading tensor blk.22.ffn_down.weight
create_tensor: loading tensor blk.22.post_ffw_norm.weight
create_tensor: loading tensor blk.23.attn_norm.weight
create_tensor: loading tensor blk.23.attn_q.weight
create_tensor: loading tensor blk.23.attn_k.weight
create_tensor: loading tensor blk.23.attn_v.weight
create_tensor: loading tensor blk.23.attn_output.weight
create_tensor: loading tensor blk.23.post_attention_norm.weight
create_tensor: loading tensor blk.23.attn_k_norm.weight
create_tensor: loading tensor blk.23.attn_q_norm.weight
create_tensor: loading tensor blk.23.ffn_norm.weight
create_tensor: loading tensor blk.23.ffn_gate.weight
create_tensor: loading tensor blk.23.ffn_up.weight
create_tensor: loading tensor blk.23.ffn_down.weight
create_tensor: loading tensor blk.23.post_ffw_norm.weight
create_tensor: loading tensor blk.24.attn_norm.weight
create_tensor: loading tensor blk.24.attn_q.weight
create_tensor: loading tensor blk.24.attn_k.weight
create_tensor: loading tensor blk.24.attn_v.weight
create_tensor: loading tensor blk.24.attn_output.weight
create_tensor: loading tensor blk.24.post_attention_norm.weight
create_tensor: loading tensor blk.24.attn_k_norm.weight
create_tensor: loading tensor blk.24.attn_q_norm.weight
create_tensor: loading tensor blk.24.ffn_norm.weight
create_tensor: loading tensor blk.24.ffn_gate.weight
create_tensor: loading tensor blk.24.ffn_up.weight
create_tensor: loading tensor blk.24.ffn_down.weight
create_tensor: loading tensor blk.24.post_ffw_norm.weight
create_tensor: loading tensor blk.25.attn_norm.weight
create_tensor: loading tensor blk.25.attn_q.weight
create_tensor: loading tensor blk.25.attn_k.weight
create_tensor: loading tensor blk.25.attn_v.weight
create_tensor: loading tensor blk.25.attn_output.weight
create_tensor: loading tensor blk.25.post_attention_norm.weight
create_tensor: loading tensor blk.25.attn_k_norm.weight
create_tensor: loading tensor blk.25.attn_q_norm.weight
create_tensor: loading tensor blk.25.ffn_norm.weight
create_tensor: loading tensor blk.25.ffn_gate.weight
create_tensor: loading tensor blk.25.ffn_up.weight
create_tensor: loading tensor blk.25.ffn_down.weight
create_tensor: loading tensor blk.25.post_ffw_norm.weight
done_getting_tensors: tensor 'token_embd.weight' (q8_0) (and 0 others) cannot be used with preferred buffer type CUDA_Host, using CPU instead
load_tensors: offloading output layer to GPU
load_tensors: offloading 25 repeating layers to GPU
load_tensors: offloaded 27/27 layers to GPU
load_tensors:   CPU_Mapped model buffer size =   306.00 MiB
load_tensors:        CUDA0 model buffer size =   762.54 MiB
.............................................
llama_context: constructing llama_context
llama_context: n_seq_max     = 1
llama_context: n_ctx         = 2048
llama_context: n_ctx_seq     = 2048
llama_context: n_batch       = 256
llama_context: n_ubatch      = 128
llama_context: causal_attn   = 1
llama_context: flash_attn    = disabled
llama_context: kv_unified    = false
llama_context: freq_base     = 1000000.0
llama_context: freq_scale    = 1
llama_context: n_rs_seq      = 0
llama_context: n_outputs_max = 256
llama_context: n_ctx_seq (2048) < n_ctx_train (32768) -- the full capacity of the model will not be utilized
set_abort_callback: call
llama_context:  CUDA_Host  output buffer size =     1.00 MiB
llama_kv_cache_iswa: using full-size SWA cache (ref: https://github.com/ggml-org/llama.cpp/pull/13194#issuecomment-2868343055)
llama_kv_cache_iswa: creating non-SWA KV cache, size = 2048 cells
llama_kv_cache: layer   0: filtered
llama_kv_cache: layer   1: filtered
llama_kv_cache: layer   2: filtered
llama_kv_cache: layer   3: filtered
llama_kv_cache: layer   4: filtered
llama_kv_cache: layer   5: dev = CUDA0
llama_kv_cache: layer   6: filtered
llama_kv_cache: layer   7: filtered
llama_kv_cache: layer   8: filtered
llama_kv_cache: layer   9: filtered
llama_kv_cache: layer  10: filtered
llama_kv_cache: layer  11: dev = CUDA0
llama_kv_cache: layer  12: filtered
llama_kv_cache: layer  13: filtered
llama_kv_cache: layer  14: filtered
llama_kv_cache: layer  15: filtered
llama_kv_cache: layer  16: filtered
llama_kv_cache: layer  17: dev = CUDA0
llama_kv_cache: layer  18: filtered
llama_kv_cache: layer  19: filtered
llama_kv_cache: layer  20: filtered
llama_kv_cache: layer  21: filtered
llama_kv_cache: layer  22: filtered
llama_kv_cache: layer  23: dev = CUDA0
llama_kv_cache: layer  24: filtered
llama_kv_cache: layer  25: filtered
llama_kv_cache:      CUDA0 KV buffer size =     8.00 MiB
llama_kv_cache: size =    8.00 MiB (  2048 cells,   4 layers,  1/1 seqs), K (f16):    4.00 MiB, V (f16):    4.00 MiB
llama_kv_cache: attn_rot_k = 0, n_embd_head_k_all = 256
llama_kv_cache: attn_rot_v = 0, n_embd_head_k_all = 256
llama_kv_cache_iswa: creating     SWA KV cache, size = 2048 cells
llama_kv_cache: layer   0: dev = CUDA0
llama_kv_cache: layer   1: dev = CUDA0
llama_kv_cache: layer   2: dev = CUDA0
llama_kv_cache: layer   3: dev = CUDA0
llama_kv_cache: layer   4: dev = CUDA0
llama_kv_cache: layer   5: filtered
llama_kv_cache: layer   6: dev = CUDA0
llama_kv_cache: layer   7: dev = CUDA0
llama_kv_cache: layer   8: dev = CUDA0
llama_kv_cache: layer   9: dev = CUDA0
llama_kv_cache: layer  10: dev = CUDA0
llama_kv_cache: layer  11: filtered
llama_kv_cache: layer  12: dev = CUDA0
llama_kv_cache: layer  13: dev = CUDA0
llama_kv_cache: layer  14: dev = CUDA0
llama_kv_cache: layer  15: dev = CUDA0
llama_kv_cache: layer  16: dev = CUDA0
llama_kv_cache: layer  17: filtered
llama_kv_cache: layer  18: dev = CUDA0
llama_kv_cache: layer  19: dev = CUDA0
llama_kv_cache: layer  20: dev = CUDA0
llama_kv_cache: layer  21: dev = CUDA0
llama_kv_cache: layer  22: dev = CUDA0
llama_kv_cache: layer  23: filtered
llama_kv_cache: layer  24: dev = CUDA0
llama_kv_cache: layer  25: dev = CUDA0
llama_kv_cache:      CUDA0 KV buffer size =    44.00 MiB
llama_kv_cache: size =   44.00 MiB (  2048 cells,  22 layers,  1/1 seqs), K (f16):   22.00 MiB, V (f16):   22.00 MiB
llama_kv_cache: attn_rot_k = 0, n_embd_head_k_all = 256
llama_kv_cache: attn_rot_v = 0, n_embd_head_k_all = 256
llama_context: enumerating backends
llama_context: backend_ptrs.size() = 2
sched_reserve: reserving ...
sched_reserve: max_nodes = 2728
sched_reserve: reserving full memory module
sched_reserve: worst-case: n_tokens = 128, n_seqs = 1, n_outputs = 1
resolve_fused_ops: resolving fused Gated Delta Net support:
graph_reserve: reserving a graph for ubatch with n_tokens =    1, n_seqs =  1, n_outputs =    1
ggml_cuda_graph_set_enabled: disabling CUDA graphs due to GPU architecture
resolve_fused_ops: fused Gated Delta Net (autoregressive) enabled
graph_reserve: reserving a graph for ubatch with n_tokens =   16, n_seqs =  1, n_outputs =   16
resolve_fused_ops: fused Gated Delta Net (chunked) enabled
resolve_fused_ops: resolving fused Lightning Indexer support:
graph_reserve: reserving a graph for ubatch with n_tokens =    1, n_seqs =  1, n_outputs =    1
resolve_fused_ops: Lightning Indexer enabled
graph_reserve: reserving a graph for ubatch with n_tokens =  128, n_seqs =  1, n_outputs =  128
graph_reserve: reserving a graph for ubatch with n_tokens =    1, n_seqs =  1, n_outputs =    1
graph_reserve: reserving a graph for ubatch with n_tokens =  128, n_seqs =  1, n_outputs =  128
sched_reserve:      CUDA0 compute buffer size =   128.56 MiB
sched_reserve:  CUDA_Host compute buffer size =     3.63 MiB
sched_reserve: graph nodes  = 1177
sched_reserve: graph splits = 2
sched_reserve: reserve took 27.17 ms, sched copies = 1
CUDA : ARCHS = 600,610,700,750,800,860,890,900 | FORCE_MMQ = 1 | USE_GRAPHS = 1 | CPU : SSE3 = 1 | SSSE3 = 1 | AVX = 1 | AVX2 = 1 | F16C = 1 | FMA = 1 | LLAMAFILE = 1 | OPENMP = 1 | REPACK = 1 | 
Model metadata: {'general.name': 'Gemma 3 1b It', 'general.architecture': 'gemma3', 'gemma3.attention.key_length': '256', 'general.type': 'model', 'general.basename': 'gemma-3', 'general.finetune': 'it', 'general.size_label': '1B', 'general.license': 'gemma', 'general.base_model.count': '1', 'general.base_model.0.name': 'Gemma 3 1b Pt', 'general.base_model.0.organization': 'Google', 'general.base_model.0.repo_url': 'https://huggingface.co/google/gemma-3-1b-pt', 'gemma3.context_length': '32768', 'gemma3.attention.value_length': '256', 'gemma3.embedding_length': '1152', 'gemma3.block_count': '26', 'gemma3.feed_forward_length': '6912', 'gemma3.attention.head_count': '4', 'tokenizer.ggml.add_bos_token': 'true', 'gemma3.rope.freq_base': '1000000.000000', 'gemma3.attention.layer_norm_rms_epsilon': '0.000001', 'gemma3.attention.sliding_window': '512', 'gemma3.attention.head_count_kv': '1', 'tokenizer.ggml.model': 'llama', 'tokenizer.ggml.add_space_prefix': 'false', 'tokenizer.ggml.pre': 'default', 'general.quantization_version': '2', 'tokenizer.ggml.bos_token_id': '2', 'general.file_type': '15', 'tokenizer.ggml.eos_token_id': '1', 'tokenizer.ggml.unknown_token_id': '3', 'tokenizer.ggml.padding_token_id': '0', 'tokenizer.ggml.add_eos_token': 'false', 'tokenizer.chat_template': '{{ bos_token }}\n{%- if messages[0][\'role\'] == \'system\' -%}\n    {%- if messages[0][\'content\'] is string -%}\n        {%- set first_user_prefix = messages[0][\'content\'] + \'\n\n\' -%}\n    {%- else -%}\n        {%- set first_user_prefix = messages[0][\'content\'][0][\'text\'] + \'\n\n\' -%}\n    {%- endif -%}\n    {%- set loop_messages = messages[1:] -%}\n{%- else -%}\n    {%- set first_user_prefix = "" -%}\n    {%- set loop_messages = messages -%}\n{%- endif -%}\n{%- for message in loop_messages -%}\n    {%- if (message[\'role\'] == \'user\') != (loop.index0 % 2 == 0) -%}\n        {{ raise_exception("Conversation roles must alternate user/assistant/user/assistant/...") }}\n    {%- endif -%}\n    {%- if (message[\'role\'] == \'assistant\') -%}\n        {%- set role = "model" -%}\n    {%- else -%}\n        {%- set role = message[\'role\'] -%}\n    {%- endif -%}\n    {{ \'<start_of_turn>\' + role + \'\n\' + (first_user_prefix if loop.first else "") }}\n    {%- if message[\'content\'] is string -%}\n        {{ message[\'content\'] | trim }}\n    {%- elif message[\'content\'] is iterable -%}\n        {%- for item in message[\'content\'] -%}\n            {%- if item[\'type\'] == \'image\' -%}\n                {{ \'<start_of_image>\' }}\n            {%- elif item[\'type\'] == \'text\' -%}\n                {{ item[\'text\'] | trim }}\n            {%- endif -%}\n        {%- endfor -%}\n    {%- else -%}\n        {{ raise_exception("Invalid content type") }}\n    {%- endif -%}\n    {{ \'<end_of_turn>\n\' }}\n{%- endfor -%}\n{%- if add_generation_prompt -%}\n    {{\'<start_of_turn>model\n\'}}\n{%- endif -%}\n'}
Available chat formats from metadata: chat_template.default
Using gguf chat template: {{ bos_token }}
{%- if messages[0]['role'] == 'system' -%}
    {%- if messages[0]['content'] is string -%}
        {%- set first_user_prefix = messages[0]['content'] + '

' -%}
    {%- else -%}
        {%- set first_user_prefix = messages[0]['content'][0]['text'] + '

' -%}
    {%- endif -%}
    {%- set loop_messages = messages[1:] -%}
{%- else -%}
    {%- set first_user_prefix = "" -%}
    {%- set loop_messages = messages -%}
{%- endif -%}
{%- for message in loop_messages -%}
    {%- if (message['role'] == 'user') != (loop.index0 % 2 == 0) -%}
        {{ raise_exception("Conversation roles must alternate user/assistant/user/assistant/...") }}
    {%- endif -%}
    {%- if (message['role'] == 'assistant') -%}
        {%- set role = "model" -%}
    {%- else -%}
        {%- set role = message['role'] -%}
    {%- endif -%}
    {{ '<start_of_turn>' + role + '
' + (first_user_prefix if loop.first else "") }}
    {%- if message['content'] is string -%}
        {{ message['content'] | trim }}
    {%- elif message['content'] is iterable -%}
        {%- for item in message['content'] -%}
            {%- if item['type'] == 'image' -%}
                {{ '<start_of_image>' }}
            {%- elif item['type'] == 'text' -%}
                {{ item['text'] | trim }}
            {%- endif -%}
        {%- endfor -%}
    {%- else -%}
        {{ raise_exception("Invalid content type") }}
    {%- endif -%}
    {{ '<end_of_turn>
' }}
{%- endfor -%}
{%- if add_generation_prompt -%}
    {{'<start_of_turn>model
'}}
{%- endif -%}

Using chat eos_token: <eos>
Using chat bos_token: <bos>
ggml_cuda_graph_set_enabled: disabling CUDA graphs due to GPU architecture
llama_perf_context_print:        load time =     307.32 ms
llama_perf_context_print: prompt eval time =     292.32 ms /    67 tokens (    4.36 ms per token,   229.20 tokens per second)
llama_perf_context_print:        eval time =     208.87 ms /     9 runs   (   23.21 ms per token,    43.09 tokens per second)
llama_perf_context_print:       total time =     521.27 ms /    76 tokens
llama_perf_context_print:    graphs reused =          8
~llama_context:      CUDA0 compute buffer size is 128.5625 MiB, matches expectation of 128.5625 MiB
~llama_context:  CUDA_Host compute buffer size is   3.6284 MiB, matches expectation of   3.6284 MiB
Loading gemma-4-12B-it-Q4_K_M.gguf with -1 GPU layers.
llama_model_loader: loaded meta data with 56 key-value pairs and 667 tensors from E:\Software Engineering Stuff\CS 157A\RAGdoll-AI-Assistant-Architecture-CS157A-Team5-Database-Project\models\models\gemma-4-12B-it-Q4_K_M.gguf (version GGUF V3 (latest))
llama_model_loader: Dumping metadata keys/values. Note: KV overrides do not apply in this output.
llama_model_loader: - kv   0:                       general.architecture str              = gemma4
llama_model_loader: - kv   1:                               general.type str              = model
llama_model_loader: - kv   2:                     general.sampling.top_k i32              = 64
llama_model_loader: - kv   3:                     general.sampling.top_p f32              = 0.950000
llama_model_loader: - kv   4:                      general.sampling.temp f32              = 1.000000
llama_model_loader: - kv   5:                               general.name str              = Gemma 4 12B It
llama_model_loader: - kv   6:                           general.finetune str              = it
llama_model_loader: - kv   7:                           general.basename str              = gemma-4
llama_model_loader: - kv   8:                         general.size_label str              = 12B
llama_model_loader: - kv   9:                            general.license str              = apache-2.0
llama_model_loader: - kv  10:                       general.license.link str              = https://ai.google.dev/gemma/docs/gemm...
llama_model_loader: - kv  11:                   general.base_model.count u32              = 1
llama_model_loader: - kv  12:                  general.base_model.0.name str              = Gemma 4 12B
llama_model_loader: - kv  13:          general.base_model.0.organization str              = Google
llama_model_loader: - kv  14:              general.base_model.0.repo_url str              = https://huggingface.co/google/gemma-4...
llama_model_loader: - kv  15:                               general.tags arr[str,1]       = ["any-to-any"]
llama_model_loader: - kv  16:                         gemma4.block_count u32              = 48
llama_model_loader: - kv  17:                      gemma4.context_length u32              = 131072
llama_model_loader: - kv  18:                    gemma4.embedding_length u32              = 3840
llama_model_loader: - kv  19:                 gemma4.feed_forward_length u32              = 15360
llama_model_loader: - kv  20:                gemma4.attention.head_count u32              = 16
llama_model_loader: - kv  21:             gemma4.attention.head_count_kv arr[i32,48]      = [8, 8, 8, 8, 8, 1, 8, 8, 8, 8, 8, 1, ...
llama_model_loader: - kv  22:                      gemma4.rope.freq_base f32              = 1000000.000000
llama_model_loader: - kv  23:                  gemma4.rope.freq_base_swa f32              = 10000.000000
llama_model_loader: - kv  24:    gemma4.attention.layer_norm_rms_epsilon f32              = 0.000001
llama_model_loader: - kv  25:                gemma4.attention.key_length u32              = 512
llama_model_loader: - kv  26:              gemma4.attention.value_length u32              = 512
llama_model_loader: - kv  27:             gemma4.final_logit_softcapping f32              = 30.000000
llama_model_loader: - kv  28:            gemma4.attention.sliding_window u32              = 1024
llama_model_loader: - kv  29:          gemma4.attention.shared_kv_layers u32              = 0
llama_model_loader: - kv  30:    gemma4.embedding_length_per_layer_input u32              = 0
llama_model_loader: - kv  31:    gemma4.attention.sliding_window_pattern arr[bool,48]     = [true, true, true, true, true, false,...
llama_model_loader: - kv  32:            gemma4.attention.key_length_swa u32              = 256
llama_model_loader: - kv  33:          gemma4.attention.value_length_swa u32              = 256
llama_model_loader: - kv  34:                gemma4.rope.dimension_count u32              = 512
llama_model_loader: - kv  35:            gemma4.rope.dimension_count_swa u32              = 256
llama_model_loader: - kv  36:             tokenizer.ggml.suppress_tokens arr[i32,2]       = [258883, 258882]
llama_model_loader: - kv  37:                       tokenizer.ggml.model str              = gemma4
llama_model_loader: - kv  38:                      tokenizer.ggml.tokens arr[str,262144]  = ["<pad>", "<eos>", "<bos>", "<unk>", ...
llama_model_loader: - kv  39:                      tokenizer.ggml.scores arr[f32,262144]  = [-1000.000000, -1000.000000, -1000.00...
llama_model_loader: - kv  40:                  tokenizer.ggml.token_type arr[i32,262144]  = [3, 3, 3, 3, 3, 1, 1, 1, 1, 1, 1, 1, ...
llama_model_loader: - kv  41:                      tokenizer.ggml.merges arr[str,514906]  = ["\n\n\n\n\n\n\n\n\n\n\n\n\n\n\n\n\n\n\n\n\n\n\n\n\n\n\n\n\n\n \n", ...
llama_model_loader: - kv  42:                tokenizer.ggml.bos_token_id u32              = 2
llama_model_loader: - kv  43:                tokenizer.ggml.eos_token_id u32              = 1
llama_model_loader: - kv  44:            tokenizer.ggml.unknown_token_id u32              = 3
llama_model_loader: - kv  45:            tokenizer.ggml.padding_token_id u32              = 0
llama_model_loader: - kv  46:               tokenizer.ggml.mask_token_id u32              = 4
llama_model_loader: - kv  47:            tokenizer.ggml.add_space_prefix bool             = false
llama_model_loader: - kv  48:               tokenizer.ggml.add_bos_token bool             = true
llama_model_loader: - kv  49:               general.quantization_version u32              = 2
llama_model_loader: - kv  50:                          general.file_type u32              = 15
llama_model_loader: - kv  51:                      quantize.imatrix.file str              = /models_out/gemma-4-12B-it-GGUF/gemma...
llama_model_loader: - kv  52:                   quantize.imatrix.dataset str              = /training_dir/calibration_datav5.txt
llama_model_loader: - kv  53:             quantize.imatrix.entries_count u32              = 328
llama_model_loader: - kv  54:              quantize.imatrix.chunks_count u32              = 886
llama_model_loader: - kv  55:                    tokenizer.chat_template str              = {#\n  Template: Google Gemma 4 Canonic...
llama_model_loader: - type  f32:  338 tensors
llama_model_loader: - type q4_K:  164 tensors
llama_model_loader: - type q5_K:   96 tensors
llama_model_loader: - type q6_K:   69 tensors
print_info: file format = GGUF V3 (latest)
print_info: file type   = Q4_K - Medium
print_info: file size   = 7.12 GiB (5.14 BPW) 
llama_prepare_model_devices: using device CUDA0 (NVIDIA GeForce GTX 1080 Ti) (0000:08:00.0) - 10189 MiB free
init_tokenizer: initializing tokenizer for type 2
load: 0 unused tokens
load: control token:      0 '<pad>' is not marked as EOG
load: control token:      3 '<unk>' is not marked as EOG
load: control token:      2 '<bos>' is not marked as EOG
load: control token:      4 '<mask>' is not marked as EOG
load: control token:     47 '<tool|>' is not marked as EOG
load: control token:     98 '<|think|>' is not marked as EOG
load: control token:     46 '<|tool>' is not marked as EOG
load: control-looking token:     50 '<|tool_response>' was not control-type; this is probably a bug in the model. its type will be overridden
load: control token:    105 '<|turn>' is not marked as EOG
load: control-looking token:    212 '</s>' was not control-type; this is probably a bug in the model. its type will be overridden
load: control token: 258880 '<|image|>' is not marked as EOG
load: control token: 258882 '<image|>' is not marked as EOG
load: control token: 256000 '<|audio>' is not marked as EOG
load: control token: 258883 '<audio|>' is not marked as EOG
load: control token: 258884 '<|video|>' is not marked as EOG
load: control token: 255999 '<|image>' is not marked as EOG
load: control token: 258881 '<|audio|>' is not marked as EOG
load: printing all EOG tokens:
load:   - 1 ('<eos>')
load:   - 50 ('<|tool_response>')
load:   - 106 ('<turn|>')
load:   - 212 ('</s>')
load: special_eog_ids contains '<|tool_response>', removing '</s>' token from EOG list
load: special tokens cache size = 24
load: token to piece cache size = 1.9445 MB
print_info: arch                  = gemma4
print_info: vocab_only            = 0
print_info: no_alloc              = 0
print_info: n_ctx_train           = 131072
print_info: n_embd_inp            = 3840
print_info: n_embd                = 3840
print_info: n_embd_out            = 3840
print_info: n_layer               = 48
print_info: n_layer_all           = 48
print_info: n_head                = 16
print_info: n_head_kv             = [8, 8, 8, 8, 8, 1, 8, 8, 8, 8, 8, 1, 8, 8, 8, 8, 8, 1, 8, 8, 8, 8, 8, 1, 8, 8, 8, 8, 8, 1, 8, 8, 8, 8, 8, 1, 8, 8, 8, 8, 8, 1, 8, 8, 8, 8, 8, 1]
print_info: n_rot                 = 512
print_info: n_swa                 = 1024
print_info: is_swa_any            = 1
print_info: n_embd_head_k         = 512
print_info: n_embd_head_v         = 512
print_info: n_gqa                 = [2, 2, 2, 2, 2, 16, 2, 2, 2, 2, 2, 16, 2, 2, 2, 2, 2, 16, 2, 2, 2, 2, 2, 16, 2, 2, 2, 2, 2, 16, 2, 2, 2, 2, 2, 16, 2, 2, 2, 2, 2, 16, 2, 2, 2, 2, 2, 16]
print_info: n_embd_k_gqa          = [2048, 2048, 2048, 2048, 2048, 512, 2048, 2048, 2048, 2048, 2048, 512, 2048, 2048, 2048, 2048, 2048, 512, 2048, 2048, 2048, 2048, 2048, 512, 2048, 2048, 2048, 2048, 2048, 512, 2048, 2048, 2048, 2048, 2048, 512, 2048, 2048, 2048, 2048, 2048, 512, 2048, 2048, 2048, 2048, 2048, 512]
print_info: n_embd_v_gqa          = [2048, 2048, 2048, 2048, 2048, 512, 2048, 2048, 2048, 2048, 2048, 512, 2048, 2048, 2048, 2048, 2048, 512, 2048, 2048, 2048, 2048, 2048, 512, 2048, 2048, 2048, 2048, 2048, 512, 2048, 2048, 2048, 2048, 2048, 512, 2048, 2048, 2048, 2048, 2048, 512, 2048, 2048, 2048, 2048, 2048, 512]
print_info: f_norm_eps            = 0.0e+00
print_info: f_norm_rms_eps        = 1.0e-06
print_info: f_clamp_kqv           = 0.0e+00
print_info: f_max_alibi_bias      = 0.0e+00
print_info: f_logit_scale         = 0.0e+00
print_info: f_attn_scale          = 1.0e+00
print_info: f_attn_value_scale    = 0.0000
print_info: n_ff                  = 15360
print_info: n_expert              = 0
print_info: n_expert_used         = 0
print_info: n_expert_groups       = 0
print_info: n_group_used          = 0
print_info: causal attn           = 1
print_info: pooling type          = -1
print_info: rope type             = 2
print_info: rope scaling          = linear
print_info: freq_base_train       = 1000000.0
print_info: freq_scale_train      = 1
print_info: freq_base_swa         = 10000.0
print_info: freq_scale_swa        = 1
print_info: n_embd_head_k_swa     = 256
print_info: n_embd_head_v_swa     = 256
print_info: n_rot_swa             = 256
print_info: n_ctx_orig_yarn       = 131072
print_info: rope_yarn_log_mul     = 0.0000
print_info: rope_finetuned        = unknown
print_info: model type            = ?B
print_info: model params          = 11.91 B
print_info: general.name          = Gemma 4 12B It
print_info: vocab type            = BPE
print_info: n_vocab               = 262144
print_info: n_merges              = 514906
print_info: BOS token             = 2 '<bos>'
print_info: EOS token             = 1 '<eos>'
print_info: UNK token             = 3 '<unk>'
print_info: PAD token             = 0 '<pad>'
print_info: MASK token            = 4 '<mask>'
print_info: LF token              = 107 '
'
print_info: EOG token             = 1 '<eos>'
print_info: EOG token             = 50 '<|tool_response>'
print_info: EOG token             = 106 '<turn|>'
print_info: max token length      = 93
load_tensors: loading model tensors, this can take a while... (mmap = true, direct_io = false)
load_tensors: layer   0 assigned to device CUDA0, is_swa = 1
load_tensors: layer   1 assigned to device CUDA0, is_swa = 1
load_tensors: layer   2 assigned to device CUDA0, is_swa = 1
load_tensors: layer   3 assigned to device CUDA0, is_swa = 1
load_tensors: layer   4 assigned to device CUDA0, is_swa = 1
load_tensors: layer   5 assigned to device CUDA0, is_swa = 0
load_tensors: layer   6 assigned to device CUDA0, is_swa = 1
load_tensors: layer   7 assigned to device CUDA0, is_swa = 1
load_tensors: layer   8 assigned to device CUDA0, is_swa = 1
load_tensors: layer   9 assigned to device CUDA0, is_swa = 1
load_tensors: layer  10 assigned to device CUDA0, is_swa = 1
load_tensors: layer  11 assigned to device CUDA0, is_swa = 0
load_tensors: layer  12 assigned to device CUDA0, is_swa = 1
load_tensors: layer  13 assigned to device CUDA0, is_swa = 1
load_tensors: layer  14 assigned to device CUDA0, is_swa = 1
load_tensors: layer  15 assigned to device CUDA0, is_swa = 1
load_tensors: layer  16 assigned to device CUDA0, is_swa = 1
load_tensors: layer  17 assigned to device CUDA0, is_swa = 0
load_tensors: layer  18 assigned to device CUDA0, is_swa = 1
load_tensors: layer  19 assigned to device CUDA0, is_swa = 1
load_tensors: layer  20 assigned to device CUDA0, is_swa = 1
load_tensors: layer  21 assigned to device CUDA0, is_swa = 1
load_tensors: layer  22 assigned to device CUDA0, is_swa = 1
load_tensors: layer  23 assigned to device CUDA0, is_swa = 0
load_tensors: layer  24 assigned to device CUDA0, is_swa = 1
load_tensors: layer  25 assigned to device CUDA0, is_swa = 1
load_tensors: layer  26 assigned to device CUDA0, is_swa = 1
load_tensors: layer  27 assigned to device CUDA0, is_swa = 1
load_tensors: layer  28 assigned to device CUDA0, is_swa = 1
load_tensors: layer  29 assigned to device CUDA0, is_swa = 0
load_tensors: layer  30 assigned to device CUDA0, is_swa = 1
load_tensors: layer  31 assigned to device CUDA0, is_swa = 1
load_tensors: layer  32 assigned to device CUDA0, is_swa = 1
load_tensors: layer  33 assigned to device CUDA0, is_swa = 1
load_tensors: layer  34 assigned to device CUDA0, is_swa = 1
load_tensors: layer  35 assigned to device CUDA0, is_swa = 0
load_tensors: layer  36 assigned to device CUDA0, is_swa = 1
load_tensors: layer  37 assigned to device CUDA0, is_swa = 1
load_tensors: layer  38 assigned to device CUDA0, is_swa = 1
load_tensors: layer  39 assigned to device CUDA0, is_swa = 1
load_tensors: layer  40 assigned to device CUDA0, is_swa = 1
load_tensors: layer  41 assigned to device CUDA0, is_swa = 0
load_tensors: layer  42 assigned to device CUDA0, is_swa = 1
load_tensors: layer  43 assigned to device CUDA0, is_swa = 1
load_tensors: layer  44 assigned to device CUDA0, is_swa = 1
load_tensors: layer  45 assigned to device CUDA0, is_swa = 1
load_tensors: layer  46 assigned to device CUDA0, is_swa = 1
load_tensors: layer  47 assigned to device CUDA0, is_swa = 0
load_tensors: layer  48 assigned to device CUDA0, is_swa = 0
create_tensor: loading tensor token_embd.weight
create_tensor: loading tensor token_embd.weight
create_tensor: loading tensor output_norm.weight
create_tensor: loading tensor blk.0.attn_norm.weight
create_tensor: loading tensor blk.0.attn_q.weight
create_tensor: loading tensor blk.0.attn_k.weight
create_tensor: loading tensor blk.0.attn_v.weight
create_tensor: loading tensor blk.0.attn_output.weight
create_tensor: loading tensor blk.0.attn_q_norm.weight
create_tensor: loading tensor blk.0.attn_k_norm.weight
create_tensor: loading tensor blk.0.post_attention_norm.weight
create_tensor: loading tensor blk.0.layer_output_scale.weight
create_tensor: loading tensor blk.0.ffn_norm.weight
create_tensor: loading tensor blk.0.ffn_gate.weight
create_tensor: loading tensor blk.0.ffn_up.weight
create_tensor: loading tensor blk.0.ffn_down.weight
create_tensor: loading tensor blk.0.post_ffw_norm.weight
create_tensor: loading tensor blk.1.attn_norm.weight
create_tensor: loading tensor blk.1.attn_q.weight
create_tensor: loading tensor blk.1.attn_k.weight
create_tensor: loading tensor blk.1.attn_v.weight
create_tensor: loading tensor blk.1.attn_output.weight
create_tensor: loading tensor blk.1.attn_q_norm.weight
create_tensor: loading tensor blk.1.attn_k_norm.weight
create_tensor: loading tensor blk.1.post_attention_norm.weight
create_tensor: loading tensor blk.1.layer_output_scale.weight
create_tensor: loading tensor blk.1.ffn_norm.weight
create_tensor: loading tensor blk.1.ffn_gate.weight
create_tensor: loading tensor blk.1.ffn_up.weight
create_tensor: loading tensor blk.1.ffn_down.weight
create_tensor: loading tensor blk.1.post_ffw_norm.weight
create_tensor: loading tensor blk.2.attn_norm.weight
create_tensor: loading tensor blk.2.attn_q.weight
create_tensor: loading tensor blk.2.attn_k.weight
create_tensor: loading tensor blk.2.attn_v.weight
create_tensor: loading tensor blk.2.attn_output.weight
create_tensor: loading tensor blk.2.attn_q_norm.weight
create_tensor: loading tensor blk.2.attn_k_norm.weight
create_tensor: loading tensor blk.2.post_attention_norm.weight
create_tensor: loading tensor blk.2.layer_output_scale.weight
create_tensor: loading tensor blk.2.ffn_norm.weight
create_tensor: loading tensor blk.2.ffn_gate.weight
create_tensor: loading tensor blk.2.ffn_up.weight
create_tensor: loading tensor blk.2.ffn_down.weight
create_tensor: loading tensor blk.2.post_ffw_norm.weight
create_tensor: loading tensor blk.3.attn_norm.weight
create_tensor: loading tensor blk.3.attn_q.weight
create_tensor: loading tensor blk.3.attn_k.weight
create_tensor: loading tensor blk.3.attn_v.weight
create_tensor: loading tensor blk.3.attn_output.weight
create_tensor: loading tensor blk.3.attn_q_norm.weight
create_tensor: loading tensor blk.3.attn_k_norm.weight
create_tensor: loading tensor blk.3.post_attention_norm.weight
create_tensor: loading tensor blk.3.layer_output_scale.weight
create_tensor: loading tensor blk.3.ffn_norm.weight
create_tensor: loading tensor blk.3.ffn_gate.weight
create_tensor: loading tensor blk.3.ffn_up.weight
create_tensor: loading tensor blk.3.ffn_down.weight
create_tensor: loading tensor blk.3.post_ffw_norm.weight
create_tensor: loading tensor blk.4.attn_norm.weight
create_tensor: loading tensor blk.4.attn_q.weight
create_tensor: loading tensor blk.4.attn_k.weight
create_tensor: loading tensor blk.4.attn_v.weight
create_tensor: loading tensor blk.4.attn_output.weight
create_tensor: loading tensor blk.4.attn_q_norm.weight
create_tensor: loading tensor blk.4.attn_k_norm.weight
create_tensor: loading tensor blk.4.post_attention_norm.weight
create_tensor: loading tensor blk.4.layer_output_scale.weight
create_tensor: loading tensor blk.4.ffn_norm.weight
create_tensor: loading tensor blk.4.ffn_gate.weight
create_tensor: loading tensor blk.4.ffn_up.weight
create_tensor: loading tensor blk.4.ffn_down.weight
create_tensor: loading tensor blk.4.post_ffw_norm.weight
create_tensor: loading tensor blk.5.attn_norm.weight
create_tensor: loading tensor blk.5.attn_q.weight
create_tensor: loading tensor blk.5.attn_k.weight
create_tensor: loading tensor blk.5.attn_output.weight
create_tensor: loading tensor blk.5.attn_q_norm.weight
create_tensor: loading tensor blk.5.attn_k_norm.weight
create_tensor: loading tensor blk.5.post_attention_norm.weight
create_tensor: loading tensor blk.5.layer_output_scale.weight
create_tensor: loading tensor rope_freqs.weight
create_tensor: loading tensor blk.5.ffn_norm.weight
create_tensor: loading tensor blk.5.ffn_gate.weight
create_tensor: loading tensor blk.5.ffn_up.weight
create_tensor: loading tensor blk.5.ffn_down.weight
create_tensor: loading tensor blk.5.post_ffw_norm.weight
create_tensor: loading tensor blk.6.attn_norm.weight
create_tensor: loading tensor blk.6.attn_q.weight
create_tensor: loading tensor blk.6.attn_k.weight
create_tensor: loading tensor blk.6.attn_v.weight
create_tensor: loading tensor blk.6.attn_output.weight
create_tensor: loading tensor blk.6.attn_q_norm.weight
create_tensor: loading tensor blk.6.attn_k_norm.weight
create_tensor: loading tensor blk.6.post_attention_norm.weight
create_tensor: loading tensor blk.6.layer_output_scale.weight
create_tensor: loading tensor blk.6.ffn_norm.weight
create_tensor: loading tensor blk.6.ffn_gate.weight
create_tensor: loading tensor blk.6.ffn_up.weight
create_tensor: loading tensor blk.6.ffn_down.weight
create_tensor: loading tensor blk.6.post_ffw_norm.weight
create_tensor: loading tensor blk.7.attn_norm.weight
create_tensor: loading tensor blk.7.attn_q.weight
create_tensor: loading tensor blk.7.attn_k.weight
create_tensor: loading tensor blk.7.attn_v.weight
create_tensor: loading tensor blk.7.attn_output.weight
create_tensor: loading tensor blk.7.attn_q_norm.weight
create_tensor: loading tensor blk.7.attn_k_norm.weight
create_tensor: loading tensor blk.7.post_attention_norm.weight
create_tensor: loading tensor blk.7.layer_output_scale.weight
create_tensor: loading tensor blk.7.ffn_norm.weight
create_tensor: loading tensor blk.7.ffn_gate.weight
create_tensor: loading tensor blk.7.ffn_up.weight
create_tensor: loading tensor blk.7.ffn_down.weight
create_tensor: loading tensor blk.7.post_ffw_norm.weight
create_tensor: loading tensor blk.8.attn_norm.weight
create_tensor: loading tensor blk.8.attn_q.weight
create_tensor: loading tensor blk.8.attn_k.weight
create_tensor: loading tensor blk.8.attn_v.weight
create_tensor: loading tensor blk.8.attn_output.weight
create_tensor: loading tensor blk.8.attn_q_norm.weight
create_tensor: loading tensor blk.8.attn_k_norm.weight
create_tensor: loading tensor blk.8.post_attention_norm.weight
create_tensor: loading tensor blk.8.layer_output_scale.weight
create_tensor: loading tensor blk.8.ffn_norm.weight
create_tensor: loading tensor blk.8.ffn_gate.weight
create_tensor: loading tensor blk.8.ffn_up.weight
create_tensor: loading tensor blk.8.ffn_down.weight
create_tensor: loading tensor blk.8.post_ffw_norm.weight
create_tensor: loading tensor blk.9.attn_norm.weight
create_tensor: loading tensor blk.9.attn_q.weight
create_tensor: loading tensor blk.9.attn_k.weight
create_tensor: loading tensor blk.9.attn_v.weight
create_tensor: loading tensor blk.9.attn_output.weight
create_tensor: loading tensor blk.9.attn_q_norm.weight
create_tensor: loading tensor blk.9.attn_k_norm.weight
create_tensor: loading tensor blk.9.post_attention_norm.weight
create_tensor: loading tensor blk.9.layer_output_scale.weight
create_tensor: loading tensor blk.9.ffn_norm.weight
create_tensor: loading tensor blk.9.ffn_gate.weight
create_tensor: loading tensor blk.9.ffn_up.weight
create_tensor: loading tensor blk.9.ffn_down.weight
create_tensor: loading tensor blk.9.post_ffw_norm.weight
create_tensor: loading tensor blk.10.attn_norm.weight
create_tensor: loading tensor blk.10.attn_q.weight
create_tensor: loading tensor blk.10.attn_k.weight
create_tensor: loading tensor blk.10.attn_v.weight
create_tensor: loading tensor blk.10.attn_output.weight
create_tensor: loading tensor blk.10.attn_q_norm.weight
create_tensor: loading tensor blk.10.attn_k_norm.weight
create_tensor: loading tensor blk.10.post_attention_norm.weight
create_tensor: loading tensor blk.10.layer_output_scale.weight
create_tensor: loading tensor blk.10.ffn_norm.weight
create_tensor: loading tensor blk.10.ffn_gate.weight
create_tensor: loading tensor blk.10.ffn_up.weight
create_tensor: loading tensor blk.10.ffn_down.weight
create_tensor: loading tensor blk.10.post_ffw_norm.weight
create_tensor: loading tensor blk.11.attn_norm.weight
create_tensor: loading tensor blk.11.attn_q.weight
create_tensor: loading tensor blk.11.attn_k.weight
create_tensor: loading tensor blk.11.attn_output.weight
create_tensor: loading tensor blk.11.attn_q_norm.weight
create_tensor: loading tensor blk.11.attn_k_norm.weight
create_tensor: loading tensor blk.11.post_attention_norm.weight
create_tensor: loading tensor blk.11.layer_output_scale.weight
create_tensor: loading tensor blk.11.ffn_norm.weight
create_tensor: loading tensor blk.11.ffn_gate.weight
create_tensor: loading tensor blk.11.ffn_up.weight
create_tensor: loading tensor blk.11.ffn_down.weight
create_tensor: loading tensor blk.11.post_ffw_norm.weight
create_tensor: loading tensor blk.12.attn_norm.weight
create_tensor: loading tensor blk.12.attn_q.weight
create_tensor: loading tensor blk.12.attn_k.weight
create_tensor: loading tensor blk.12.attn_v.weight
create_tensor: loading tensor blk.12.attn_output.weight
create_tensor: loading tensor blk.12.attn_q_norm.weight
create_tensor: loading tensor blk.12.attn_k_norm.weight
create_tensor: loading tensor blk.12.post_attention_norm.weight
create_tensor: loading tensor blk.12.layer_output_scale.weight
create_tensor: loading tensor blk.12.ffn_norm.weight
create_tensor: loading tensor blk.12.ffn_gate.weight
create_tensor: loading tensor blk.12.ffn_up.weight
create_tensor: loading tensor blk.12.ffn_down.weight
create_tensor: loading tensor blk.12.post_ffw_norm.weight
create_tensor: loading tensor blk.13.attn_norm.weight
create_tensor: loading tensor blk.13.attn_q.weight
create_tensor: loading tensor blk.13.attn_k.weight
create_tensor: loading tensor blk.13.attn_v.weight
create_tensor: loading tensor blk.13.attn_output.weight
create_tensor: loading tensor blk.13.attn_q_norm.weight
create_tensor: loading tensor blk.13.attn_k_norm.weight
create_tensor: loading tensor blk.13.post_attention_norm.weight
create_tensor: loading tensor blk.13.layer_output_scale.weight
create_tensor: loading tensor blk.13.ffn_norm.weight
create_tensor: loading tensor blk.13.ffn_gate.weight
create_tensor: loading tensor blk.13.ffn_up.weight
create_tensor: loading tensor blk.13.ffn_down.weight
create_tensor: loading tensor blk.13.post_ffw_norm.weight
create_tensor: loading tensor blk.14.attn_norm.weight
create_tensor: loading tensor blk.14.attn_q.weight
create_tensor: loading tensor blk.14.attn_k.weight
create_tensor: loading tensor blk.14.attn_v.weight
create_tensor: loading tensor blk.14.attn_output.weight
create_tensor: loading tensor blk.14.attn_q_norm.weight
create_tensor: loading tensor blk.14.attn_k_norm.weight
create_tensor: loading tensor blk.14.post_attention_norm.weight
create_tensor: loading tensor blk.14.layer_output_scale.weight
create_tensor: loading tensor blk.14.ffn_norm.weight
create_tensor: loading tensor blk.14.ffn_gate.weight
create_tensor: loading tensor blk.14.ffn_up.weight
create_tensor: loading tensor blk.14.ffn_down.weight
create_tensor: loading tensor blk.14.post_ffw_norm.weight
create_tensor: loading tensor blk.15.attn_norm.weight
create_tensor: loading tensor blk.15.attn_q.weight
create_tensor: loading tensor blk.15.attn_k.weight
create_tensor: loading tensor blk.15.attn_v.weight
create_tensor: loading tensor blk.15.attn_output.weight
create_tensor: loading tensor blk.15.attn_q_norm.weight
create_tensor: loading tensor blk.15.attn_k_norm.weight
create_tensor: loading tensor blk.15.post_attention_norm.weight
create_tensor: loading tensor blk.15.layer_output_scale.weight
create_tensor: loading tensor blk.15.ffn_norm.weight
create_tensor: loading tensor blk.15.ffn_gate.weight
create_tensor: loading tensor blk.15.ffn_up.weight
create_tensor: loading tensor blk.15.ffn_down.weight
create_tensor: loading tensor blk.15.post_ffw_norm.weight
create_tensor: loading tensor blk.16.attn_norm.weight
create_tensor: loading tensor blk.16.attn_q.weight
create_tensor: loading tensor blk.16.attn_k.weight
create_tensor: loading tensor blk.16.attn_v.weight
create_tensor: loading tensor blk.16.attn_output.weight
create_tensor: loading tensor blk.16.attn_q_norm.weight
create_tensor: loading tensor blk.16.attn_k_norm.weight
create_tensor: loading tensor blk.16.post_attention_norm.weight
create_tensor: loading tensor blk.16.layer_output_scale.weight
create_tensor: loading tensor blk.16.ffn_norm.weight
create_tensor: loading tensor blk.16.ffn_gate.weight
create_tensor: loading tensor blk.16.ffn_up.weight
create_tensor: loading tensor blk.16.ffn_down.weight
create_tensor: loading tensor blk.16.post_ffw_norm.weight
create_tensor: loading tensor blk.17.attn_norm.weight
create_tensor: loading tensor blk.17.attn_q.weight
create_tensor: loading tensor blk.17.attn_k.weight
create_tensor: loading tensor blk.17.attn_output.weight
create_tensor: loading tensor blk.17.attn_q_norm.weight
create_tensor: loading tensor blk.17.attn_k_norm.weight
create_tensor: loading tensor blk.17.post_attention_norm.weight
create_tensor: loading tensor blk.17.layer_output_scale.weight
create_tensor: loading tensor blk.17.ffn_norm.weight
create_tensor: loading tensor blk.17.ffn_gate.weight
create_tensor: loading tensor blk.17.ffn_up.weight
create_tensor: loading tensor blk.17.ffn_down.weight
create_tensor: loading tensor blk.17.post_ffw_norm.weight
create_tensor: loading tensor blk.18.attn_norm.weight
create_tensor: loading tensor blk.18.attn_q.weight
create_tensor: loading tensor blk.18.attn_k.weight
create_tensor: loading tensor blk.18.attn_v.weight
create_tensor: loading tensor blk.18.attn_output.weight
create_tensor: loading tensor blk.18.attn_q_norm.weight
create_tensor: loading tensor blk.18.attn_k_norm.weight
create_tensor: loading tensor blk.18.post_attention_norm.weight
create_tensor: loading tensor blk.18.layer_output_scale.weight
create_tensor: loading tensor blk.18.ffn_norm.weight
create_tensor: loading tensor blk.18.ffn_gate.weight
create_tensor: loading tensor blk.18.ffn_up.weight
create_tensor: loading tensor blk.18.ffn_down.weight
create_tensor: loading tensor blk.18.post_ffw_norm.weight
create_tensor: loading tensor blk.19.attn_norm.weight
create_tensor: loading tensor blk.19.attn_q.weight
create_tensor: loading tensor blk.19.attn_k.weight
create_tensor: loading tensor blk.19.attn_v.weight
create_tensor: loading tensor blk.19.attn_output.weight
create_tensor: loading tensor blk.19.attn_q_norm.weight
create_tensor: loading tensor blk.19.attn_k_norm.weight
create_tensor: loading tensor blk.19.post_attention_norm.weight
create_tensor: loading tensor blk.19.layer_output_scale.weight
create_tensor: loading tensor blk.19.ffn_norm.weight
create_tensor: loading tensor blk.19.ffn_gate.weight
create_tensor: loading tensor blk.19.ffn_up.weight
create_tensor: loading tensor blk.19.ffn_down.weight
create_tensor: loading tensor blk.19.post_ffw_norm.weight
create_tensor: loading tensor blk.20.attn_norm.weight
create_tensor: loading tensor blk.20.attn_q.weight
create_tensor: loading tensor blk.20.attn_k.weight
create_tensor: loading tensor blk.20.attn_v.weight
create_tensor: loading tensor blk.20.attn_output.weight
create_tensor: loading tensor blk.20.attn_q_norm.weight
create_tensor: loading tensor blk.20.attn_k_norm.weight
create_tensor: loading tensor blk.20.post_attention_norm.weight
create_tensor: loading tensor blk.20.layer_output_scale.weight
create_tensor: loading tensor blk.20.ffn_norm.weight
create_tensor: loading tensor blk.20.ffn_gate.weight
create_tensor: loading tensor blk.20.ffn_up.weight
create_tensor: loading tensor blk.20.ffn_down.weight
create_tensor: loading tensor blk.20.post_ffw_norm.weight
create_tensor: loading tensor blk.21.attn_norm.weight
create_tensor: loading tensor blk.21.attn_q.weight
create_tensor: loading tensor blk.21.attn_k.weight
create_tensor: loading tensor blk.21.attn_v.weight
create_tensor: loading tensor blk.21.attn_output.weight
create_tensor: loading tensor blk.21.attn_q_norm.weight
create_tensor: loading tensor blk.21.attn_k_norm.weight
create_tensor: loading tensor blk.21.post_attention_norm.weight
create_tensor: loading tensor blk.21.layer_output_scale.weight
create_tensor: loading tensor blk.21.ffn_norm.weight
create_tensor: loading tensor blk.21.ffn_gate.weight
create_tensor: loading tensor blk.21.ffn_up.weight
create_tensor: loading tensor blk.21.ffn_down.weight
create_tensor: loading tensor blk.21.post_ffw_norm.weight
create_tensor: loading tensor blk.22.attn_norm.weight
create_tensor: loading tensor blk.22.attn_q.weight
create_tensor: loading tensor blk.22.attn_k.weight
create_tensor: loading tensor blk.22.attn_v.weight
create_tensor: loading tensor blk.22.attn_output.weight
create_tensor: loading tensor blk.22.attn_q_norm.weight
create_tensor: loading tensor blk.22.attn_k_norm.weight
create_tensor: loading tensor blk.22.post_attention_norm.weight
create_tensor: loading tensor blk.22.layer_output_scale.weight
create_tensor: loading tensor blk.22.ffn_norm.weight
create_tensor: loading tensor blk.22.ffn_gate.weight
create_tensor: loading tensor blk.22.ffn_up.weight
create_tensor: loading tensor blk.22.ffn_down.weight
create_tensor: loading tensor blk.22.post_ffw_norm.weight
create_tensor: loading tensor blk.23.attn_norm.weight
create_tensor: loading tensor blk.23.attn_q.weight
create_tensor: loading tensor blk.23.attn_k.weight
create_tensor: loading tensor blk.23.attn_output.weight
create_tensor: loading tensor blk.23.attn_q_norm.weight
create_tensor: loading tensor blk.23.attn_k_norm.weight
create_tensor: loading tensor blk.23.post_attention_norm.weight
create_tensor: loading tensor blk.23.layer_output_scale.weight
create_tensor: loading tensor blk.23.ffn_norm.weight
create_tensor: loading tensor blk.23.ffn_gate.weight
create_tensor: loading tensor blk.23.ffn_up.weight
create_tensor: loading tensor blk.23.ffn_down.weight
create_tensor: loading tensor blk.23.post_ffw_norm.weight
create_tensor: loading tensor blk.24.attn_norm.weight
create_tensor: loading tensor blk.24.attn_q.weight
create_tensor: loading tensor blk.24.attn_k.weight
create_tensor: loading tensor blk.24.attn_v.weight
create_tensor: loading tensor blk.24.attn_output.weight
create_tensor: loading tensor blk.24.attn_q_norm.weight
create_tensor: loading tensor blk.24.attn_k_norm.weight
create_tensor: loading tensor blk.24.post_attention_norm.weight
create_tensor: loading tensor blk.24.layer_output_scale.weight
create_tensor: loading tensor blk.24.ffn_norm.weight
create_tensor: loading tensor blk.24.ffn_gate.weight
create_tensor: loading tensor blk.24.ffn_up.weight
create_tensor: loading tensor blk.24.ffn_down.weight
create_tensor: loading tensor blk.24.post_ffw_norm.weight
create_tensor: loading tensor blk.25.attn_norm.weight
create_tensor: loading tensor blk.25.attn_q.weight
create_tensor: loading tensor blk.25.attn_k.weight
create_tensor: loading tensor blk.25.attn_v.weight
create_tensor: loading tensor blk.25.attn_output.weight
create_tensor: loading tensor blk.25.attn_q_norm.weight
create_tensor: loading tensor blk.25.attn_k_norm.weight
create_tensor: loading tensor blk.25.post_attention_norm.weight
create_tensor: loading tensor blk.25.layer_output_scale.weight
create_tensor: loading tensor blk.25.ffn_norm.weight
create_tensor: loading tensor blk.25.ffn_gate.weight
create_tensor: loading tensor blk.25.ffn_up.weight
create_tensor: loading tensor blk.25.ffn_down.weight
create_tensor: loading tensor blk.25.post_ffw_norm.weight
create_tensor: loading tensor blk.26.attn_norm.weight
create_tensor: loading tensor blk.26.attn_q.weight
create_tensor: loading tensor blk.26.attn_k.weight
create_tensor: loading tensor blk.26.attn_v.weight
create_tensor: loading tensor blk.26.attn_output.weight
create_tensor: loading tensor blk.26.attn_q_norm.weight
create_tensor: loading tensor blk.26.attn_k_norm.weight
create_tensor: loading tensor blk.26.post_attention_norm.weight
create_tensor: loading tensor blk.26.layer_output_scale.weight
create_tensor: loading tensor blk.26.ffn_norm.weight
create_tensor: loading tensor blk.26.ffn_gate.weight
create_tensor: loading tensor blk.26.ffn_up.weight
create_tensor: loading tensor blk.26.ffn_down.weight
create_tensor: loading tensor blk.26.post_ffw_norm.weight
create_tensor: loading tensor blk.27.attn_norm.weight
create_tensor: loading tensor blk.27.attn_q.weight
create_tensor: loading tensor blk.27.attn_k.weight
create_tensor: loading tensor blk.27.attn_v.weight
create_tensor: loading tensor blk.27.attn_output.weight
create_tensor: loading tensor blk.27.attn_q_norm.weight
create_tensor: loading tensor blk.27.attn_k_norm.weight
create_tensor: loading tensor blk.27.post_attention_norm.weight
create_tensor: loading tensor blk.27.layer_output_scale.weight
create_tensor: loading tensor blk.27.ffn_norm.weight
create_tensor: loading tensor blk.27.ffn_gate.weight
create_tensor: loading tensor blk.27.ffn_up.weight
create_tensor: loading tensor blk.27.ffn_down.weight
create_tensor: loading tensor blk.27.post_ffw_norm.weight
create_tensor: loading tensor blk.28.attn_norm.weight
create_tensor: loading tensor blk.28.attn_q.weight
create_tensor: loading tensor blk.28.attn_k.weight
create_tensor: loading tensor blk.28.attn_v.weight
create_tensor: loading tensor blk.28.attn_output.weight
create_tensor: loading tensor blk.28.attn_q_norm.weight
create_tensor: loading tensor blk.28.attn_k_norm.weight
create_tensor: loading tensor blk.28.post_attention_norm.weight
create_tensor: loading tensor blk.28.layer_output_scale.weight
create_tensor: loading tensor blk.28.ffn_norm.weight
create_tensor: loading tensor blk.28.ffn_gate.weight
create_tensor: loading tensor blk.28.ffn_up.weight
create_tensor: loading tensor blk.28.ffn_down.weight
create_tensor: loading tensor blk.28.post_ffw_norm.weight
create_tensor: loading tensor blk.29.attn_norm.weight
create_tensor: loading tensor blk.29.attn_q.weight
create_tensor: loading tensor blk.29.attn_k.weight
create_tensor: loading tensor blk.29.attn_output.weight
create_tensor: loading tensor blk.29.attn_q_norm.weight
create_tensor: loading tensor blk.29.attn_k_norm.weight
create_tensor: loading tensor blk.29.post_attention_norm.weight
create_tensor: loading tensor blk.29.layer_output_scale.weight
create_tensor: loading tensor blk.29.ffn_norm.weight
create_tensor: loading tensor blk.29.ffn_gate.weight
create_tensor: loading tensor blk.29.ffn_up.weight
create_tensor: loading tensor blk.29.ffn_down.weight
create_tensor: loading tensor blk.29.post_ffw_norm.weight
create_tensor: loading tensor blk.30.attn_norm.weight
create_tensor: loading tensor blk.30.attn_q.weight
create_tensor: loading tensor blk.30.attn_k.weight
create_tensor: loading tensor blk.30.attn_v.weight
create_tensor: loading tensor blk.30.attn_output.weight
create_tensor: loading tensor blk.30.attn_q_norm.weight
create_tensor: loading tensor blk.30.attn_k_norm.weight
create_tensor: loading tensor blk.30.post_attention_norm.weight
create_tensor: loading tensor blk.30.layer_output_scale.weight
create_tensor: loading tensor blk.30.ffn_norm.weight
create_tensor: loading tensor blk.30.ffn_gate.weight
create_tensor: loading tensor blk.30.ffn_up.weight
create_tensor: loading tensor blk.30.ffn_down.weight
create_tensor: loading tensor blk.30.post_ffw_norm.weight
create_tensor: loading tensor blk.31.attn_norm.weight
create_tensor: loading tensor blk.31.attn_q.weight
create_tensor: loading tensor blk.31.attn_k.weight
create_tensor: loading tensor blk.31.attn_v.weight
create_tensor: loading tensor blk.31.attn_output.weight
create_tensor: loading tensor blk.31.attn_q_norm.weight
create_tensor: loading tensor blk.31.attn_k_norm.weight
create_tensor: loading tensor blk.31.post_attention_norm.weight
create_tensor: loading tensor blk.31.layer_output_scale.weight
create_tensor: loading tensor blk.31.ffn_norm.weight
create_tensor: loading tensor blk.31.ffn_gate.weight
create_tensor: loading tensor blk.31.ffn_up.weight
create_tensor: loading tensor blk.31.ffn_down.weight
create_tensor: loading tensor blk.31.post_ffw_norm.weight
create_tensor: loading tensor blk.32.attn_norm.weight
create_tensor: loading tensor blk.32.attn_q.weight
create_tensor: loading tensor blk.32.attn_k.weight
create_tensor: loading tensor blk.32.attn_v.weight
create_tensor: loading tensor blk.32.attn_output.weight
create_tensor: loading tensor blk.32.attn_q_norm.weight
create_tensor: loading tensor blk.32.attn_k_norm.weight
create_tensor: loading tensor blk.32.post_attention_norm.weight
create_tensor: loading tensor blk.32.layer_output_scale.weight
create_tensor: loading tensor blk.32.ffn_norm.weight
create_tensor: loading tensor blk.32.ffn_gate.weight
create_tensor: loading tensor blk.32.ffn_up.weight
create_tensor: loading tensor blk.32.ffn_down.weight
create_tensor: loading tensor blk.32.post_ffw_norm.weight
create_tensor: loading tensor blk.33.attn_norm.weight
create_tensor: loading tensor blk.33.attn_q.weight
create_tensor: loading tensor blk.33.attn_k.weight
create_tensor: loading tensor blk.33.attn_v.weight
create_tensor: loading tensor blk.33.attn_output.weight
create_tensor: loading tensor blk.33.attn_q_norm.weight
create_tensor: loading tensor blk.33.attn_k_norm.weight
create_tensor: loading tensor blk.33.post_attention_norm.weight
create_tensor: loading tensor blk.33.layer_output_scale.weight
create_tensor: loading tensor blk.33.ffn_norm.weight
create_tensor: loading tensor blk.33.ffn_gate.weight
create_tensor: loading tensor blk.33.ffn_up.weight
create_tensor: loading tensor blk.33.ffn_down.weight
create_tensor: loading tensor blk.33.post_ffw_norm.weight
create_tensor: loading tensor blk.34.attn_norm.weight
create_tensor: loading tensor blk.34.attn_q.weight
create_tensor: loading tensor blk.34.attn_k.weight
create_tensor: loading tensor blk.34.attn_v.weight
create_tensor: loading tensor blk.34.attn_output.weight
create_tensor: loading tensor blk.34.attn_q_norm.weight
create_tensor: loading tensor blk.34.attn_k_norm.weight
create_tensor: loading tensor blk.34.post_attention_norm.weight
create_tensor: loading tensor blk.34.layer_output_scale.weight
create_tensor: loading tensor blk.34.ffn_norm.weight
create_tensor: loading tensor blk.34.ffn_gate.weight
create_tensor: loading tensor blk.34.ffn_up.weight
create_tensor: loading tensor blk.34.ffn_down.weight
create_tensor: loading tensor blk.34.post_ffw_norm.weight
create_tensor: loading tensor blk.35.attn_norm.weight
create_tensor: loading tensor blk.35.attn_q.weight
create_tensor: loading tensor blk.35.attn_k.weight
create_tensor: loading tensor blk.35.attn_output.weight
create_tensor: loading tensor blk.35.attn_q_norm.weight
create_tensor: loading tensor blk.35.attn_k_norm.weight
create_tensor: loading tensor blk.35.post_attention_norm.weight
create_tensor: loading tensor blk.35.layer_output_scale.weight
create_tensor: loading tensor blk.35.ffn_norm.weight
create_tensor: loading tensor blk.35.ffn_gate.weight
create_tensor: loading tensor blk.35.ffn_up.weight
create_tensor: loading tensor blk.35.ffn_down.weight
create_tensor: loading tensor blk.35.post_ffw_norm.weight
create_tensor: loading tensor blk.36.attn_norm.weight
create_tensor: loading tensor blk.36.attn_q.weight
create_tensor: loading tensor blk.36.attn_k.weight
create_tensor: loading tensor blk.36.attn_v.weight
create_tensor: loading tensor blk.36.attn_output.weight
create_tensor: loading tensor blk.36.attn_q_norm.weight
create_tensor: loading tensor blk.36.attn_k_norm.weight
create_tensor: loading tensor blk.36.post_attention_norm.weight
create_tensor: loading tensor blk.36.layer_output_scale.weight
create_tensor: loading tensor blk.36.ffn_norm.weight
create_tensor: loading tensor blk.36.ffn_gate.weight
create_tensor: loading tensor blk.36.ffn_up.weight
create_tensor: loading tensor blk.36.ffn_down.weight
create_tensor: loading tensor blk.36.post_ffw_norm.weight
create_tensor: loading tensor blk.37.attn_norm.weight
create_tensor: loading tensor blk.37.attn_q.weight
create_tensor: loading tensor blk.37.attn_k.weight
create_tensor: loading tensor blk.37.attn_v.weight
create_tensor: loading tensor blk.37.attn_output.weight
create_tensor: loading tensor blk.37.attn_q_norm.weight
create_tensor: loading tensor blk.37.attn_k_norm.weight
create_tensor: loading tensor blk.37.post_attention_norm.weight
create_tensor: loading tensor blk.37.layer_output_scale.weight
create_tensor: loading tensor blk.37.ffn_norm.weight
create_tensor: loading tensor blk.37.ffn_gate.weight
create_tensor: loading tensor blk.37.ffn_up.weight
create_tensor: loading tensor blk.37.ffn_down.weight
create_tensor: loading tensor blk.37.post_ffw_norm.weight
create_tensor: loading tensor blk.38.attn_norm.weight
create_tensor: loading tensor blk.38.attn_q.weight
create_tensor: loading tensor blk.38.attn_k.weight
create_tensor: loading tensor blk.38.attn_v.weight
create_tensor: loading tensor blk.38.attn_output.weight
create_tensor: loading tensor blk.38.attn_q_norm.weight
create_tensor: loading tensor blk.38.attn_k_norm.weight
create_tensor: loading tensor blk.38.post_attention_norm.weight
create_tensor: loading tensor blk.38.layer_output_scale.weight
create_tensor: loading tensor blk.38.ffn_norm.weight
create_tensor: loading tensor blk.38.ffn_gate.weight
create_tensor: loading tensor blk.38.ffn_up.weight
create_tensor: loading tensor blk.38.ffn_down.weight
create_tensor: loading tensor blk.38.post_ffw_norm.weight
create_tensor: loading tensor blk.39.attn_norm.weight
create_tensor: loading tensor blk.39.attn_q.weight
create_tensor: loading tensor blk.39.attn_k.weight
create_tensor: loading tensor blk.39.attn_v.weight
create_tensor: loading tensor blk.39.attn_output.weight
create_tensor: loading tensor blk.39.attn_q_norm.weight
create_tensor: loading tensor blk.39.attn_k_norm.weight
create_tensor: loading tensor blk.39.post_attention_norm.weight
create_tensor: loading tensor blk.39.layer_output_scale.weight
create_tensor: loading tensor blk.39.ffn_norm.weight
create_tensor: loading tensor blk.39.ffn_gate.weight
create_tensor: loading tensor blk.39.ffn_up.weight
create_tensor: loading tensor blk.39.ffn_down.weight
create_tensor: loading tensor blk.39.post_ffw_norm.weight
create_tensor: loading tensor blk.40.attn_norm.weight
create_tensor: loading tensor blk.40.attn_q.weight
create_tensor: loading tensor blk.40.attn_k.weight
create_tensor: loading tensor blk.40.attn_v.weight
create_tensor: loading tensor blk.40.attn_output.weight
create_tensor: loading tensor blk.40.attn_q_norm.weight
create_tensor: loading tensor blk.40.attn_k_norm.weight
create_tensor: loading tensor blk.40.post_attention_norm.weight
create_tensor: loading tensor blk.40.layer_output_scale.weight
create_tensor: loading tensor blk.40.ffn_norm.weight
create_tensor: loading tensor blk.40.ffn_gate.weight
create_tensor: loading tensor blk.40.ffn_up.weight
create_tensor: loading tensor blk.40.ffn_down.weight
create_tensor: loading tensor blk.40.post_ffw_norm.weight
create_tensor: loading tensor blk.41.attn_norm.weight
create_tensor: loading tensor blk.41.attn_q.weight
create_tensor: loading tensor blk.41.attn_k.weight
create_tensor: loading tensor blk.41.attn_output.weight
create_tensor: loading tensor blk.41.attn_q_norm.weight
create_tensor: loading tensor blk.41.attn_k_norm.weight
create_tensor: loading tensor blk.41.post_attention_norm.weight
create_tensor: loading tensor blk.41.layer_output_scale.weight
create_tensor: loading tensor blk.41.ffn_norm.weight
create_tensor: loading tensor blk.41.ffn_gate.weight
create_tensor: loading tensor blk.41.ffn_up.weight
create_tensor: loading tensor blk.41.ffn_down.weight
create_tensor: loading tensor blk.41.post_ffw_norm.weight
create_tensor: loading tensor blk.42.attn_norm.weight
create_tensor: loading tensor blk.42.attn_q.weight
create_tensor: loading tensor blk.42.attn_k.weight
create_tensor: loading tensor blk.42.attn_v.weight
create_tensor: loading tensor blk.42.attn_output.weight
create_tensor: loading tensor blk.42.attn_q_norm.weight
create_tensor: loading tensor blk.42.attn_k_norm.weight
create_tensor: loading tensor blk.42.post_attention_norm.weight
create_tensor: loading tensor blk.42.layer_output_scale.weight
create_tensor: loading tensor blk.42.ffn_norm.weight
create_tensor: loading tensor blk.42.ffn_gate.weight
create_tensor: loading tensor blk.42.ffn_up.weight
create_tensor: loading tensor blk.42.ffn_down.weight
create_tensor: loading tensor blk.42.post_ffw_norm.weight
create_tensor: loading tensor blk.43.attn_norm.weight
create_tensor: loading tensor blk.43.attn_q.weight
create_tensor: loading tensor blk.43.attn_k.weight
create_tensor: loading tensor blk.43.attn_v.weight
create_tensor: loading tensor blk.43.attn_output.weight
create_tensor: loading tensor blk.43.attn_q_norm.weight
create_tensor: loading tensor blk.43.attn_k_norm.weight
create_tensor: loading tensor blk.43.post_attention_norm.weight
create_tensor: loading tensor blk.43.layer_output_scale.weight
create_tensor: loading tensor blk.43.ffn_norm.weight
create_tensor: loading tensor blk.43.ffn_gate.weight
create_tensor: loading tensor blk.43.ffn_up.weight
create_tensor: loading tensor blk.43.ffn_down.weight
create_tensor: loading tensor blk.43.post_ffw_norm.weight
create_tensor: loading tensor blk.44.attn_norm.weight
create_tensor: loading tensor blk.44.attn_q.weight
create_tensor: loading tensor blk.44.attn_k.weight
create_tensor: loading tensor blk.44.attn_v.weight
create_tensor: loading tensor blk.44.attn_output.weight
create_tensor: loading tensor blk.44.attn_q_norm.weight
create_tensor: loading tensor blk.44.attn_k_norm.weight
create_tensor: loading tensor blk.44.post_attention_norm.weight
create_tensor: loading tensor blk.44.layer_output_scale.weight
create_tensor: loading tensor blk.44.ffn_norm.weight
create_tensor: loading tensor blk.44.ffn_gate.weight
create_tensor: loading tensor blk.44.ffn_up.weight
create_tensor: loading tensor blk.44.ffn_down.weight
create_tensor: loading tensor blk.44.post_ffw_norm.weight
create_tensor: loading tensor blk.45.attn_norm.weight
create_tensor: loading tensor blk.45.attn_q.weight
create_tensor: loading tensor blk.45.attn_k.weight
create_tensor: loading tensor blk.45.attn_v.weight
create_tensor: loading tensor blk.45.attn_output.weight
create_tensor: loading tensor blk.45.attn_q_norm.weight
create_tensor: loading tensor blk.45.attn_k_norm.weight
create_tensor: loading tensor blk.45.post_attention_norm.weight
create_tensor: loading tensor blk.45.layer_output_scale.weight
create_tensor: loading tensor blk.45.ffn_norm.weight
create_tensor: loading tensor blk.45.ffn_gate.weight
create_tensor: loading tensor blk.45.ffn_up.weight
create_tensor: loading tensor blk.45.ffn_down.weight
create_tensor: loading tensor blk.45.post_ffw_norm.weight
create_tensor: loading tensor blk.46.attn_norm.weight
create_tensor: loading tensor blk.46.attn_q.weight
create_tensor: loading tensor blk.46.attn_k.weight
create_tensor: loading tensor blk.46.attn_v.weight
create_tensor: loading tensor blk.46.attn_output.weight
create_tensor: loading tensor blk.46.attn_q_norm.weight
create_tensor: loading tensor blk.46.attn_k_norm.weight
create_tensor: loading tensor blk.46.post_attention_norm.weight
create_tensor: loading tensor blk.46.layer_output_scale.weight
create_tensor: loading tensor blk.46.ffn_norm.weight
create_tensor: loading tensor blk.46.ffn_gate.weight
create_tensor: loading tensor blk.46.ffn_up.weight
create_tensor: loading tensor blk.46.ffn_down.weight
create_tensor: loading tensor blk.46.post_ffw_norm.weight
create_tensor: loading tensor blk.47.attn_norm.weight
create_tensor: loading tensor blk.47.attn_q.weight
create_tensor: loading tensor blk.47.attn_k.weight
create_tensor: loading tensor blk.47.attn_output.weight
create_tensor: loading tensor blk.47.attn_q_norm.weight
create_tensor: loading tensor blk.47.attn_k_norm.weight
create_tensor: loading tensor blk.47.post_attention_norm.weight
create_tensor: loading tensor blk.47.layer_output_scale.weight
create_tensor: loading tensor blk.47.ffn_norm.weight
create_tensor: loading tensor blk.47.ffn_gate.weight
create_tensor: loading tensor blk.47.ffn_up.weight
create_tensor: loading tensor blk.47.ffn_down.weight
create_tensor: loading tensor blk.47.post_ffw_norm.weight
done_getting_tensors: tensor 'token_embd.weight' (q6_K) (and 0 others) cannot be used with preferred buffer type CUDA_Host, using CPU instead
load_tensors: offloading output layer to GPU
load_tensors: offloading 47 repeating layers to GPU
load_tensors: offloaded 49/49 layers to GPU
load_tensors:   CPU_Mapped model buffer size =   787.50 MiB
load_tensors:        CUDA0 model buffer size =  7292.53 MiB
...................................................................................
llama_context: constructing llama_context
llama_context: n_seq_max     = 1
llama_context: n_ctx         = 2048
llama_context: n_ctx_seq     = 2048
llama_context: n_batch       = 256
llama_context: n_ubatch      = 128
llama_context: causal_attn   = 1
llama_context: flash_attn    = disabled
llama_context: kv_unified    = false
llama_context: freq_base     = 1000000.0
llama_context: freq_scale    = 1
llama_context: n_rs_seq      = 0
llama_context: n_outputs_max = 256
llama_context: n_ctx_seq (2048) < n_ctx_train (131072) -- the full capacity of the model will not be utilized
set_abort_callback: call
llama_context:  CUDA_Host  output buffer size =     1.00 MiB
llama_kv_cache_iswa: using full-size SWA cache (ref: https://github.com/ggml-org/llama.cpp/pull/13194#issuecomment-2868343055)
llama_kv_cache_iswa: creating non-SWA KV cache, size = 2048 cells
llama_kv_cache: the V embeddings have different sizes across layers and FA is not enabled - padding V cache to 2048
llama_kv_cache: layer   0: filtered
llama_kv_cache: layer   1: filtered
llama_kv_cache: layer   2: filtered
llama_kv_cache: layer   3: filtered
llama_kv_cache: layer   4: filtered
llama_kv_cache: layer   5: dev = CUDA0
llama_kv_cache: layer   6: filtered
llama_kv_cache: layer   7: filtered
llama_kv_cache: layer   8: filtered
llama_kv_cache: layer   9: filtered
llama_kv_cache: layer  10: filtered
llama_kv_cache: layer  11: dev = CUDA0
llama_kv_cache: layer  12: filtered
llama_kv_cache: layer  13: filtered
llama_kv_cache: layer  14: filtered
llama_kv_cache: layer  15: filtered
llama_kv_cache: layer  16: filtered
llama_kv_cache: layer  17: dev = CUDA0
llama_kv_cache: layer  18: filtered
llama_kv_cache: layer  19: filtered
llama_kv_cache: layer  20: filtered
llama_kv_cache: layer  21: filtered
llama_kv_cache: layer  22: filtered
llama_kv_cache: layer  23: dev = CUDA0
llama_kv_cache: layer  24: filtered
llama_kv_cache: layer  25: filtered
llama_kv_cache: layer  26: filtered
llama_kv_cache: layer  27: filtered
llama_kv_cache: layer  28: filtered
llama_kv_cache: layer  29: dev = CUDA0
llama_kv_cache: layer  30: filtered
llama_kv_cache: layer  31: filtered
llama_kv_cache: layer  32: filtered
llama_kv_cache: layer  33: filtered
llama_kv_cache: layer  34: filtered
llama_kv_cache: layer  35: dev = CUDA0
llama_kv_cache: layer  36: filtered
llama_kv_cache: layer  37: filtered
llama_kv_cache: layer  38: filtered
llama_kv_cache: layer  39: filtered
llama_kv_cache: layer  40: filtered
llama_kv_cache: layer  41: dev = CUDA0
llama_kv_cache: layer  42: filtered
llama_kv_cache: layer  43: filtered
llama_kv_cache: layer  44: filtered
llama_kv_cache: layer  45: filtered
llama_kv_cache: layer  46: filtered
llama_kv_cache: layer  47: dev = CUDA0
llama_kv_cache: reusing layers:
llama_kv_cache: - layer   0: no reuse
llama_kv_cache: - layer   1: no reuse
llama_kv_cache: - layer   2: no reuse
llama_kv_cache: - layer   3: no reuse
llama_kv_cache: - layer   4: no reuse
llama_kv_cache: - layer   5: no reuse
llama_kv_cache: - layer   6: no reuse
llama_kv_cache: - layer   7: no reuse
llama_kv_cache: - layer   8: no reuse
llama_kv_cache: - layer   9: no reuse
llama_kv_cache: - layer  10: no reuse
llama_kv_cache: - layer  11: no reuse
llama_kv_cache: - layer  12: no reuse
llama_kv_cache: - layer  13: no reuse
llama_kv_cache: - layer  14: no reuse
llama_kv_cache: - layer  15: no reuse
llama_kv_cache: - layer  16: no reuse
llama_kv_cache: - layer  17: no reuse
llama_kv_cache: - layer  18: no reuse
llama_kv_cache: - layer  19: no reuse
llama_kv_cache: - layer  20: no reuse
llama_kv_cache: - layer  21: no reuse
llama_kv_cache: - layer  22: no reuse
llama_kv_cache: - layer  23: no reuse
llama_kv_cache: - layer  24: no reuse
llama_kv_cache: - layer  25: no reuse
llama_kv_cache: - layer  26: no reuse
llama_kv_cache: - layer  27: no reuse
llama_kv_cache: - layer  28: no reuse
llama_kv_cache: - layer  29: no reuse
llama_kv_cache: - layer  30: no reuse
llama_kv_cache: - layer  31: no reuse
llama_kv_cache: - layer  32: no reuse
llama_kv_cache: - layer  33: no reuse
llama_kv_cache: - layer  34: no reuse
llama_kv_cache: - layer  35: no reuse
llama_kv_cache: - layer  36: no reuse
llama_kv_cache: - layer  37: no reuse
llama_kv_cache: - layer  38: no reuse
llama_kv_cache: - layer  39: no reuse
llama_kv_cache: - layer  40: no reuse
llama_kv_cache: - layer  41: no reuse
llama_kv_cache: - layer  42: no reuse
llama_kv_cache: - layer  43: no reuse
llama_kv_cache: - layer  44: no reuse
llama_kv_cache: - layer  45: no reuse
llama_kv_cache: - layer  46: no reuse
llama_kv_cache: - layer  47: no reuse
llama_kv_cache:      CUDA0 KV buffer size =    80.00 MiB
llama_kv_cache: size =   80.00 MiB (  2048 cells,   8 layers,  1/1 seqs), K (f16):   16.00 MiB, V (f16):   64.00 MiB
llama_kv_cache: attn_rot_k = 0, n_embd_head_k_all = 512
llama_kv_cache: attn_rot_v = 0, n_embd_head_k_all = 512
llama_kv_cache_iswa: creating     SWA KV cache, size = 2048 cells
llama_kv_cache: the V embeddings have different sizes across layers and FA is not enabled - padding V cache to 2048
llama_kv_cache: layer   0: dev = CUDA0
llama_kv_cache: layer   1: dev = CUDA0
llama_kv_cache: layer   2: dev = CUDA0
llama_kv_cache: layer   3: dev = CUDA0
llama_kv_cache: layer   4: dev = CUDA0
llama_kv_cache: layer   5: filtered
llama_kv_cache: layer   6: dev = CUDA0
llama_kv_cache: layer   7: dev = CUDA0
llama_kv_cache: layer   8: dev = CUDA0
llama_kv_cache: layer   9: dev = CUDA0
llama_kv_cache: layer  10: dev = CUDA0
llama_kv_cache: layer  11: filtered
llama_kv_cache: layer  12: dev = CUDA0
llama_kv_cache: layer  13: dev = CUDA0
llama_kv_cache: layer  14: dev = CUDA0
llama_kv_cache: layer  15: dev = CUDA0
llama_kv_cache: layer  16: dev = CUDA0
llama_kv_cache: layer  17: filtered
llama_kv_cache: layer  18: dev = CUDA0
llama_kv_cache: layer  19: dev = CUDA0
llama_kv_cache: layer  20: dev = CUDA0
llama_kv_cache: layer  21: dev = CUDA0
llama_kv_cache: layer  22: dev = CUDA0
llama_kv_cache: layer  23: filtered
llama_kv_cache: layer  24: dev = CUDA0
llama_kv_cache: layer  25: dev = CUDA0
llama_kv_cache: layer  26: dev = CUDA0
llama_kv_cache: layer  27: dev = CUDA0
llama_kv_cache: layer  28: dev = CUDA0
llama_kv_cache: layer  29: filtered
llama_kv_cache: layer  30: dev = CUDA0
llama_kv_cache: layer  31: dev = CUDA0
llama_kv_cache: layer  32: dev = CUDA0
llama_kv_cache: layer  33: dev = CUDA0
llama_kv_cache: layer  34: dev = CUDA0
llama_kv_cache: layer  35: filtered
llama_kv_cache: layer  36: dev = CUDA0
llama_kv_cache: layer  37: dev = CUDA0
llama_kv_cache: layer  38: dev = CUDA0
llama_kv_cache: layer  39: dev = CUDA0
llama_kv_cache: layer  40: dev = CUDA0
llama_kv_cache: layer  41: filtered
llama_kv_cache: layer  42: dev = CUDA0
llama_kv_cache: layer  43: dev = CUDA0
llama_kv_cache: layer  44: dev = CUDA0
llama_kv_cache: layer  45: dev = CUDA0
llama_kv_cache: layer  46: dev = CUDA0
llama_kv_cache: layer  47: filtered
llama_kv_cache: reusing layers:
llama_kv_cache: - layer   0: no reuse
llama_kv_cache: - layer   1: no reuse
llama_kv_cache: - layer   2: no reuse
llama_kv_cache: - layer   3: no reuse
llama_kv_cache: - layer   4: no reuse
llama_kv_cache: - layer   5: no reuse
llama_kv_cache: - layer   6: no reuse
llama_kv_cache: - layer   7: no reuse
llama_kv_cache: - layer   8: no reuse
llama_kv_cache: - layer   9: no reuse
llama_kv_cache: - layer  10: no reuse
llama_kv_cache: - layer  11: no reuse
llama_kv_cache: - layer  12: no reuse
llama_kv_cache: - layer  13: no reuse
llama_kv_cache: - layer  14: no reuse
llama_kv_cache: - layer  15: no reuse
llama_kv_cache: - layer  16: no reuse
llama_kv_cache: - layer  17: no reuse
llama_kv_cache: - layer  18: no reuse
llama_kv_cache: - layer  19: no reuse
llama_kv_cache: - layer  20: no reuse
llama_kv_cache: - layer  21: no reuse
llama_kv_cache: - layer  22: no reuse
llama_kv_cache: - layer  23: no reuse
llama_kv_cache: - layer  24: no reuse
llama_kv_cache: - layer  25: no reuse
llama_kv_cache: - layer  26: no reuse
llama_kv_cache: - layer  27: no reuse
llama_kv_cache: - layer  28: no reuse
llama_kv_cache: - layer  29: no reuse
llama_kv_cache: - layer  30: no reuse
llama_kv_cache: - layer  31: no reuse
llama_kv_cache: - layer  32: no reuse
llama_kv_cache: - layer  33: no reuse
llama_kv_cache: - layer  34: no reuse
llama_kv_cache: - layer  35: no reuse
llama_kv_cache: - layer  36: no reuse
llama_kv_cache: - layer  37: no reuse
llama_kv_cache: - layer  38: no reuse
llama_kv_cache: - layer  39: no reuse
llama_kv_cache: - layer  40: no reuse
llama_kv_cache: - layer  41: no reuse
llama_kv_cache: - layer  42: no reuse
llama_kv_cache: - layer  43: no reuse
llama_kv_cache: - layer  44: no reuse
llama_kv_cache: - layer  45: no reuse
llama_kv_cache: - layer  46: no reuse
llama_kv_cache: - layer  47: no reuse
llama_kv_cache:      CUDA0 KV buffer size =   640.00 MiB
llama_kv_cache: size =  640.00 MiB (  2048 cells,  40 layers,  1/1 seqs), K (f16):  320.00 MiB, V (f16):  320.00 MiB
llama_kv_cache: attn_rot_k = 0, n_embd_head_k_all = 256
llama_kv_cache: attn_rot_v = 0, n_embd_head_k_all = 256
llama_context: enumerating backends
llama_context: backend_ptrs.size() = 2
sched_reserve: reserving ...
sched_reserve: max_nodes = 5344
sched_reserve: reserving full memory module
sched_reserve: worst-case: n_tokens = 128, n_seqs = 1, n_outputs = 1
resolve_fused_ops: resolving fused Gated Delta Net support:
graph_reserve: reserving a graph for ubatch with n_tokens =    1, n_seqs =  1, n_outputs =    1
ggml_cuda_graph_set_enabled: disabling CUDA graphs due to GPU architecture
resolve_fused_ops: fused Gated Delta Net (autoregressive) enabled
graph_reserve: reserving a graph for ubatch with n_tokens =   16, n_seqs =  1, n_outputs =   16
resolve_fused_ops: fused Gated Delta Net (chunked) enabled
resolve_fused_ops: resolving fused Lightning Indexer support:
graph_reserve: reserving a graph for ubatch with n_tokens =    1, n_seqs =  1, n_outputs =    1
resolve_fused_ops: Lightning Indexer enabled
graph_reserve: reserving a graph for ubatch with n_tokens =  128, n_seqs =  1, n_outputs =  128
graph_reserve: reserving a graph for ubatch with n_tokens =    1, n_seqs =  1, n_outputs =    1
graph_reserve: reserving a graph for ubatch with n_tokens =  128, n_seqs =  1, n_outputs =  128
sched_reserve:      CUDA0 compute buffer size =   132.75 MiB
sched_reserve:  CUDA_Host compute buffer size =     9.75 MiB
sched_reserve: graph nodes  = 2218
sched_reserve: graph splits = 2
sched_reserve: reserve took 47.63 ms, sched copies = 1
CUDA : ARCHS = 600,610,700,750,800,860,890,900 | FORCE_MMQ = 1 | USE_GRAPHS = 1 | CPU : SSE3 = 1 | SSSE3 = 1 | AVX = 1 | AVX2 = 1 | F16C = 1 | FMA = 1 | LLAMAFILE = 1 | OPENMP = 1 | REPACK = 1 | 
Model metadata: {'gemma4.attention.layer_norm_rms_epsilon': '0.000001', 'general.sampling.top_p': '0.950000', 'general.name': 'Gemma 4 12B It', 'general.architecture': 'gemma4', 'tokenizer.ggml.mask_token_id': '4', 'general.type': 'model', 'general.sampling.top_k': '64', 'general.base_model.0.repo_url': 'https://huggingface.co/google/gemma-4-12B', 'general.sampling.temp': '1.000000', 'general.basename': 'gemma-4', 'general.finetune': 'it', 'general.size_label': '12B', 'general.license': 'apache-2.0', 'general.license.link': 'https://ai.google.dev/gemma/docs/gemma_4_license', 'general.base_model.count': '1', 'general.base_model.0.name': 'Gemma 4 12B', 'general.base_model.0.organization': 'Google', 'gemma4.block_count': '48', 'tokenizer.ggml.add_space_prefix': 'false', 'gemma4.rope.dimension_count_swa': '256', 'gemma4.context_length': '131072', 'gemma4.embedding_length': '3840', 'gemma4.attention.sliding_window': '1024', 'gemma4.feed_forward_length': '15360', 'gemma4.attention.key_length_swa': '256', 'gemma4.attention.head_count': '16', 'gemma4.rope.freq_base': '1000000.000000', 'gemma4.rope.dimension_count': '512', 'gemma4.rope.freq_base_swa': '10000.000000', 'gemma4.attention.key_length': '512', 'gemma4.attention.value_length': '512', 'gemma4.final_logit_softcapping': '30.000000', 'tokenizer.ggml.padding_token_id': '0', 'gemma4.attention.shared_kv_layers': '0', 'gemma4.embedding_length_per_layer_input': '0', 'quantize.imatrix.entries_count': '328', 'gemma4.attention.value_length_swa': '256', 'tokenizer.ggml.model': 'gemma4', 'general.quantization_version': '2', 'tokenizer.ggml.bos_token_id': '2', 'general.file_type': '15', 'tokenizer.ggml.eos_token_id': '1', 'tokenizer.ggml.unknown_token_id': '3', 'tokenizer.ggml.add_bos_token': 'true', 'quantize.imatrix.chunks_count': '886', 'quantize.imatrix.file': '/models_out/gemma-4-12B-it-GGUF/gemma-4-12B-it-imatrix.gguf', 'quantize.imatrix.dataset': '/training_dir/calibration_datav5.txt', 'tokenizer.chat_template': '{#\n  Template: Google Gemma 4 Canonical Chat Template\n  Author: Google Gemma Engineering Team\n  Published: 2026-07-09\n  Context: Fixed tool-calling loops, turn closures, and thinking content-ordering.\n#}\n{%- macro format_parameters(properties, required, filter_keys=false) -%}\n    {%- set standard_keys = [\'description\', \'type\', \'properties\', \'required\', \'nullable\'] -%}\n    {%- set ns = namespace(found_first=false) -%}\n    {%- for key, value in properties | dictsort -%}\n        {%- set add_comma = false -%}\n        {%- if not filter_keys or key not in standard_keys -%}\n            {%- if ns.found_first %},{% endif -%}\n            {%- set ns.found_first = true -%}\n            {{ key }}:{\n            {%- if value[\'description\'] -%}\n                description:<|"|>{{ value[\'description\'] }}<|"|>\n                {%- set add_comma = true -%}\n            {%- endif -%}\n            {%- if value[\'type\'] | upper == \'STRING\' -%}\n                {%- if value[\'enum\'] -%}\n                    {%- if add_comma %},{%- else -%} {%- set add_comma = true -%} {% endif -%}\n                    enum:{{ format_argument(value[\'enum\']) }}\n                {%- endif -%}\n            {%- elif value[\'type\'] | upper == \'ARRAY\' -%}\n                {%- if value[\'items\'] is mapping and value[\'items\'] -%}\n                    {%- if add_comma %},{%- else -%} {%- set add_comma = true -%} {% endif -%}\n                    items:{\n                    {%- set ns_items = namespace(found_first=false) -%}\n                    {%- for item_key, item_value in value[\'items\'] | dictsort -%}\n                        {%- if item_value is not none -%}\n                            {%- if ns_items.found_first %},{% endif -%}\n                            {%- set ns_items.found_first = true -%}\n                            {%- if item_key == \'properties\' -%}\n                                properties:{\n                                {%- if item_value is mapping -%}\n                                    {{- format_parameters(item_value, value[\'items\'][\'required\'] | default([])) -}}\n                                {%- endif -%}\n                                }\n                            {%- elif item_key == \'required\' -%}\n                                required:[\n                                {%- for req_item in item_value -%}\n                                    <|"|>{{- req_item -}}<|"|>\n                                    {%- if not loop.last %},{% endif -%}\n                                {%- endfor -%}\n                                ]\n                            {%- elif item_key == \'type\' -%}\n                                {%- if item_value is string -%}\n                                    type:{{ format_argument(item_value | upper) }}\n                                {%- else -%}\n                                    type:{{ format_argument(item_value | map(\'upper\') | list) }}\n                                {%- endif -%}\n                            {%- else -%}\n                                {{ item_key }}:{{ format_argument(item_value) }}\n                            {%- endif -%}\n                        {%- endif -%}\n                    {%- endfor -%}\n                    }\n                {%- endif -%}\n            {%- endif -%}\n            {%- if value[\'nullable\'] %}\n                {%- if add_comma %},{%- else -%} {%- set add_comma = true -%} {% endif -%}\n                nullable:true\n            {%- endif -%}\n            {%- if value[\'type\'] | upper == \'OBJECT\' -%}\n                {%- if value[\'properties\'] is defined and value[\'properties\'] is mapping -%}\n                    {%- if add_comma %},{%- else -%} {%- set add_comma = true -%} {% endif -%}\n                    properties:{\n                    {{- format_parameters(value[\'properties\'], value[\'required\'] | default([])) -}}\n                    }\n                {%- elif value is mapping -%}\n                    {%- if add_comma %},{%- else -%} {%- set add_comma = true -%} {% endif -%}\n                    properties:{\n                    {{- format_parameters(value, value[\'required\'] | default([]), filter_keys=true) -}}\n                    }\n                {%- endif -%}\n                {%- if value[\'required\'] -%}\n                    {%- if add_comma %},{%- else -%} {%- set add_comma = true -%} {% endif -%}\n                    required:[\n                    {%- for item in value[\'required\'] | default([]) -%}\n                        <|"|>{{- item -}}<|"|>\n                        {%- if not loop.last %},{% endif -%}\n                    {%- endfor -%}\n                    ]\n                {%- endif -%}\n            {%- endif -%}\n            {%- if add_comma %},{%- else -%} {%- set add_comma = true -%} {% endif -%}\n            type:<|"|>{{ value[\'type\'] | upper }}<|"|>}\n        {%- endif -%}\n    {%- endfor -%}\n{%- endmacro -%}\n{%- macro format_function_declaration(tool_data) -%}\n    declaration:{{- tool_data[\'function\'][\'name\'] -}}{description:<|"|>{{- tool_data[\'function\'][\'description\'] -}}<|"|>\n    {%- set params = tool_data[\'function\'][\'parameters\'] -%}\n    {%- if params -%}\n        ,parameters:{\n        {%- if params[\'properties\'] -%}\n            properties:{ {{- format_parameters(params[\'properties\'], params[\'required\']) -}} },\n        {%- endif -%}\n        {%- if params[\'required\'] -%}\n            required:[\n            {%- for item in params[\'required\'] -%}\n                <|"|>{{- item -}}<|"|>\n                {{- \',\' if not loop.last -}}\n            {%- endfor -%}\n            ],\n        {%- endif -%}\n        {%- if params[\'type\'] -%}\n            type:<|"|>{{- params[\'type\'] | upper -}}<|"|>}\n        {%- endif -%}\n    {%- endif -%}\n    {%- if \'response\' in tool_data[\'function\'] -%}\n        {%- set response_declaration = tool_data[\'function\'][\'response\'] -%}\n        ,response:{\n        {%- if response_declaration[\'description\'] -%}\n            description:<|"|>{{- response_declaration[\'description\'] -}}<|"|>,\n        {%- endif -%}\n        {%- if response_declaration[\'type\'] | upper == \'OBJECT\' -%}\n            type:<|"|>{{- response_declaration[\'type\'] | upper -}}<|"|>}\n        {%- endif -%}\n    {%- endif -%}\n    }\n{%- endmacro -%}\n{%- macro format_argument(argument, escape_keys=True) -%}\n    {%- if argument is none -%}\n        {{- \'null\' -}}\n    {%- elif argument is string -%}\n        {{- \'<|"|>\' + argument + \'<|"|>\' -}}\n    {%- elif argument is boolean -%}\n        {{- \'true\' if argument else \'false\' -}}\n    {%- elif argument is mapping -%}\n        {{- \'{\' -}}\n        {%- set ns = namespace(found_first=false) -%}\n        {%- for key, value in argument | dictsort -%}\n            {%- if ns.found_first %},{% endif -%}\n            {%- set ns.found_first = true -%}\n            {%- if escape_keys -%}\n                {{- \'<|"|>\' + key + \'<|"|>\' -}}\n            {%- else -%}\n                {{- key -}}\n            {%- endif -%}\n            :{{- format_argument(value, escape_keys=escape_keys) -}}\n        {%- endfor -%}\n        {{- \'}\' -}}\n    {%- elif argument is sequence -%}\n        {{- \'[\' -}}\n        {%- for item in argument -%}\n            {{- format_argument(item, escape_keys=escape_keys) -}}\n            {%- if not loop.last %},{% endif -%}\n        {%- endfor -%}\n        {{- \']\' -}}\n    {%- else -%}\n        {{- argument -}}\n    {%- endif -%}\n{%- endmacro -%}\n{%- macro strip_thinking(text) -%}\n    {%- set ns = namespace(result=\'\') -%}\n    {%- for part in text.split(\'<channel|>\') -%}\n        {%- if \'<|channel>\' in part -%}\n            {%- set ns.result = ns.result + part.split(\'<|channel>\')[0] -%}\n        {%- else -%}\n            {%- set ns.result = ns.result + part -%}\n        {%- endif -%}\n    {%- endfor -%}\n    {{- ns.result | trim -}}\n{%- endmacro -%}\n\n{%- macro format_tool_response_block(tool_name, response) -%}\n    {{- \'<|tool_response>\' -}}\n    {%- if response is mapping -%}\n        {{- \'response:\' + tool_name + \'{\' -}}\n        {%- for key, value in response | dictsort -%}\n            {{- key -}}:{{- format_argument(value, escape_keys=False) -}}\n            {%- if not loop.last %},{% endif -%}\n        {%- endfor -%}\n        {{- \'}\' -}}\n    {%- else -%}\n        {{- \'response:\' + tool_name + \'{value:\' + format_argument(response, escape_keys=False) + \'}\' -}}\n    {%- endif -%}\n    {{- \'<tool_response|>\' -}}\n{%- endmacro -%}\n\n{#- ===== SETUP ===== -#}\n{%- set ns = namespace(prev_message_type=None, prev_non_tool_role=None) -%}\n{%- set loop_messages = messages -%}\n{%- set enable_thinking = enable_thinking | default(false) -%}\n{%- set preserve_thinking = preserve_thinking | default(false) -%}\n{{- bos_token -}}\n{#- Handle System/Tool Definitions Block -#}\n{%- if enable_thinking or tools or (messages and messages[0][\'role\'] in [\'system\', \'developer\']) -%}\n    {{- \'<|turn>system\\n\' -}}\n    {#- Inject Thinking token at the very top of the FIRST system turn -#}\n    {%- if enable_thinking -%}\n        {{- \'<|think|>\\n\' -}}\n        {%- set ns.prev_message_type = \'think\' -%}\n    {%- endif -%}\n    {%- if messages and messages[0][\'role\'] in [\'system\', \'developer\'] -%}\n        {%- if messages[0][\'content\'] is string -%}\n            {{- messages[0][\'content\'] | trim -}}\n        {%- elif messages[0][\'content\'] is sequence -%}\n            {%- for item in messages[0][\'content\'] -%}\n                {{- item[\'text\'] | trim + \' \'-}}\n            {%- endfor -%}\n        {%- endif -%}\n        {%- set loop_messages = messages[1:] -%}\n    {%- endif -%}\n    {%- if tools -%}\n        {%- for tool in tools %}\n            {{- \'<|tool>\' -}}\n            {{- format_function_declaration(tool) | trim -}}\n            {{- \'<tool|>\' -}}\n        {%- endfor %}\n        {%- set ns.prev_message_type = \'tool\' -%}\n    {%- endif -%}\n    {{- \'<turn|>\\n\' -}}\n{%- endif %}\n\n{#- Pre-scan: find last user message index for reasoning guard -#}\n{%- set ns_turn = namespace(last_user_idx=-1) -%}\n{%- for i in range(loop_messages | length) -%}\n    {%- if loop_messages[i][\'role\'] == \'user\' -%}\n        {%- set ns_turn.last_user_idx = i -%}\n    {%- endif -%}\n{%- endfor -%}\n\n{#- Loop through messages -#}\n{%- for message in loop_messages -%}\n    {%- if message[\'role\'] != \'tool\' -%}\n    {%- set ns.prev_message_type = None -%}\n    {%- set role = \'model\' if message[\'role\'] == \'assistant\' else message[\'role\'] -%}\n    {#- Detect continuation using tracked state — O(1) instead of O(n) backward scan -#}\n    {%- set continue_same_model_turn = (role == \'model\' and ns.prev_non_tool_role == \'assistant\') -%}\n    {%- if not continue_same_model_turn -%}\n        {{- \'<|turn>\' + role + \'\\n\' }}\n\n    {%- endif -%}\n\n    {#- Render reasoning/reasoning_content as thinking channel -#}\n    {%- set thinking_text = message.get(\'reasoning\') or message.get(\'reasoning_content\') -%}\n    {%- set thinking_gate = (loop.index0 > ns_turn.last_user_idx) or (preserve_thinking and message.get(\'tool_calls\')) -%}\n    {%- if thinking_text and thinking_gate -%}\n        {{- \'<|channel>thought\\n\' + thinking_text + \'\\n<channel|>\' -}}\n    {%- endif -%}\n\n            {%- if message.get(\'tool_calls\') -%}\n                {%- for tool_call in message.get(\'tool_calls\') -%}\n                    {%- set function = tool_call[\'function\'] -%}\n                    {{- \'<|tool_call>call:\' + function[\'name\'] + \'{\' -}}\n                    {%- if function[\'arguments\'] is mapping -%}\n                        {%- set ns_args = namespace(found_first=false) -%}\n                        {%- for key, value in function[\'arguments\'] | dictsort -%}\n                            {%- if ns_args.found_first %},{% endif -%}\n                            {%- set ns_args.found_first = true -%}\n                            {{- key -}}:{{- format_argument(value, escape_keys=False) -}}\n                        {%- endfor -%}\n                    {%- elif function[\'arguments\'] is none -%}\n                    {%- else -%}\n                        {{- raise_exception(\n                            "chat_template: tool_calls[].function.arguments must be a "\n                            "JSON object (mapping), not a string. Deserialize arguments "\n                            "before passing to the template."\n                        ) -}}\n                    {%- endif -%}\n                    {{- \'}<tool_call|>\' -}}\n                {%- endfor -%}\n                {%- set ns.prev_message_type = \'tool_call\' -%}\n            {%- endif -%}\n\n            {%- set ns_tr_out = namespace(flag=false) -%}\n            {%- if message.get(\'tool_responses\') -%}\n                {#- Legacy: tool_responses embedded on the assistant message (Google/Gemma native) -#}\n                {%- for tool_response in message.get(\'tool_responses\') -%}\n                    {{- format_tool_response_block(tool_response[\'name\'] | default(\'unknown\', true), tool_response[\'response\']) -}}\n                    {%- set ns_tr_out.flag = true -%}\n                    {%- set ns.prev_message_type = \'tool_response\' -%}\n                {%- endfor -%}\n            {%- elif message.get(\'tool_calls\') -%}\n                {#- OpenAI Chat Completions: forward-scan consecutive role:tool messages -#}\n                {%- set ns_tool_scan = namespace(stopped=false) -%}\n                {%- for k in range(loop.index0 + 1, loop_messages | length) -%}\n                    {%- if ns_tool_scan.stopped -%}\n                    {%- elif loop_messages[k][\'role\'] != \'tool\' -%}\n                        {%- set ns_tool_scan.stopped = true -%}\n                    {%- else -%}\n                        {%- set follow = loop_messages[k] -%}\n                        {#- Resolve tool_call_id to function name -#}\n                        {%- set ns_tname = namespace(name=follow.get(\'name\') or \'unknown\') -%}\n                        {%- for tc in message.get(\'tool_calls\') -%}\n                            {%- if tc.get(\'id\') == follow.get(\'tool_call_id\') -%}\n                                {%- set ns_tname.name = tc[\'function\'][\'name\'] -%}\n                            {%- endif -%}\n                        {%- endfor -%}\n                        {#- Handle content as string or content-parts array -#}\n                        {%- set tool_body = follow.get(\'content\') -%}\n                        {%- if tool_body is string -%}\n                            {{- format_tool_response_block(ns_tname.name, tool_body) -}}\n                        {%- elif tool_body is sequence and tool_body is not string -%}\n                            {%- set ns_txt = namespace(s=\'\') -%}\n                            {%- for part in tool_body -%}\n                                {%- if part.get(\'type\') == \'text\' -%}\n                                    {%- set ns_txt.s = ns_txt.s + (part.get(\'text\') | default(\'\')) -%}\n                                {%- endif -%}\n                            {%- endfor -%}\n                            {{- format_tool_response_block(ns_tname.name, ns_txt.s) -}}\n                            {%- for part in tool_body -%}\n                                {%- if part.get(\'type\') in [\'image\', \'image_url\'] -%}\n                                    {{- \'<|image|>\' -}}\n                                {%- elif part.get(\'type\') in [\'audio\', \'input_audio\'] -%}\n                                    {{- \'<|audio|>\' -}}\n                                {%- elif part.get(\'type\') == \'video\' -%}\n                                    {{- \'<|video|>\' -}}\n                                {%- endif -%}\n                            {%- endfor -%}\n                        {%- else -%}\n                            {{- format_tool_response_block(ns_tname.name, tool_body) -}}\n                        {%- endif -%}\n                        {%- set ns_tr_out.flag = true -%}\n                        {%- set ns.prev_message_type = \'tool_response\' -%}\n                    {%- endif -%}\n                {%- endfor -%}\n            {%- endif -%}\n\n            {%- set captured_content -%}\n            {%- if message.get(\'content\') is string -%}\n                {%- if role == \'model\' -%}\n                    {{- strip_thinking(message[\'content\']) -}}\n                {%- else -%}\n                    {{- message[\'content\'] | trim -}}\n                {%- endif -%}\n            {%- elif message.get(\'content\') is sequence -%}\n                {%- for item in message[\'content\'] -%}\n                    {%- if item.get(\'type\') == \'text\' -%}\n                        {%- if role == \'model\' -%}\n                            {{- strip_thinking(item[\'text\']) -}}\n                        {%- else -%}\n                            {{- item[\'text\'] | trim -}}\n                        {%- endif -%}\n                    {%- elif item.get(\'type\') in [\'image\', \'image_url\'] -%}\n                        {{- \'<|image|>\' -}}\n                    {%- elif item.get(\'type\') in [\'audio\', \'input_audio\'] -%}\n                        {{- \'<|audio|>\' -}}\n                    {%- elif item.get(\'type\') == \'video\' -%}\n                        {{- \'<|video|>\' -}}\n                    {%- endif -%}\n                {%- endfor -%}\n            {%- endif -%}\n            {%- endset -%}\n\n            {{- captured_content -}}\n            {%- set has_content = captured_content | trim | length > 0 -%}\n\n        {#- Forward-scan: find next non-tool message role for continuation detection -#}\n        {%- set next_nt = namespace(role=None, found=false) -%}\n        {%- for j in range(loop.index0 + 1, loop_messages | length) -%}\n            {%- if not next_nt.found -%}\n                {%- if loop_messages[j][\'role\'] != \'tool\' -%}\n                    {%- set next_nt.role = loop_messages[j][\'role\'] -%}\n                    {%- set next_nt.found = true -%}\n                {%- endif -%}\n            {%- endif -%}\n        {%- endfor -%}\n\n        {%- set continues_into_next = (\n            role == \'model\'\n            and next_nt.role == \'assistant\'\n            and (not message.get(\'tool_calls\') or ns_tr_out.flag)\n        ) -%}\n\n        {%- if ns.prev_message_type == \'tool_call\' and not ns_tr_out.flag -%}\n            {{- \'<|tool_response>\' -}}\n        {%- elif continues_into_next -%}\n        {%- elif not (ns_tr_out.flag and not has_content and not next_nt.found) -%}\n            {{- \'<turn|>\\n\' -}}\n        {%- endif -%}\n\n    {#- Track previous non-tool role for next iteration (avoids O(n) backward scan) -#}\n    {%- set ns.prev_non_tool_role = message[\'role\'] -%}\n    {%- endif -%}\n{%- endfor -%}\n\n{%- if add_generation_prompt -%}\n    {%- if ns.prev_message_type != \'tool_response\' and ns.prev_message_type != \'tool_call\' -%}\n        {{- \'<|turn>model\\n\' -}}\n        {%- if not enable_thinking -%}\n            {{- \'<|channel>thought\\n<channel|>\' -}}\n        {%- endif -%}\n    {%- elif ns.prev_message_type == \'tool_response\' and enable_thinking -%}\n        {{- \'<|channel>thought\\n\' -}}\n    {%- endif -%}\n{%- endif -%}\n'}
Available chat formats from metadata: chat_template.default
Using gguf chat template: {#
  Template: Google Gemma 4 Canonical Chat Template
  Author: Google Gemma Engineering Team
  Published: 2026-07-09
  Context: Fixed tool-calling loops, turn closures, and thinking content-ordering.
#}
{%- macro format_parameters(properties, required, filter_keys=false) -%}
    {%- set standard_keys = ['description', 'type', 'properties', 'required', 'nullable'] -%}
    {%- set ns = namespace(found_first=false) -%}
    {%- for key, value in properties | dictsort -%}
        {%- set add_comma = false -%}
        {%- if not filter_keys or key not in standard_keys -%}
            {%- if ns.found_first %},{% endif -%}
            {%- set ns.found_first = true -%}
            {{ key }}:{
            {%- if value['description'] -%}
                description:<|"|>{{ value['description'] }}<|"|>
                {%- set add_comma = true -%}
            {%- endif -%}
            {%- if value['type'] | upper == 'STRING' -%}
                {%- if value['enum'] -%}
                    {%- if add_comma %},{%- else -%} {%- set add_comma = true -%} {% endif -%}
                    enum:{{ format_argument(value['enum']) }}
                {%- endif -%}
            {%- elif value['type'] | upper == 'ARRAY' -%}
                {%- if value['items'] is mapping and value['items'] -%}
                    {%- if add_comma %},{%- else -%} {%- set add_comma = true -%} {% endif -%}
                    items:{
                    {%- set ns_items = namespace(found_first=false) -%}
                    {%- for item_key, item_value in value['items'] | dictsort -%}
                        {%- if item_value is not none -%}
                            {%- if ns_items.found_first %},{% endif -%}
                            {%- set ns_items.found_first = true -%}
                            {%- if item_key == 'properties' -%}
                                properties:{
                                {%- if item_value is mapping -%}
                                    {{- format_parameters(item_value, value['items']['required'] | default([])) -}}
                                {%- endif -%}
                                }
                            {%- elif item_key == 'required' -%}
                                required:[
                                {%- for req_item in item_value -%}
                                    <|"|>{{- req_item -}}<|"|>
                                    {%- if not loop.last %},{% endif -%}
                                {%- endfor -%}
                                ]
                            {%- elif item_key == 'type' -%}
                                {%- if item_value is string -%}
                                    type:{{ format_argument(item_value | upper) }}
                                {%- else -%}
                                    type:{{ format_argument(item_value | map('upper') | list) }}
                                {%- endif -%}
                            {%- else -%}
                                {{ item_key }}:{{ format_argument(item_value) }}
                            {%- endif -%}
                        {%- endif -%}
                    {%- endfor -%}
                    }
                {%- endif -%}
            {%- endif -%}
            {%- if value['nullable'] %}
                {%- if add_comma %},{%- else -%} {%- set add_comma = true -%} {% endif -%}
                nullable:true
            {%- endif -%}
            {%- if value['type'] | upper == 'OBJECT' -%}
                {%- if value['properties'] is defined and value['properties'] is mapping -%}
                    {%- if add_comma %},{%- else -%} {%- set add_comma = true -%} {% endif -%}
                    properties:{
                    {{- format_parameters(value['properties'], value['required'] | default([])) -}}
                    }
                {%- elif value is mapping -%}
                    {%- if add_comma %},{%- else -%} {%- set add_comma = true -%} {% endif -%}
                    properties:{
                    {{- format_parameters(value, value['required'] | default([]), filter_keys=true) -}}
                    }
                {%- endif -%}
                {%- if value['required'] -%}
                    {%- if add_comma %},{%- else -%} {%- set add_comma = true -%} {% endif -%}
                    required:[
                    {%- for item in value['required'] | default([]) -%}
                        <|"|>{{- item -}}<|"|>
                        {%- if not loop.last %},{% endif -%}
                    {%- endfor -%}
                    ]
                {%- endif -%}
            {%- endif -%}
            {%- if add_comma %},{%- else -%} {%- set add_comma = true -%} {% endif -%}
            type:<|"|>{{ value['type'] | upper }}<|"|>}
        {%- endif -%}
    {%- endfor -%}
{%- endmacro -%}
{%- macro format_function_declaration(tool_data) -%}
    declaration:{{- tool_data['function']['name'] -}}{description:<|"|>{{- tool_data['function']['description'] -}}<|"|>
    {%- set params = tool_data['function']['parameters'] -%}
    {%- if params -%}
        ,parameters:{
        {%- if params['properties'] -%}
            properties:{ {{- format_parameters(params['properties'], params['required']) -}} },
        {%- endif -%}
        {%- if params['required'] -%}
            required:[
            {%- for item in params['required'] -%}
                <|"|>{{- item -}}<|"|>
                {{- ',' if not loop.last -}}
            {%- endfor -%}
            ],
        {%- endif -%}
        {%- if params['type'] -%}
            type:<|"|>{{- params['type'] | upper -}}<|"|>}
        {%- endif -%}
    {%- endif -%}
    {%- if 'response' in tool_data['function'] -%}
        {%- set response_declaration = tool_data['function']['response'] -%}
        ,response:{
        {%- if response_declaration['description'] -%}
            description:<|"|>{{- response_declaration['description'] -}}<|"|>,
        {%- endif -%}
        {%- if response_declaration['type'] | upper == 'OBJECT' -%}
            type:<|"|>{{- response_declaration['type'] | upper -}}<|"|>}
        {%- endif -%}
    {%- endif -%}
    }
{%- endmacro -%}
{%- macro format_argument(argument, escape_keys=True) -%}
    {%- if argument is none -%}
        {{- 'null' -}}
    {%- elif argument is string -%}
        {{- '<|"|>' + argument + '<|"|>' -}}
    {%- elif argument is boolean -%}
        {{- 'true' if argument else 'false' -}}
    {%- elif argument is mapping -%}
        {{- '{' -}}
        {%- set ns = namespace(found_first=false) -%}
        {%- for key, value in argument | dictsort -%}
            {%- if ns.found_first %},{% endif -%}
            {%- set ns.found_first = true -%}
            {%- if escape_keys -%}
                {{- '<|"|>' + key + '<|"|>' -}}
            {%- else -%}
                {{- key -}}
            {%- endif -%}
            :{{- format_argument(value, escape_keys=escape_keys) -}}
        {%- endfor -%}
        {{- '}' -}}
    {%- elif argument is sequence -%}
        {{- '[' -}}
        {%- for item in argument -%}
            {{- format_argument(item, escape_keys=escape_keys) -}}
            {%- if not loop.last %},{% endif -%}
        {%- endfor -%}
        {{- ']' -}}
    {%- else -%}
        {{- argument -}}
    {%- endif -%}
{%- endmacro -%}
{%- macro strip_thinking(text) -%}
    {%- set ns = namespace(result='') -%}
    {%- for part in text.split('<channel|>') -%}
        {%- if '<|channel>' in part -%}
            {%- set ns.result = ns.result + part.split('<|channel>')[0] -%}
        {%- else -%}
            {%- set ns.result = ns.result + part -%}
        {%- endif -%}
    {%- endfor -%}
    {{- ns.result | trim -}}
{%- endmacro -%}

{%- macro format_tool_response_block(tool_name, response) -%}
    {{- '<|tool_response>' -}}
    {%- if response is mapping -%}
        {{- 'response:' + tool_name + '{' -}}
        {%- for key, value in response | dictsort -%}
            {{- key -}}:{{- format_argument(value, escape_keys=False) -}}
            {%- if not loop.last %},{% endif -%}
        {%- endfor -%}
        {{- '}' -}}
    {%- else -%}
        {{- 'response:' + tool_name + '{value:' + format_argument(response, escape_keys=False) + '}' -}}
    {%- endif -%}
    {{- '<tool_response|>' -}}
{%- endmacro -%}

{#- ===== SETUP ===== -#}
{%- set ns = namespace(prev_message_type=None, prev_non_tool_role=None) -%}
{%- set loop_messages = messages -%}
{%- set enable_thinking = enable_thinking | default(false) -%}
{%- set preserve_thinking = preserve_thinking | default(false) -%}
{{- bos_token -}}
{#- Handle System/Tool Definitions Block -#}
{%- if enable_thinking or tools or (messages and messages[0]['role'] in ['system', 'developer']) -%}
    {{- '<|turn>system\n' -}}
    {#- Inject Thinking token at the very top of the FIRST system turn -#}
    {%- if enable_thinking -%}
        {{- '<|think|>\n' -}}
        {%- set ns.prev_message_type = 'think' -%}
    {%- endif -%}
    {%- if messages and messages[0]['role'] in ['system', 'developer'] -%}
        {%- if messages[0]['content'] is string -%}
            {{- messages[0]['content'] | trim -}}
        {%- elif messages[0]['content'] is sequence -%}
            {%- for item in messages[0]['content'] -%}
                {{- item['text'] | trim + ' '-}}
            {%- endfor -%}
        {%- endif -%}
        {%- set loop_messages = messages[1:] -%}
    {%- endif -%}
    {%- if tools -%}
        {%- for tool in tools %}
            {{- '<|tool>' -}}
            {{- format_function_declaration(tool) | trim -}}
            {{- '<tool|>' -}}
        {%- endfor %}
        {%- set ns.prev_message_type = 'tool' -%}
    {%- endif -%}
    {{- '<turn|>\n' -}}
{%- endif %}

{#- Pre-scan: find last user message index for reasoning guard -#}
{%- set ns_turn = namespace(last_user_idx=-1) -%}
{%- for i in range(loop_messages | length) -%}
    {%- if loop_messages[i]['role'] == 'user' -%}
        {%- set ns_turn.last_user_idx = i -%}
    {%- endif -%}
{%- endfor -%}

{#- Loop through messages -#}
{%- for message in loop_messages -%}
    {%- if message['role'] != 'tool' -%}
    {%- set ns.prev_message_type = None -%}
    {%- set role = 'model' if message['role'] == 'assistant' else message['role'] -%}
    {#- Detect continuation using tracked state — O(1) instead of O(n) backward scan -#}
    {%- set continue_same_model_turn = (role == 'model' and ns.prev_non_tool_role == 'assistant') -%}
    {%- if not continue_same_model_turn -%}
        {{- '<|turn>' + role + '\n' }}

    {%- endif -%}

    {#- Render reasoning/reasoning_content as thinking channel -#}
    {%- set thinking_text = message.get('reasoning') or message.get('reasoning_content') -%}
    {%- set thinking_gate = (loop.index0 > ns_turn.last_user_idx) or (preserve_thinking and message.get('tool_calls')) -%}
    {%- if thinking_text and thinking_gate -%}
        {{- '<|channel>thought\n' + thinking_text + '\n<channel|>' -}}
    {%- endif -%}

            {%- if message.get('tool_calls') -%}
                {%- for tool_call in message.get('tool_calls') -%}
                    {%- set function = tool_call['function'] -%}
                    {{- '<|tool_call>call:' + function['name'] + '{' -}}
                    {%- if function['arguments'] is mapping -%}
                        {%- set ns_args = namespace(found_first=false) -%}
                        {%- for key, value in function['arguments'] | dictsort -%}
                            {%- if ns_args.found_first %},{% endif -%}
                            {%- set ns_args.found_first = true -%}
                            {{- key -}}:{{- format_argument(value, escape_keys=False) -}}
                        {%- endfor -%}
                    {%- elif function['arguments'] is none -%}
                    {%- else -%}
                        {{- raise_exception(
                            "chat_template: tool_calls[].function.arguments must be a "
                            "JSON object (mapping), not a string. Deserialize arguments "
                            "before passing to the template."
                        ) -}}
                    {%- endif -%}
                    {{- '}<tool_call|>' -}}
                {%- endfor -%}
                {%- set ns.prev_message_type = 'tool_call' -%}
            {%- endif -%}

            {%- set ns_tr_out = namespace(flag=false) -%}
            {%- if message.get('tool_responses') -%}
                {#- Legacy: tool_responses embedded on the assistant message (Google/Gemma native) -#}
                {%- for tool_response in message.get('tool_responses') -%}
                    {{- format_tool_response_block(tool_response['name'] | default('unknown', true), tool_response['response']) -}}
                    {%- set ns_tr_out.flag = true -%}
                    {%- set ns.prev_message_type = 'tool_response' -%}
                {%- endfor -%}
            {%- elif message.get('tool_calls') -%}
                {#- OpenAI Chat Completions: forward-scan consecutive role:tool messages -#}
                {%- set ns_tool_scan = namespace(stopped=false) -%}
                {%- for k in range(loop.index0 + 1, loop_messages | length) -%}
                    {%- if ns_tool_scan.stopped -%}
                    {%- elif loop_messages[k]['role'] != 'tool' -%}
                        {%- set ns_tool_scan.stopped = true -%}
                    {%- else -%}
                        {%- set follow = loop_messages[k] -%}
                        {#- Resolve tool_call_id to function name -#}
                        {%- set ns_tname = namespace(name=follow.get('name') or 'unknown') -%}
                        {%- for tc in message.get('tool_calls') -%}
                            {%- if tc.get('id') == follow.get('tool_call_id') -%}
                                {%- set ns_tname.name = tc['function']['name'] -%}
                            {%- endif -%}
                        {%- endfor -%}
                        {#- Handle content as string or content-parts array -#}
                        {%- set tool_body = follow.get('content') -%}
                        {%- if tool_body is string -%}
                            {{- format_tool_response_block(ns_tname.name, tool_body) -}}
                        {%- elif tool_body is sequence and tool_body is not string -%}
                            {%- set ns_txt = namespace(s='') -%}
                            {%- for part in tool_body -%}
                                {%- if part.get('type') == 'text' -%}
                                    {%- set ns_txt.s = ns_txt.s + (part.get('text') | default('')) -%}
                                {%- endif -%}
                            {%- endfor -%}
                            {{- format_tool_response_block(ns_tname.name, ns_txt.s) -}}
                            {%- for part in tool_body -%}
                                {%- if part.get('type') in ['image', 'image_url'] -%}
                                    {{- '<|image|>' -}}
                                {%- elif part.get('type') in ['audio', 'input_audio'] -%}
                                    {{- '<|audio|>' -}}
                                {%- elif part.get('type') == 'video' -%}
                                    {{- '<|video|>' -}}
                                {%- endif -%}
                            {%- endfor -%}
                        {%- else -%}
                            {{- format_tool_response_block(ns_tname.name, tool_body) -}}
                        {%- endif -%}
                        {%- set ns_tr_out.flag = true -%}
                        {%- set ns.prev_message_type = 'tool_response' -%}
                    {%- endif -%}
                {%- endfor -%}
            {%- endif -%}

            {%- set captured_content -%}
            {%- if message.get('content') is string -%}
                {%- if role == 'model' -%}
                    {{- strip_thinking(message['content']) -}}
                {%- else -%}
                    {{- message['content'] | trim -}}
                {%- endif -%}
            {%- elif message.get('content') is sequence -%}
                {%- for item in message['content'] -%}
                    {%- if item.get('type') == 'text' -%}
                        {%- if role == 'model' -%}
                            {{- strip_thinking(item['text']) -}}
                        {%- else -%}
                            {{- item['text'] | trim -}}
                        {%- endif -%}
                    {%- elif item.get('type') in ['image', 'image_url'] -%}
                        {{- '<|image|>' -}}
                    {%- elif item.get('type') in ['audio', 'input_audio'] -%}
                        {{- '<|audio|>' -}}
                    {%- elif item.get('type') == 'video' -%}
                        {{- '<|video|>' -}}
                    {%- endif -%}
                {%- endfor -%}
            {%- endif -%}
            {%- endset -%}

            {{- captured_content -}}
            {%- set has_content = captured_content | trim | length > 0 -%}

        {#- Forward-scan: find next non-tool message role for continuation detection -#}
        {%- set next_nt = namespace(role=None, found=false) -%}
        {%- for j in range(loop.index0 + 1, loop_messages | length) -%}
            {%- if not next_nt.found -%}
                {%- if loop_messages[j]['role'] != 'tool' -%}
                    {%- set next_nt.role = loop_messages[j]['role'] -%}
                    {%- set next_nt.found = true -%}
                {%- endif -%}
            {%- endif -%}
        {%- endfor -%}

        {%- set continues_into_next = (
            role == 'model'
            and next_nt.role == 'assistant'
            and (not message.get('tool_calls') or ns_tr_out.flag)
        ) -%}

        {%- if ns.prev_message_type == 'tool_call' and not ns_tr_out.flag -%}
            {{- '<|tool_response>' -}}
        {%- elif continues_into_next -%}
        {%- elif not (ns_tr_out.flag and not has_content and not next_nt.found) -%}
            {{- '<turn|>\n' -}}
        {%- endif -%}

    {#- Track previous non-tool role for next iteration (avoids O(n) backward scan) -#}
    {%- set ns.prev_non_tool_role = message['role'] -%}
    {%- endif -%}
{%- endfor -%}

{%- if add_generation_prompt -%}
    {%- if ns.prev_message_type != 'tool_response' and ns.prev_message_type != 'tool_call' -%}
        {{- '<|turn>model\n' -}}
        {%- if not enable_thinking -%}
            {{- '<|channel>thought\n<channel|>' -}}
        {%- endif -%}
    {%- elif ns.prev_message_type == 'tool_response' and enable_thinking -%}
        {{- '<|channel>thought\n' -}}
    {%- endif -%}
{%- endif -%}

Using chat eos_token: <eos>
Using chat bos_token: <bos>
ggml_cuda_graph_set_enabled: disabling CUDA graphs due to GPU architecture
llama_perf_context_print:        load time =     456.87 ms
llama_perf_context_print: prompt eval time =     456.62 ms /    95 tokens (    4.81 ms per token,   208.05 tokens per second)
llama_perf_context_print:        eval time =     749.01 ms /    18 runs   (   41.61 ms per token,    24.03 tokens per second)
llama_perf_context_print:       total time =    1216.03 ms /   113 tokens
llama_perf_context_print:    graphs reused =         17
Llama.generate: 2 prefix-match hit, remaining 126 prompt tokens to eval
ggml_cuda_graph_set_enabled: disabling CUDA graphs due to GPU architecture
llama_perf_context_print:        load time =     456.87 ms
llama_perf_context_print: prompt eval time =     565.00 ms /   126 tokens (    4.48 ms per token,   223.01 tokens per second)
llama_perf_context_print:        eval time =    8189.84 ms /   216 runs   (   37.92 ms per token,    26.37 tokens per second)
llama_perf_context_print:       total time =    8908.57 ms /   342 tokens
llama_perf_context_print:    graphs reused =        214
Llama.generate: 124 prefix-match hit, remaining 244 prompt tokens to eval
ggml_cuda_graph_set_enabled: disabling CUDA graphs due to GPU architecture
llama_perf_context_print:        load time =     456.87 ms
llama_perf_context_print: prompt eval time =     667.82 ms /   244 tokens (    2.74 ms per token,   365.37 tokens per second)
llama_perf_context_print:        eval time =    9221.64 ms /   227 runs   (   40.62 ms per token,    24.62 tokens per second)
llama_perf_context_print:       total time =   10043.47 ms /   471 tokens
llama_perf_context_print:    graphs reused =        225
~llama_context:      CUDA0 compute buffer size is 132.7500 MiB, matches expectation of 132.7500 MiB
~llama_context:  CUDA_Host compute buffer size is   9.7534 MiB, matches expectation of   9.7534 MiB
Loading gemma-3-1b-it-Q4_K_M.gguf with -1 GPU layers.
llama_model_loader: loaded meta data with 38 key-value pairs and 340 tensors from E:\Software Engineering Stuff\CS 157A\RAGdoll-AI-Assistant-Architecture-CS157A-Team5-Database-Project\models\models\gemma-3-1b-it-Q4_K_M.gguf (version GGUF V3 (latest))
llama_model_loader: Dumping metadata keys/values. Note: KV overrides do not apply in this output.
llama_model_loader: - kv   0:                       general.architecture str              = gemma3
llama_model_loader: - kv   1:                               general.type str              = model
llama_model_loader: - kv   2:                               general.name str              = Gemma 3 1b It
llama_model_loader: - kv   3:                           general.finetune str              = it
llama_model_loader: - kv   4:                           general.basename str              = gemma-3
llama_model_loader: - kv   5:                         general.size_label str              = 1B
llama_model_loader: - kv   6:                            general.license str              = gemma
llama_model_loader: - kv   7:                   general.base_model.count u32              = 1
llama_model_loader: - kv   8:                  general.base_model.0.name str              = Gemma 3 1b Pt
llama_model_loader: - kv   9:          general.base_model.0.organization str              = Google
llama_model_loader: - kv  10:              general.base_model.0.repo_url str              = https://huggingface.co/google/gemma-3...
llama_model_loader: - kv  11:                               general.tags arr[str,1]       = ["text-generation"]
llama_model_loader: - kv  12:                      gemma3.context_length u32              = 32768
llama_model_loader: - kv  13:                    gemma3.embedding_length u32              = 1152
llama_model_loader: - kv  14:                         gemma3.block_count u32              = 26
llama_model_loader: - kv  15:                 gemma3.feed_forward_length u32              = 6912
llama_model_loader: - kv  16:                gemma3.attention.head_count u32              = 4
llama_model_loader: - kv  17:    gemma3.attention.layer_norm_rms_epsilon f32              = 0.000001
llama_model_loader: - kv  18:                gemma3.attention.key_length u32              = 256
llama_model_loader: - kv  19:              gemma3.attention.value_length u32              = 256
llama_model_loader: - kv  20:                      gemma3.rope.freq_base f32              = 1000000.000000
llama_model_loader: - kv  21:            gemma3.attention.sliding_window u32              = 512
llama_model_loader: - kv  22:             gemma3.attention.head_count_kv u32              = 1
llama_model_loader: - kv  23:                       tokenizer.ggml.model str              = llama
llama_model_loader: - kv  24:                         tokenizer.ggml.pre str              = default
llama_model_loader: - kv  25:                      tokenizer.ggml.tokens arr[str,262144]  = ["<pad>", "<eos>", "<bos>", "<unk>", ...
llama_model_loader: - kv  26:                      tokenizer.ggml.scores arr[f32,262144]  = [-1000.000000, -1000.000000, -1000.00...
llama_model_loader: - kv  27:                  tokenizer.ggml.token_type arr[i32,262144]  = [3, 3, 3, 3, 3, 4, 3, 3, 3, 3, 3, 3, ...
llama_model_loader: - kv  28:                tokenizer.ggml.bos_token_id u32              = 2
llama_model_loader: - kv  29:                tokenizer.ggml.eos_token_id u32              = 1
llama_model_loader: - kv  30:            tokenizer.ggml.unknown_token_id u32              = 3
llama_model_loader: - kv  31:            tokenizer.ggml.padding_token_id u32              = 0
llama_model_loader: - kv  32:               tokenizer.ggml.add_bos_token bool             = true
llama_model_loader: - kv  33:               tokenizer.ggml.add_eos_token bool             = false
llama_model_loader: - kv  34:                    tokenizer.chat_template str              = {{ bos_token }}\n{%- if messages[0]['r...
llama_model_loader: - kv  35:            tokenizer.ggml.add_space_prefix bool             = false
llama_model_loader: - kv  36:               general.quantization_version u32              = 2
llama_model_loader: - kv  37:                          general.file_type u32              = 15
llama_model_loader: - type  f32:  157 tensors
llama_model_loader: - type q5_0:  117 tensors
llama_model_loader: - type q8_0:   14 tensors
llama_model_loader: - type q4_K:   39 tensors
llama_model_loader: - type q6_K:   13 tensors
print_info: file format = GGUF V3 (latest)
print_info: file type   = Q4_K - Medium
print_info: file size   = 762.49 MiB (6.40 BPW) 
llama_prepare_model_devices: using device CUDA0 (NVIDIA GeForce GTX 1080 Ti) (0000:08:00.0) - 9395 MiB free
init_tokenizer: initializing tokenizer for type 1
load: 6242 unused tokens
load: control token:      0 '<pad>' is not marked as EOG
load: control token:      3 '<unk>' is not marked as EOG
load: control token:      2 '<bos>' is not marked as EOG
load: control token:      4 '<mask>' is not marked as EOG
load: control token:    105 '<start_of_turn>' is not marked as EOG
load: control-looking token:    212 '</s>' was not control-type; this is probably a bug in the model. its type will be overridden
load: control token: 255999 '<start_of_image>' is not marked as EOG
load: control token: 256000 '<end_of_image>' is not marked as EOG
load: printing all EOG tokens:
load:   - 1 ('<eos>')
load:   - 106 ('<end_of_turn>')
load:   - 212 ('</s>')
load: special tokens cache size = 6414
load: token to piece cache size = 1.9446 MB
print_info: arch                  = gemma3
print_info: vocab_only            = 0
print_info: no_alloc              = 0
print_info: n_ctx_train           = 32768
print_info: n_embd_inp            = 1152
print_info: n_embd                = 1152
print_info: n_embd_out            = 1152
print_info: n_layer               = 26
print_info: n_layer_all           = 26
print_info: n_head                = 4
print_info: n_head_kv             = 1
print_info: n_rot                 = 256
print_info: n_swa                 = 512
print_info: is_swa_any            = 1
print_info: n_embd_head_k         = 256
print_info: n_embd_head_v         = 256
print_info: n_gqa                 = 4
print_info: n_embd_k_gqa          = 256
print_info: n_embd_v_gqa          = 256
print_info: f_norm_eps            = 0.0e+00
print_info: f_norm_rms_eps        = 1.0e-06
print_info: f_clamp_kqv           = 0.0e+00
print_info: f_max_alibi_bias      = 0.0e+00
print_info: f_logit_scale         = 0.0e+00
print_info: f_attn_scale          = 6.2e-02
print_info: f_attn_value_scale    = 0.0000
print_info: n_ff                  = 6912
print_info: n_expert              = 0
print_info: n_expert_used         = 0
print_info: n_expert_groups       = 0
print_info: n_group_used          = 0
print_info: causal attn           = 1
print_info: pooling type          = -1
print_info: rope type             = 2
print_info: rope scaling          = linear
print_info: freq_base_train       = 1000000.0
print_info: freq_scale_train      = 1
print_info: freq_base_swa         = 10000.0
print_info: freq_scale_swa        = 1
print_info: n_embd_head_k_swa     = 256
print_info: n_embd_head_v_swa     = 256
print_info: n_rot_swa             = 256
print_info: n_ctx_orig_yarn       = 32768
print_info: rope_yarn_log_mul     = 0.0000
print_info: rope_finetuned        = unknown
print_info: model type            = 1B
print_info: model params          = 999.89 M
print_info: general.name          = Gemma 3 1b It
print_info: vocab type            = SPM
print_info: n_vocab               = 262144
print_info: n_merges              = 0
print_info: BOS token             = 2 '<bos>'
print_info: EOS token             = 1 '<eos>'
print_info: EOT token             = 106 '<end_of_turn>'
print_info: UNK token             = 3 '<unk>'
print_info: PAD token             = 0 '<pad>'
print_info: LF token              = 248 '<0x0A>'
print_info: EOG token             = 1 '<eos>'
print_info: EOG token             = 106 '<end_of_turn>'
print_info: EOG token             = 212 '</s>'
print_info: max token length      = 48
load_tensors: loading model tensors, this can take a while... (mmap = true, direct_io = false)
load_tensors: layer   0 assigned to device CUDA0, is_swa = 1
load_tensors: layer   1 assigned to device CUDA0, is_swa = 1
load_tensors: layer   2 assigned to device CUDA0, is_swa = 1
load_tensors: layer   3 assigned to device CUDA0, is_swa = 1
load_tensors: layer   4 assigned to device CUDA0, is_swa = 1
load_tensors: layer   5 assigned to device CUDA0, is_swa = 0
load_tensors: layer   6 assigned to device CUDA0, is_swa = 1
load_tensors: layer   7 assigned to device CUDA0, is_swa = 1
load_tensors: layer   8 assigned to device CUDA0, is_swa = 1
load_tensors: layer   9 assigned to device CUDA0, is_swa = 1
load_tensors: layer  10 assigned to device CUDA0, is_swa = 1
load_tensors: layer  11 assigned to device CUDA0, is_swa = 0
load_tensors: layer  12 assigned to device CUDA0, is_swa = 1
load_tensors: layer  13 assigned to device CUDA0, is_swa = 1
load_tensors: layer  14 assigned to device CUDA0, is_swa = 1
load_tensors: layer  15 assigned to device CUDA0, is_swa = 1
load_tensors: layer  16 assigned to device CUDA0, is_swa = 1
load_tensors: layer  17 assigned to device CUDA0, is_swa = 0
load_tensors: layer  18 assigned to device CUDA0, is_swa = 1
load_tensors: layer  19 assigned to device CUDA0, is_swa = 1
load_tensors: layer  20 assigned to device CUDA0, is_swa = 1
load_tensors: layer  21 assigned to device CUDA0, is_swa = 1
load_tensors: layer  22 assigned to device CUDA0, is_swa = 1
load_tensors: layer  23 assigned to device CUDA0, is_swa = 0
load_tensors: layer  24 assigned to device CUDA0, is_swa = 1
load_tensors: layer  25 assigned to device CUDA0, is_swa = 1
load_tensors: layer  26 assigned to device CUDA0, is_swa = 0
create_tensor: loading tensor token_embd.weight
create_tensor: loading tensor output_norm.weight
create_tensor: loading tensor token_embd.weight
create_tensor: loading tensor blk.0.attn_norm.weight
create_tensor: loading tensor blk.0.attn_q.weight
create_tensor: loading tensor blk.0.attn_k.weight
create_tensor: loading tensor blk.0.attn_v.weight
create_tensor: loading tensor blk.0.attn_output.weight
create_tensor: loading tensor blk.0.post_attention_norm.weight
create_tensor: loading tensor blk.0.attn_k_norm.weight
create_tensor: loading tensor blk.0.attn_q_norm.weight
create_tensor: loading tensor blk.0.ffn_norm.weight
create_tensor: loading tensor blk.0.ffn_gate.weight
create_tensor: loading tensor blk.0.ffn_up.weight
create_tensor: loading tensor blk.0.ffn_down.weight
create_tensor: loading tensor blk.0.post_ffw_norm.weight
create_tensor: loading tensor blk.1.attn_norm.weight
create_tensor: loading tensor blk.1.attn_q.weight
create_tensor: loading tensor blk.1.attn_k.weight
create_tensor: loading tensor blk.1.attn_v.weight
create_tensor: loading tensor blk.1.attn_output.weight
create_tensor: loading tensor blk.1.post_attention_norm.weight
create_tensor: loading tensor blk.1.attn_k_norm.weight
create_tensor: loading tensor blk.1.attn_q_norm.weight
create_tensor: loading tensor blk.1.ffn_norm.weight
create_tensor: loading tensor blk.1.ffn_gate.weight
create_tensor: loading tensor blk.1.ffn_up.weight
create_tensor: loading tensor blk.1.ffn_down.weight
create_tensor: loading tensor blk.1.post_ffw_norm.weight
create_tensor: loading tensor blk.2.attn_norm.weight
create_tensor: loading tensor blk.2.attn_q.weight
create_tensor: loading tensor blk.2.attn_k.weight
create_tensor: loading tensor blk.2.attn_v.weight
create_tensor: loading tensor blk.2.attn_output.weight
create_tensor: loading tensor blk.2.post_attention_norm.weight
create_tensor: loading tensor blk.2.attn_k_norm.weight
create_tensor: loading tensor blk.2.attn_q_norm.weight
create_tensor: loading tensor blk.2.ffn_norm.weight
create_tensor: loading tensor blk.2.ffn_gate.weight
create_tensor: loading tensor blk.2.ffn_up.weight
create_tensor: loading tensor blk.2.ffn_down.weight
create_tensor: loading tensor blk.2.post_ffw_norm.weight
create_tensor: loading tensor blk.3.attn_norm.weight
create_tensor: loading tensor blk.3.attn_q.weight
create_tensor: loading tensor blk.3.attn_k.weight
create_tensor: loading tensor blk.3.attn_v.weight
create_tensor: loading tensor blk.3.attn_output.weight
create_tensor: loading tensor blk.3.post_attention_norm.weight
create_tensor: loading tensor blk.3.attn_k_norm.weight
create_tensor: loading tensor blk.3.attn_q_norm.weight
create_tensor: loading tensor blk.3.ffn_norm.weight
create_tensor: loading tensor blk.3.ffn_gate.weight
create_tensor: loading tensor blk.3.ffn_up.weight
create_tensor: loading tensor blk.3.ffn_down.weight
create_tensor: loading tensor blk.3.post_ffw_norm.weight
create_tensor: loading tensor blk.4.attn_norm.weight
create_tensor: loading tensor blk.4.attn_q.weight
create_tensor: loading tensor blk.4.attn_k.weight
create_tensor: loading tensor blk.4.attn_v.weight
create_tensor: loading tensor blk.4.attn_output.weight
create_tensor: loading tensor blk.4.post_attention_norm.weight
create_tensor: loading tensor blk.4.attn_k_norm.weight
create_tensor: loading tensor blk.4.attn_q_norm.weight
create_tensor: loading tensor blk.4.ffn_norm.weight
create_tensor: loading tensor blk.4.ffn_gate.weight
create_tensor: loading tensor blk.4.ffn_up.weight
create_tensor: loading tensor blk.4.ffn_down.weight
create_tensor: loading tensor blk.4.post_ffw_norm.weight
create_tensor: loading tensor blk.5.attn_norm.weight
create_tensor: loading tensor blk.5.attn_q.weight
create_tensor: loading tensor blk.5.attn_k.weight
create_tensor: loading tensor blk.5.attn_v.weight
create_tensor: loading tensor blk.5.attn_output.weight
create_tensor: loading tensor blk.5.post_attention_norm.weight
create_tensor: loading tensor blk.5.attn_k_norm.weight
create_tensor: loading tensor blk.5.attn_q_norm.weight
create_tensor: loading tensor blk.5.ffn_norm.weight
create_tensor: loading tensor blk.5.ffn_gate.weight
create_tensor: loading tensor blk.5.ffn_up.weight
create_tensor: loading tensor blk.5.ffn_down.weight
create_tensor: loading tensor blk.5.post_ffw_norm.weight
create_tensor: loading tensor blk.6.attn_norm.weight
create_tensor: loading tensor blk.6.attn_q.weight
create_tensor: loading tensor blk.6.attn_k.weight
create_tensor: loading tensor blk.6.attn_v.weight
create_tensor: loading tensor blk.6.attn_output.weight
create_tensor: loading tensor blk.6.post_attention_norm.weight
create_tensor: loading tensor blk.6.attn_k_norm.weight
create_tensor: loading tensor blk.6.attn_q_norm.weight
create_tensor: loading tensor blk.6.ffn_norm.weight
create_tensor: loading tensor blk.6.ffn_gate.weight
create_tensor: loading tensor blk.6.ffn_up.weight
create_tensor: loading tensor blk.6.ffn_down.weight
create_tensor: loading tensor blk.6.post_ffw_norm.weight
create_tensor: loading tensor blk.7.attn_norm.weight
create_tensor: loading tensor blk.7.attn_q.weight
create_tensor: loading tensor blk.7.attn_k.weight
create_tensor: loading tensor blk.7.attn_v.weight
create_tensor: loading tensor blk.7.attn_output.weight
create_tensor: loading tensor blk.7.post_attention_norm.weight
create_tensor: loading tensor blk.7.attn_k_norm.weight
create_tensor: loading tensor blk.7.attn_q_norm.weight
create_tensor: loading tensor blk.7.ffn_norm.weight
create_tensor: loading tensor blk.7.ffn_gate.weight
create_tensor: loading tensor blk.7.ffn_up.weight
create_tensor: loading tensor blk.7.ffn_down.weight
create_tensor: loading tensor blk.7.post_ffw_norm.weight
create_tensor: loading tensor blk.8.attn_norm.weight
create_tensor: loading tensor blk.8.attn_q.weight
create_tensor: loading tensor blk.8.attn_k.weight
create_tensor: loading tensor blk.8.attn_v.weight
create_tensor: loading tensor blk.8.attn_output.weight
create_tensor: loading tensor blk.8.post_attention_norm.weight
create_tensor: loading tensor blk.8.attn_k_norm.weight
create_tensor: loading tensor blk.8.attn_q_norm.weight
create_tensor: loading tensor blk.8.ffn_norm.weight
create_tensor: loading tensor blk.8.ffn_gate.weight
create_tensor: loading tensor blk.8.ffn_up.weight
create_tensor: loading tensor blk.8.ffn_down.weight
create_tensor: loading tensor blk.8.post_ffw_norm.weight
create_tensor: loading tensor blk.9.attn_norm.weight
create_tensor: loading tensor blk.9.attn_q.weight
create_tensor: loading tensor blk.9.attn_k.weight
create_tensor: loading tensor blk.9.attn_v.weight
create_tensor: loading tensor blk.9.attn_output.weight
create_tensor: loading tensor blk.9.post_attention_norm.weight
create_tensor: loading tensor blk.9.attn_k_norm.weight
create_tensor: loading tensor blk.9.attn_q_norm.weight
create_tensor: loading tensor blk.9.ffn_norm.weight
create_tensor: loading tensor blk.9.ffn_gate.weight
create_tensor: loading tensor blk.9.ffn_up.weight
create_tensor: loading tensor blk.9.ffn_down.weight
create_tensor: loading tensor blk.9.post_ffw_norm.weight
create_tensor: loading tensor blk.10.attn_norm.weight
create_tensor: loading tensor blk.10.attn_q.weight
create_tensor: loading tensor blk.10.attn_k.weight
create_tensor: loading tensor blk.10.attn_v.weight
create_tensor: loading tensor blk.10.attn_output.weight
create_tensor: loading tensor blk.10.post_attention_norm.weight
create_tensor: loading tensor blk.10.attn_k_norm.weight
create_tensor: loading tensor blk.10.attn_q_norm.weight
create_tensor: loading tensor blk.10.ffn_norm.weight
create_tensor: loading tensor blk.10.ffn_gate.weight
create_tensor: loading tensor blk.10.ffn_up.weight
create_tensor: loading tensor blk.10.ffn_down.weight
create_tensor: loading tensor blk.10.post_ffw_norm.weight
create_tensor: loading tensor blk.11.attn_norm.weight
create_tensor: loading tensor blk.11.attn_q.weight
create_tensor: loading tensor blk.11.attn_k.weight
create_tensor: loading tensor blk.11.attn_v.weight
create_tensor: loading tensor blk.11.attn_output.weight
create_tensor: loading tensor blk.11.post_attention_norm.weight
create_tensor: loading tensor blk.11.attn_k_norm.weight
create_tensor: loading tensor blk.11.attn_q_norm.weight
create_tensor: loading tensor blk.11.ffn_norm.weight
create_tensor: loading tensor blk.11.ffn_gate.weight
create_tensor: loading tensor blk.11.ffn_up.weight
create_tensor: loading tensor blk.11.ffn_down.weight
create_tensor: loading tensor blk.11.post_ffw_norm.weight
create_tensor: loading tensor blk.12.attn_norm.weight
create_tensor: loading tensor blk.12.attn_q.weight
create_tensor: loading tensor blk.12.attn_k.weight
create_tensor: loading tensor blk.12.attn_v.weight
create_tensor: loading tensor blk.12.attn_output.weight
create_tensor: loading tensor blk.12.post_attention_norm.weight
create_tensor: loading tensor blk.12.attn_k_norm.weight
create_tensor: loading tensor blk.12.attn_q_norm.weight
create_tensor: loading tensor blk.12.ffn_norm.weight
create_tensor: loading tensor blk.12.ffn_gate.weight
create_tensor: loading tensor blk.12.ffn_up.weight
create_tensor: loading tensor blk.12.ffn_down.weight
create_tensor: loading tensor blk.12.post_ffw_norm.weight
create_tensor: loading tensor blk.13.attn_norm.weight
create_tensor: loading tensor blk.13.attn_q.weight
create_tensor: loading tensor blk.13.attn_k.weight
create_tensor: loading tensor blk.13.attn_v.weight
create_tensor: loading tensor blk.13.attn_output.weight
create_tensor: loading tensor blk.13.post_attention_norm.weight
create_tensor: loading tensor blk.13.attn_k_norm.weight
create_tensor: loading tensor blk.13.attn_q_norm.weight
create_tensor: loading tensor blk.13.ffn_norm.weight
create_tensor: loading tensor blk.13.ffn_gate.weight
create_tensor: loading tensor blk.13.ffn_up.weight
create_tensor: loading tensor blk.13.ffn_down.weight
create_tensor: loading tensor blk.13.post_ffw_norm.weight
create_tensor: loading tensor blk.14.attn_norm.weight
create_tensor: loading tensor blk.14.attn_q.weight
create_tensor: loading tensor blk.14.attn_k.weight
create_tensor: loading tensor blk.14.attn_v.weight
create_tensor: loading tensor blk.14.attn_output.weight
create_tensor: loading tensor blk.14.post_attention_norm.weight
create_tensor: loading tensor blk.14.attn_k_norm.weight
create_tensor: loading tensor blk.14.attn_q_norm.weight
create_tensor: loading tensor blk.14.ffn_norm.weight
create_tensor: loading tensor blk.14.ffn_gate.weight
create_tensor: loading tensor blk.14.ffn_up.weight
create_tensor: loading tensor blk.14.ffn_down.weight
create_tensor: loading tensor blk.14.post_ffw_norm.weight
create_tensor: loading tensor blk.15.attn_norm.weight
create_tensor: loading tensor blk.15.attn_q.weight
create_tensor: loading tensor blk.15.attn_k.weight
create_tensor: loading tensor blk.15.attn_v.weight
create_tensor: loading tensor blk.15.attn_output.weight
create_tensor: loading tensor blk.15.post_attention_norm.weight
create_tensor: loading tensor blk.15.attn_k_norm.weight
create_tensor: loading tensor blk.15.attn_q_norm.weight
create_tensor: loading tensor blk.15.ffn_norm.weight
create_tensor: loading tensor blk.15.ffn_gate.weight
create_tensor: loading tensor blk.15.ffn_up.weight
create_tensor: loading tensor blk.15.ffn_down.weight
create_tensor: loading tensor blk.15.post_ffw_norm.weight
create_tensor: loading tensor blk.16.attn_norm.weight
create_tensor: loading tensor blk.16.attn_q.weight
create_tensor: loading tensor blk.16.attn_k.weight
create_tensor: loading tensor blk.16.attn_v.weight
create_tensor: loading tensor blk.16.attn_output.weight
create_tensor: loading tensor blk.16.post_attention_norm.weight
create_tensor: loading tensor blk.16.attn_k_norm.weight
create_tensor: loading tensor blk.16.attn_q_norm.weight
create_tensor: loading tensor blk.16.ffn_norm.weight
create_tensor: loading tensor blk.16.ffn_gate.weight
create_tensor: loading tensor blk.16.ffn_up.weight
create_tensor: loading tensor blk.16.ffn_down.weight
create_tensor: loading tensor blk.16.post_ffw_norm.weight
create_tensor: loading tensor blk.17.attn_norm.weight
create_tensor: loading tensor blk.17.attn_q.weight
create_tensor: loading tensor blk.17.attn_k.weight
create_tensor: loading tensor blk.17.attn_v.weight
create_tensor: loading tensor blk.17.attn_output.weight
create_tensor: loading tensor blk.17.post_attention_norm.weight
create_tensor: loading tensor blk.17.attn_k_norm.weight
create_tensor: loading tensor blk.17.attn_q_norm.weight
create_tensor: loading tensor blk.17.ffn_norm.weight
create_tensor: loading tensor blk.17.ffn_gate.weight
create_tensor: loading tensor blk.17.ffn_up.weight
create_tensor: loading tensor blk.17.ffn_down.weight
create_tensor: loading tensor blk.17.post_ffw_norm.weight
create_tensor: loading tensor blk.18.attn_norm.weight
create_tensor: loading tensor blk.18.attn_q.weight
create_tensor: loading tensor blk.18.attn_k.weight
create_tensor: loading tensor blk.18.attn_v.weight
create_tensor: loading tensor blk.18.attn_output.weight
create_tensor: loading tensor blk.18.post_attention_norm.weight
create_tensor: loading tensor blk.18.attn_k_norm.weight
create_tensor: loading tensor blk.18.attn_q_norm.weight
create_tensor: loading tensor blk.18.ffn_norm.weight
create_tensor: loading tensor blk.18.ffn_gate.weight
create_tensor: loading tensor blk.18.ffn_up.weight
create_tensor: loading tensor blk.18.ffn_down.weight
create_tensor: loading tensor blk.18.post_ffw_norm.weight
create_tensor: loading tensor blk.19.attn_norm.weight
create_tensor: loading tensor blk.19.attn_q.weight
create_tensor: loading tensor blk.19.attn_k.weight
create_tensor: loading tensor blk.19.attn_v.weight
create_tensor: loading tensor blk.19.attn_output.weight
create_tensor: loading tensor blk.19.post_attention_norm.weight
create_tensor: loading tensor blk.19.attn_k_norm.weight
create_tensor: loading tensor blk.19.attn_q_norm.weight
create_tensor: loading tensor blk.19.ffn_norm.weight
create_tensor: loading tensor blk.19.ffn_gate.weight
create_tensor: loading tensor blk.19.ffn_up.weight
create_tensor: loading tensor blk.19.ffn_down.weight
create_tensor: loading tensor blk.19.post_ffw_norm.weight
create_tensor: loading tensor blk.20.attn_norm.weight
create_tensor: loading tensor blk.20.attn_q.weight
create_tensor: loading tensor blk.20.attn_k.weight
create_tensor: loading tensor blk.20.attn_v.weight
create_tensor: loading tensor blk.20.attn_output.weight
create_tensor: loading tensor blk.20.post_attention_norm.weight
create_tensor: loading tensor blk.20.attn_k_norm.weight
create_tensor: loading tensor blk.20.attn_q_norm.weight
create_tensor: loading tensor blk.20.ffn_norm.weight
create_tensor: loading tensor blk.20.ffn_gate.weight
create_tensor: loading tensor blk.20.ffn_up.weight
create_tensor: loading tensor blk.20.ffn_down.weight
create_tensor: loading tensor blk.20.post_ffw_norm.weight
create_tensor: loading tensor blk.21.attn_norm.weight
create_tensor: loading tensor blk.21.attn_q.weight
create_tensor: loading tensor blk.21.attn_k.weight
create_tensor: loading tensor blk.21.attn_v.weight
create_tensor: loading tensor blk.21.attn_output.weight
create_tensor: loading tensor blk.21.post_attention_norm.weight
create_tensor: loading tensor blk.21.attn_k_norm.weight
create_tensor: loading tensor blk.21.attn_q_norm.weight
create_tensor: loading tensor blk.21.ffn_norm.weight
create_tensor: loading tensor blk.21.ffn_gate.weight
create_tensor: loading tensor blk.21.ffn_up.weight
create_tensor: loading tensor blk.21.ffn_down.weight
create_tensor: loading tensor blk.21.post_ffw_norm.weight
create_tensor: loading tensor blk.22.attn_norm.weight
create_tensor: loading tensor blk.22.attn_q.weight
create_tensor: loading tensor blk.22.attn_k.weight
create_tensor: loading tensor blk.22.attn_v.weight
create_tensor: loading tensor blk.22.attn_output.weight
create_tensor: loading tensor blk.22.post_attention_norm.weight
create_tensor: loading tensor blk.22.attn_k_norm.weight
create_tensor: loading tensor blk.22.attn_q_norm.weight
create_tensor: loading tensor blk.22.ffn_norm.weight
create_tensor: loading tensor blk.22.ffn_gate.weight
create_tensor: loading tensor blk.22.ffn_up.weight
create_tensor: loading tensor blk.22.ffn_down.weight
create_tensor: loading tensor blk.22.post_ffw_norm.weight
create_tensor: loading tensor blk.23.attn_norm.weight
create_tensor: loading tensor blk.23.attn_q.weight
create_tensor: loading tensor blk.23.attn_k.weight
create_tensor: loading tensor blk.23.attn_v.weight
create_tensor: loading tensor blk.23.attn_output.weight
create_tensor: loading tensor blk.23.post_attention_norm.weight
create_tensor: loading tensor blk.23.attn_k_norm.weight
create_tensor: loading tensor blk.23.attn_q_norm.weight
create_tensor: loading tensor blk.23.ffn_norm.weight
create_tensor: loading tensor blk.23.ffn_gate.weight
create_tensor: loading tensor blk.23.ffn_up.weight
create_tensor: loading tensor blk.23.ffn_down.weight
create_tensor: loading tensor blk.23.post_ffw_norm.weight
create_tensor: loading tensor blk.24.attn_norm.weight
create_tensor: loading tensor blk.24.attn_q.weight
create_tensor: loading tensor blk.24.attn_k.weight
create_tensor: loading tensor blk.24.attn_v.weight
create_tensor: loading tensor blk.24.attn_output.weight
create_tensor: loading tensor blk.24.post_attention_norm.weight
create_tensor: loading tensor blk.24.attn_k_norm.weight
create_tensor: loading tensor blk.24.attn_q_norm.weight
create_tensor: loading tensor blk.24.ffn_norm.weight
create_tensor: loading tensor blk.24.ffn_gate.weight
create_tensor: loading tensor blk.24.ffn_up.weight
create_tensor: loading tensor blk.24.ffn_down.weight
create_tensor: loading tensor blk.24.post_ffw_norm.weight
create_tensor: loading tensor blk.25.attn_norm.weight
create_tensor: loading tensor blk.25.attn_q.weight
create_tensor: loading tensor blk.25.attn_k.weight
create_tensor: loading tensor blk.25.attn_v.weight
create_tensor: loading tensor blk.25.attn_output.weight
create_tensor: loading tensor blk.25.post_attention_norm.weight
create_tensor: loading tensor blk.25.attn_k_norm.weight
create_tensor: loading tensor blk.25.attn_q_norm.weight
create_tensor: loading tensor blk.25.ffn_norm.weight
create_tensor: loading tensor blk.25.ffn_gate.weight
create_tensor: loading tensor blk.25.ffn_up.weight
create_tensor: loading tensor blk.25.ffn_down.weight
create_tensor: loading tensor blk.25.post_ffw_norm.weight
done_getting_tensors: tensor 'token_embd.weight' (q8_0) (and 0 others) cannot be used with preferred buffer type CUDA_Host, using CPU instead
load_tensors: offloading output layer to GPU
load_tensors: offloading 25 repeating layers to GPU
load_tensors: offloaded 27/27 layers to GPU
load_tensors:   CPU_Mapped model buffer size =   306.00 MiB
load_tensors:        CUDA0 model buffer size =   762.54 MiB
.............................................
llama_context: constructing llama_context
llama_context: n_seq_max     = 1
llama_context: n_ctx         = 2048
llama_context: n_ctx_seq     = 2048
llama_context: n_batch       = 256
llama_context: n_ubatch      = 128
llama_context: causal_attn   = 1
llama_context: flash_attn    = disabled
llama_context: kv_unified    = false
llama_context: freq_base     = 1000000.0
llama_context: freq_scale    = 1
llama_context: n_rs_seq      = 0
llama_context: n_outputs_max = 256
llama_context: n_ctx_seq (2048) < n_ctx_train (32768) -- the full capacity of the model will not be utilized
set_abort_callback: call
llama_context:  CUDA_Host  output buffer size =     1.00 MiB
llama_kv_cache_iswa: using full-size SWA cache (ref: https://github.com/ggml-org/llama.cpp/pull/13194#issuecomment-2868343055)
llama_kv_cache_iswa: creating non-SWA KV cache, size = 2048 cells
llama_kv_cache: layer   0: filtered
llama_kv_cache: layer   1: filtered
llama_kv_cache: layer   2: filtered
llama_kv_cache: layer   3: filtered
llama_kv_cache: layer   4: filtered
llama_kv_cache: layer   5: dev = CUDA0
llama_kv_cache: layer   6: filtered
llama_kv_cache: layer   7: filtered
llama_kv_cache: layer   8: filtered
llama_kv_cache: layer   9: filtered
llama_kv_cache: layer  10: filtered
llama_kv_cache: layer  11: dev = CUDA0
llama_kv_cache: layer  12: filtered
llama_kv_cache: layer  13: filtered
llama_kv_cache: layer  14: filtered
llama_kv_cache: layer  15: filtered
llama_kv_cache: layer  16: filtered
llama_kv_cache: layer  17: dev = CUDA0
llama_kv_cache: layer  18: filtered
llama_kv_cache: layer  19: filtered
llama_kv_cache: layer  20: filtered
llama_kv_cache: layer  21: filtered
llama_kv_cache: layer  22: filtered
llama_kv_cache: layer  23: dev = CUDA0
llama_kv_cache: layer  24: filtered
llama_kv_cache: layer  25: filtered
llama_kv_cache:      CUDA0 KV buffer size =     8.00 MiB
llama_kv_cache: size =    8.00 MiB (  2048 cells,   4 layers,  1/1 seqs), K (f16):    4.00 MiB, V (f16):    4.00 MiB
llama_kv_cache: attn_rot_k = 0, n_embd_head_k_all = 256
llama_kv_cache: attn_rot_v = 0, n_embd_head_k_all = 256
llama_kv_cache_iswa: creating     SWA KV cache, size = 2048 cells
llama_kv_cache: layer   0: dev = CUDA0
llama_kv_cache: layer   1: dev = CUDA0
llama_kv_cache: layer   2: dev = CUDA0
llama_kv_cache: layer   3: dev = CUDA0
llama_kv_cache: layer   4: dev = CUDA0
llama_kv_cache: layer   5: filtered
llama_kv_cache: layer   6: dev = CUDA0
llama_kv_cache: layer   7: dev = CUDA0
llama_kv_cache: layer   8: dev = CUDA0
llama_kv_cache: layer   9: dev = CUDA0
llama_kv_cache: layer  10: dev = CUDA0
llama_kv_cache: layer  11: filtered
llama_kv_cache: layer  12: dev = CUDA0
llama_kv_cache: layer  13: dev = CUDA0
llama_kv_cache: layer  14: dev = CUDA0
llama_kv_cache: layer  15: dev = CUDA0
llama_kv_cache: layer  16: dev = CUDA0
llama_kv_cache: layer  17: filtered
llama_kv_cache: layer  18: dev = CUDA0
llama_kv_cache: layer  19: dev = CUDA0
llama_kv_cache: layer  20: dev = CUDA0
llama_kv_cache: layer  21: dev = CUDA0
llama_kv_cache: layer  22: dev = CUDA0
llama_kv_cache: layer  23: filtered
llama_kv_cache: layer  24: dev = CUDA0
llama_kv_cache: layer  25: dev = CUDA0
llama_kv_cache:      CUDA0 KV buffer size =    44.00 MiB
llama_kv_cache: size =   44.00 MiB (  2048 cells,  22 layers,  1/1 seqs), K (f16):   22.00 MiB, V (f16):   22.00 MiB
llama_kv_cache: attn_rot_k = 0, n_embd_head_k_all = 256
llama_kv_cache: attn_rot_v = 0, n_embd_head_k_all = 256
llama_context: enumerating backends
llama_context: backend_ptrs.size() = 2
sched_reserve: reserving ...
sched_reserve: max_nodes = 2728
sched_reserve: reserving full memory module
sched_reserve: worst-case: n_tokens = 128, n_seqs = 1, n_outputs = 1
resolve_fused_ops: resolving fused Gated Delta Net support:
graph_reserve: reserving a graph for ubatch with n_tokens =    1, n_seqs =  1, n_outputs =    1
ggml_cuda_graph_set_enabled: disabling CUDA graphs due to GPU architecture
resolve_fused_ops: fused Gated Delta Net (autoregressive) enabled
graph_reserve: reserving a graph for ubatch with n_tokens =   16, n_seqs =  1, n_outputs =   16
resolve_fused_ops: fused Gated Delta Net (chunked) enabled
resolve_fused_ops: resolving fused Lightning Indexer support:
graph_reserve: reserving a graph for ubatch with n_tokens =    1, n_seqs =  1, n_outputs =    1
resolve_fused_ops: Lightning Indexer enabled
graph_reserve: reserving a graph for ubatch with n_tokens =  128, n_seqs =  1, n_outputs =  128
graph_reserve: reserving a graph for ubatch with n_tokens =    1, n_seqs =  1, n_outputs =    1
graph_reserve: reserving a graph for ubatch with n_tokens =  128, n_seqs =  1, n_outputs =  128
sched_reserve:      CUDA0 compute buffer size =   128.56 MiB
sched_reserve:  CUDA_Host compute buffer size =     3.63 MiB
sched_reserve: graph nodes  = 1177
sched_reserve: graph splits = 2
sched_reserve: reserve took 16.07 ms, sched copies = 1
CUDA : ARCHS = 600,610,700,750,800,860,890,900 | FORCE_MMQ = 1 | USE_GRAPHS = 1 | CPU : SSE3 = 1 | SSSE3 = 1 | AVX = 1 | AVX2 = 1 | F16C = 1 | FMA = 1 | LLAMAFILE = 1 | OPENMP = 1 | REPACK = 1 | 
Model metadata: {'general.name': 'Gemma 3 1b It', 'general.architecture': 'gemma3', 'gemma3.attention.key_length': '256', 'general.type': 'model', 'general.basename': 'gemma-3', 'general.finetune': 'it', 'general.size_label': '1B', 'general.license': 'gemma', 'general.base_model.count': '1', 'general.base_model.0.name': 'Gemma 3 1b Pt', 'general.base_model.0.organization': 'Google', 'general.base_model.0.repo_url': 'https://huggingface.co/google/gemma-3-1b-pt', 'gemma3.context_length': '32768', 'gemma3.attention.value_length': '256', 'gemma3.embedding_length': '1152', 'gemma3.block_count': '26', 'gemma3.feed_forward_length': '6912', 'gemma3.attention.head_count': '4', 'tokenizer.ggml.add_bos_token': 'true', 'gemma3.rope.freq_base': '1000000.000000', 'gemma3.attention.layer_norm_rms_epsilon': '0.000001', 'gemma3.attention.sliding_window': '512', 'gemma3.attention.head_count_kv': '1', 'tokenizer.ggml.model': 'llama', 'tokenizer.ggml.add_space_prefix': 'false', 'tokenizer.ggml.pre': 'default', 'general.quantization_version': '2', 'tokenizer.ggml.bos_token_id': '2', 'general.file_type': '15', 'tokenizer.ggml.eos_token_id': '1', 'tokenizer.ggml.unknown_token_id': '3', 'tokenizer.ggml.padding_token_id': '0', 'tokenizer.ggml.add_eos_token': 'false', 'tokenizer.chat_template': '{{ bos_token }}\n{%- if messages[0][\'role\'] == \'system\' -%}\n    {%- if messages[0][\'content\'] is string -%}\n        {%- set first_user_prefix = messages[0][\'content\'] + \'\n\n\' -%}\n    {%- else -%}\n        {%- set first_user_prefix = messages[0][\'content\'][0][\'text\'] + \'\n\n\' -%}\n    {%- endif -%}\n    {%- set loop_messages = messages[1:] -%}\n{%- else -%}\n    {%- set first_user_prefix = "" -%}\n    {%- set loop_messages = messages -%}\n{%- endif -%}\n{%- for message in loop_messages -%}\n    {%- if (message[\'role\'] == \'user\') != (loop.index0 % 2 == 0) -%}\n        {{ raise_exception("Conversation roles must alternate user/assistant/user/assistant/...") }}\n    {%- endif -%}\n    {%- if (message[\'role\'] == \'assistant\') -%}\n        {%- set role = "model" -%}\n    {%- else -%}\n        {%- set role = message[\'role\'] -%}\n    {%- endif -%}\n    {{ \'<start_of_turn>\' + role + \'\n\' + (first_user_prefix if loop.first else "") }}\n    {%- if message[\'content\'] is string -%}\n        {{ message[\'content\'] | trim }}\n    {%- elif message[\'content\'] is iterable -%}\n        {%- for item in message[\'content\'] -%}\n            {%- if item[\'type\'] == \'image\' -%}\n                {{ \'<start_of_image>\' }}\n            {%- elif item[\'type\'] == \'text\' -%}\n                {{ item[\'text\'] | trim }}\n            {%- endif -%}\n        {%- endfor -%}\n    {%- else -%}\n        {{ raise_exception("Invalid content type") }}\n    {%- endif -%}\n    {{ \'<end_of_turn>\n\' }}\n{%- endfor -%}\n{%- if add_generation_prompt -%}\n    {{\'<start_of_turn>model\n\'}}\n{%- endif -%}\n'}
Available chat formats from metadata: chat_template.default
Using gguf chat template: {{ bos_token }}
{%- if messages[0]['role'] == 'system' -%}
    {%- if messages[0]['content'] is string -%}
        {%- set first_user_prefix = messages[0]['content'] + '

' -%}
    {%- else -%}
        {%- set first_user_prefix = messages[0]['content'][0]['text'] + '

' -%}
    {%- endif -%}
    {%- set loop_messages = messages[1:] -%}
{%- else -%}
    {%- set first_user_prefix = "" -%}
    {%- set loop_messages = messages -%}
{%- endif -%}
{%- for message in loop_messages -%}
    {%- if (message['role'] == 'user') != (loop.index0 % 2 == 0) -%}
        {{ raise_exception("Conversation roles must alternate user/assistant/user/assistant/...") }}
    {%- endif -%}
    {%- if (message['role'] == 'assistant') -%}
        {%- set role = "model" -%}
    {%- else -%}
        {%- set role = message['role'] -%}
    {%- endif -%}
    {{ '<start_of_turn>' + role + '
' + (first_user_prefix if loop.first else "") }}
    {%- if message['content'] is string -%}
        {{ message['content'] | trim }}
    {%- elif message['content'] is iterable -%}
        {%- for item in message['content'] -%}
            {%- if item['type'] == 'image' -%}
                {{ '<start_of_image>' }}
            {%- elif item['type'] == 'text' -%}
                {{ item['text'] | trim }}
            {%- endif -%}
        {%- endfor -%}
    {%- else -%}
        {{ raise_exception("Invalid content type") }}
    {%- endif -%}
    {{ '<end_of_turn>
' }}
{%- endfor -%}
{%- if add_generation_prompt -%}
    {{'<start_of_turn>model
'}}
{%- endif -%}

Using chat eos_token: <eos>
Using chat bos_token: <bos>
ggml_cuda_graph_set_enabled: disabling CUDA graphs due to GPU architecture
llama_perf_context_print:        load time =     653.89 ms
llama_perf_context_print: prompt eval time =     653.41 ms /  1693 tokens (    0.39 ms per token,  2591.02 tokens per second)
llama_perf_context_print:        eval time =    3678.92 ms /   354 runs   (   10.39 ms per token,    96.22 tokens per second)
llama_perf_context_print:       total time =    4596.62 ms /  2047 tokens
llama_perf_context_print:    graphs reused =        352
Traceback (most recent call last):
  File "E:\Software Engineering Stuff\CS 157A\RAGdoll-AI-Assistant-Architecture-CS157A-Team5-Database-Project\src\rag_pipeline\model_worker.py", line 140, in generate
    result = model.create_chat_completion(
             ^^^^^^^^^^^^^^^^^^^^^^^^^^^^^
  File "C:\Users\ethan\AppData\Local\Programs\Python\Python312\Lib\site-packages\llama_cpp\llama.py", line 2068, in create_chat_completion
    return handler(
           ^^^^^^^^
  File "C:\Users\ethan\AppData\Local\Programs\Python\Python312\Lib\site-packages\llama_cpp\llama_chat_format.py", line 725, in chat_completion_handler
    completion_or_chunks = llama.create_completion(
                           ^^^^^^^^^^^^^^^^^^^^^^^^
  File "C:\Users\ethan\AppData\Local\Programs\Python\Python312\Lib\site-packages\llama_cpp\llama.py", line 1902, in create_completion
    completion: Completion = next(completion_or_chunks)  # type: ignore
                             ^^^^^^^^^^^^^^^^^^^^^^^^^^
  File "C:\Users\ethan\AppData\Local\Programs\Python\Python312\Lib\site-packages\llama_cpp\llama.py", line 1338, in _create_completion
    raise ValueError(
ValueError: Requested tokens (2096) exceed context window of 2048

During handling of the above exception, another exception occurred:

Traceback (most recent call last):
  File "E:\Software Engineering Stuff\CS 157A\RAGdoll-AI-Assistant-Architecture-CS157A-Team5-Database-Project\src\rag_pipeline\model_worker.py", line 210, in main
    "result": clean_value(handle(request)),
                          ^^^^^^^^^^^^^^^
  File "E:\Software Engineering Stuff\CS 157A\RAGdoll-AI-Assistant-Architecture-CS157A-Team5-Database-Project\src\rag_pipeline\model_worker.py", line 184, in handle
    "text": LLAMA.generate(
            ^^^^^^^^^^^^^^^
  File "E:\Software Engineering Stuff\CS 157A\RAGdoll-AI-Assistant-Architecture-CS157A-Team5-Database-Project\src\rag_pipeline\model_worker.py", line 151, in generate
    result = model(
             ^^^^^^
  File "C:\Users\ethan\AppData\Local\Programs\Python\Python312\Lib\site-packages\llama_cpp\llama.py", line 1969, in __call__
    return self.create_completion(
           ^^^^^^^^^^^^^^^^^^^^^^^
  File "C:\Users\ethan\AppData\Local\Programs\Python\Python312\Lib\site-packages\llama_cpp\llama.py", line 1902, in create_completion
    completion: Completion = next(completion_or_chunks)  # type: ignore
                             ^^^^^^^^^^^^^^^^^^^^^^^^^^
  File "C:\Users\ethan\AppData\Local\Programs\Python\Python312\Lib\site-packages\llama_cpp\llama.py", line 1338, in _create_completion
    raise ValueError(
ValueError: Requested tokens (2067) exceed context window of 2048
ggml_cuda_init: found 1 CUDA devices (Total VRAM: 11263 MiB):
  Device 0: NVIDIA GeForce GTX 1080 Ti, compute capability 6.1, VMM: yes, VRAM: 11263 MiB
Loading gemma-3-1b-it-Q4_K_M.gguf with -1 GPU layers.
llama_model_loader: loaded meta data with 38 key-value pairs and 340 tensors from E:\Software Engineering Stuff\CS 157A\RAGdoll-AI-Assistant-Architecture-CS157A-Team5-Database-Project\models\models\gemma-3-1b-it-Q4_K_M.gguf (version GGUF V3 (latest))
llama_model_loader: Dumping metadata keys/values. Note: KV overrides do not apply in this output.
llama_model_loader: - kv   0:                       general.architecture str              = gemma3
llama_model_loader: - kv   1:                               general.type str              = model
llama_model_loader: - kv   2:                               general.name str              = Gemma 3 1b It
llama_model_loader: - kv   3:                           general.finetune str              = it
llama_model_loader: - kv   4:                           general.basename str              = gemma-3
llama_model_loader: - kv   5:                         general.size_label str              = 1B
llama_model_loader: - kv   6:                            general.license str              = gemma
llama_model_loader: - kv   7:                   general.base_model.count u32              = 1
llama_model_loader: - kv   8:                  general.base_model.0.name str              = Gemma 3 1b Pt
llama_model_loader: - kv   9:          general.base_model.0.organization str              = Google
llama_model_loader: - kv  10:              general.base_model.0.repo_url str              = https://huggingface.co/google/gemma-3...
llama_model_loader: - kv  11:                               general.tags arr[str,1]       = ["text-generation"]
llama_model_loader: - kv  12:                      gemma3.context_length u32              = 32768
llama_model_loader: - kv  13:                    gemma3.embedding_length u32              = 1152
llama_model_loader: - kv  14:                         gemma3.block_count u32              = 26
llama_model_loader: - kv  15:                 gemma3.feed_forward_length u32              = 6912
llama_model_loader: - kv  16:                gemma3.attention.head_count u32              = 4
llama_model_loader: - kv  17:    gemma3.attention.layer_norm_rms_epsilon f32              = 0.000001
llama_model_loader: - kv  18:                gemma3.attention.key_length u32              = 256
llama_model_loader: - kv  19:              gemma3.attention.value_length u32              = 256
llama_model_loader: - kv  20:                      gemma3.rope.freq_base f32              = 1000000.000000
llama_model_loader: - kv  21:            gemma3.attention.sliding_window u32              = 512
llama_model_loader: - kv  22:             gemma3.attention.head_count_kv u32              = 1
llama_model_loader: - kv  23:                       tokenizer.ggml.model str              = llama
llama_model_loader: - kv  24:                         tokenizer.ggml.pre str              = default
llama_model_loader: - kv  25:                      tokenizer.ggml.tokens arr[str,262144]  = ["<pad>", "<eos>", "<bos>", "<unk>", ...
llama_model_loader: - kv  26:                      tokenizer.ggml.scores arr[f32,262144]  = [-1000.000000, -1000.000000, -1000.00...
llama_model_loader: - kv  27:                  tokenizer.ggml.token_type arr[i32,262144]  = [3, 3, 3, 3, 3, 4, 3, 3, 3, 3, 3, 3, ...
llama_model_loader: - kv  28:                tokenizer.ggml.bos_token_id u32              = 2
llama_model_loader: - kv  29:                tokenizer.ggml.eos_token_id u32              = 1
llama_model_loader: - kv  30:            tokenizer.ggml.unknown_token_id u32              = 3
llama_model_loader: - kv  31:            tokenizer.ggml.padding_token_id u32              = 0
llama_model_loader: - kv  32:               tokenizer.ggml.add_bos_token bool             = true
llama_model_loader: - kv  33:               tokenizer.ggml.add_eos_token bool             = false
llama_model_loader: - kv  34:                    tokenizer.chat_template str              = {{ bos_token }}\n{%- if messages[0]['r...
llama_model_loader: - kv  35:            tokenizer.ggml.add_space_prefix bool             = false
llama_model_loader: - kv  36:               general.quantization_version u32              = 2
llama_model_loader: - kv  37:                          general.file_type u32              = 15
llama_model_loader: - type  f32:  157 tensors
llama_model_loader: - type q5_0:  117 tensors
llama_model_loader: - type q8_0:   14 tensors
llama_model_loader: - type q4_K:   39 tensors
llama_model_loader: - type q6_K:   13 tensors
print_info: file format = GGUF V3 (latest)
print_info: file type   = Q4_K - Medium
print_info: file size   = 762.49 MiB (6.40 BPW) 
llama_prepare_model_devices: using device CUDA0 (NVIDIA GeForce GTX 1080 Ti) (0000:08:00.0) - 9703 MiB free
init_tokenizer: initializing tokenizer for type 1
load: 6242 unused tokens
load: control token:      0 '<pad>' is not marked as EOG
load: control token:      3 '<unk>' is not marked as EOG
load: control token:      2 '<bos>' is not marked as EOG
load: control token:      4 '<mask>' is not marked as EOG
load: control token:    105 '<start_of_turn>' is not marked as EOG
load: control-looking token:    212 '</s>' was not control-type; this is probably a bug in the model. its type will be overridden
load: control token: 255999 '<start_of_image>' is not marked as EOG
load: control token: 256000 '<end_of_image>' is not marked as EOG
load: printing all EOG tokens:
load:   - 1 ('<eos>')
load:   - 106 ('<end_of_turn>')
load:   - 212 ('</s>')
load: special tokens cache size = 6414
load: token to piece cache size = 1.9446 MB
print_info: arch                  = gemma3
print_info: vocab_only            = 0
print_info: no_alloc              = 0
print_info: n_ctx_train           = 32768
print_info: n_embd_inp            = 1152
print_info: n_embd                = 1152
print_info: n_embd_out            = 1152
print_info: n_layer               = 26
print_info: n_layer_all           = 26
print_info: n_head                = 4
print_info: n_head_kv             = 1
print_info: n_rot                 = 256
print_info: n_swa                 = 512
print_info: is_swa_any            = 1
print_info: n_embd_head_k         = 256
print_info: n_embd_head_v         = 256
print_info: n_gqa                 = 4
print_info: n_embd_k_gqa          = 256
print_info: n_embd_v_gqa          = 256
print_info: f_norm_eps            = 0.0e+00
print_info: f_norm_rms_eps        = 1.0e-06
print_info: f_clamp_kqv           = 0.0e+00
print_info: f_max_alibi_bias      = 0.0e+00
print_info: f_logit_scale         = 0.0e+00
print_info: f_attn_scale          = 6.2e-02
print_info: f_attn_value_scale    = 0.0000
print_info: n_ff                  = 6912
print_info: n_expert              = 0
print_info: n_expert_used         = 0
print_info: n_expert_groups       = 0
print_info: n_group_used          = 0
print_info: causal attn           = 1
print_info: pooling type          = -1
print_info: rope type             = 2
print_info: rope scaling          = linear
print_info: freq_base_train       = 1000000.0
print_info: freq_scale_train      = 1
print_info: freq_base_swa         = 10000.0
print_info: freq_scale_swa        = 1
print_info: n_embd_head_k_swa     = 256
print_info: n_embd_head_v_swa     = 256
print_info: n_rot_swa             = 256
print_info: n_ctx_orig_yarn       = 32768
print_info: rope_yarn_log_mul     = 0.0000
print_info: rope_finetuned        = unknown
print_info: model type            = 1B
print_info: model params          = 999.89 M
print_info: general.name          = Gemma 3 1b It
print_info: vocab type            = SPM
print_info: n_vocab               = 262144
print_info: n_merges              = 0
print_info: BOS token             = 2 '<bos>'
print_info: EOS token             = 1 '<eos>'
print_info: EOT token             = 106 '<end_of_turn>'
print_info: UNK token             = 3 '<unk>'
print_info: PAD token             = 0 '<pad>'
print_info: LF token              = 248 '<0x0A>'
print_info: EOG token             = 1 '<eos>'
print_info: EOG token             = 106 '<end_of_turn>'
print_info: EOG token             = 212 '</s>'
print_info: max token length      = 48
load_tensors: loading model tensors, this can take a while... (mmap = true, direct_io = false)
load_tensors: layer   0 assigned to device CUDA0, is_swa = 1
load_tensors: layer   1 assigned to device CUDA0, is_swa = 1
load_tensors: layer   2 assigned to device CUDA0, is_swa = 1
load_tensors: layer   3 assigned to device CUDA0, is_swa = 1
load_tensors: layer   4 assigned to device CUDA0, is_swa = 1
load_tensors: layer   5 assigned to device CUDA0, is_swa = 0
load_tensors: layer   6 assigned to device CUDA0, is_swa = 1
load_tensors: layer   7 assigned to device CUDA0, is_swa = 1
load_tensors: layer   8 assigned to device CUDA0, is_swa = 1
load_tensors: layer   9 assigned to device CUDA0, is_swa = 1
load_tensors: layer  10 assigned to device CUDA0, is_swa = 1
load_tensors: layer  11 assigned to device CUDA0, is_swa = 0
load_tensors: layer  12 assigned to device CUDA0, is_swa = 1
load_tensors: layer  13 assigned to device CUDA0, is_swa = 1
load_tensors: layer  14 assigned to device CUDA0, is_swa = 1
load_tensors: layer  15 assigned to device CUDA0, is_swa = 1
load_tensors: layer  16 assigned to device CUDA0, is_swa = 1
load_tensors: layer  17 assigned to device CUDA0, is_swa = 0
load_tensors: layer  18 assigned to device CUDA0, is_swa = 1
load_tensors: layer  19 assigned to device CUDA0, is_swa = 1
load_tensors: layer  20 assigned to device CUDA0, is_swa = 1
load_tensors: layer  21 assigned to device CUDA0, is_swa = 1
load_tensors: layer  22 assigned to device CUDA0, is_swa = 1
load_tensors: layer  23 assigned to device CUDA0, is_swa = 0
load_tensors: layer  24 assigned to device CUDA0, is_swa = 1
load_tensors: layer  25 assigned to device CUDA0, is_swa = 1
load_tensors: layer  26 assigned to device CUDA0, is_swa = 0
create_tensor: loading tensor token_embd.weight
create_tensor: loading tensor output_norm.weight
create_tensor: loading tensor token_embd.weight
create_tensor: loading tensor blk.0.attn_norm.weight
create_tensor: loading tensor blk.0.attn_q.weight
create_tensor: loading tensor blk.0.attn_k.weight
create_tensor: loading tensor blk.0.attn_v.weight
create_tensor: loading tensor blk.0.attn_output.weight
create_tensor: loading tensor blk.0.post_attention_norm.weight
create_tensor: loading tensor blk.0.attn_k_norm.weight
create_tensor: loading tensor blk.0.attn_q_norm.weight
create_tensor: loading tensor blk.0.ffn_norm.weight
create_tensor: loading tensor blk.0.ffn_gate.weight
create_tensor: loading tensor blk.0.ffn_up.weight
create_tensor: loading tensor blk.0.ffn_down.weight
create_tensor: loading tensor blk.0.post_ffw_norm.weight
create_tensor: loading tensor blk.1.attn_norm.weight
create_tensor: loading tensor blk.1.attn_q.weight
create_tensor: loading tensor blk.1.attn_k.weight
create_tensor: loading tensor blk.1.attn_v.weight
create_tensor: loading tensor blk.1.attn_output.weight
create_tensor: loading tensor blk.1.post_attention_norm.weight
create_tensor: loading tensor blk.1.attn_k_norm.weight
create_tensor: loading tensor blk.1.attn_q_norm.weight
create_tensor: loading tensor blk.1.ffn_norm.weight
create_tensor: loading tensor blk.1.ffn_gate.weight
create_tensor: loading tensor blk.1.ffn_up.weight
create_tensor: loading tensor blk.1.ffn_down.weight
create_tensor: loading tensor blk.1.post_ffw_norm.weight
create_tensor: loading tensor blk.2.attn_norm.weight
create_tensor: loading tensor blk.2.attn_q.weight
create_tensor: loading tensor blk.2.attn_k.weight
create_tensor: loading tensor blk.2.attn_v.weight
create_tensor: loading tensor blk.2.attn_output.weight
create_tensor: loading tensor blk.2.post_attention_norm.weight
create_tensor: loading tensor blk.2.attn_k_norm.weight
create_tensor: loading tensor blk.2.attn_q_norm.weight
create_tensor: loading tensor blk.2.ffn_norm.weight
create_tensor: loading tensor blk.2.ffn_gate.weight
create_tensor: loading tensor blk.2.ffn_up.weight
create_tensor: loading tensor blk.2.ffn_down.weight
create_tensor: loading tensor blk.2.post_ffw_norm.weight
create_tensor: loading tensor blk.3.attn_norm.weight
create_tensor: loading tensor blk.3.attn_q.weight
create_tensor: loading tensor blk.3.attn_k.weight
create_tensor: loading tensor blk.3.attn_v.weight
create_tensor: loading tensor blk.3.attn_output.weight
create_tensor: loading tensor blk.3.post_attention_norm.weight
create_tensor: loading tensor blk.3.attn_k_norm.weight
create_tensor: loading tensor blk.3.attn_q_norm.weight
create_tensor: loading tensor blk.3.ffn_norm.weight
create_tensor: loading tensor blk.3.ffn_gate.weight
create_tensor: loading tensor blk.3.ffn_up.weight
create_tensor: loading tensor blk.3.ffn_down.weight
create_tensor: loading tensor blk.3.post_ffw_norm.weight
create_tensor: loading tensor blk.4.attn_norm.weight
create_tensor: loading tensor blk.4.attn_q.weight
create_tensor: loading tensor blk.4.attn_k.weight
create_tensor: loading tensor blk.4.attn_v.weight
create_tensor: loading tensor blk.4.attn_output.weight
create_tensor: loading tensor blk.4.post_attention_norm.weight
create_tensor: loading tensor blk.4.attn_k_norm.weight
create_tensor: loading tensor blk.4.attn_q_norm.weight
create_tensor: loading tensor blk.4.ffn_norm.weight
create_tensor: loading tensor blk.4.ffn_gate.weight
create_tensor: loading tensor blk.4.ffn_up.weight
create_tensor: loading tensor blk.4.ffn_down.weight
create_tensor: loading tensor blk.4.post_ffw_norm.weight
create_tensor: loading tensor blk.5.attn_norm.weight
create_tensor: loading tensor blk.5.attn_q.weight
create_tensor: loading tensor blk.5.attn_k.weight
create_tensor: loading tensor blk.5.attn_v.weight
create_tensor: loading tensor blk.5.attn_output.weight
create_tensor: loading tensor blk.5.post_attention_norm.weight
create_tensor: loading tensor blk.5.attn_k_norm.weight
create_tensor: loading tensor blk.5.attn_q_norm.weight
create_tensor: loading tensor blk.5.ffn_norm.weight
create_tensor: loading tensor blk.5.ffn_gate.weight
create_tensor: loading tensor blk.5.ffn_up.weight
create_tensor: loading tensor blk.5.ffn_down.weight
create_tensor: loading tensor blk.5.post_ffw_norm.weight
create_tensor: loading tensor blk.6.attn_norm.weight
create_tensor: loading tensor blk.6.attn_q.weight
create_tensor: loading tensor blk.6.attn_k.weight
create_tensor: loading tensor blk.6.attn_v.weight
create_tensor: loading tensor blk.6.attn_output.weight
create_tensor: loading tensor blk.6.post_attention_norm.weight
create_tensor: loading tensor blk.6.attn_k_norm.weight
create_tensor: loading tensor blk.6.attn_q_norm.weight
create_tensor: loading tensor blk.6.ffn_norm.weight
create_tensor: loading tensor blk.6.ffn_gate.weight
create_tensor: loading tensor blk.6.ffn_up.weight
create_tensor: loading tensor blk.6.ffn_down.weight
create_tensor: loading tensor blk.6.post_ffw_norm.weight
create_tensor: loading tensor blk.7.attn_norm.weight
create_tensor: loading tensor blk.7.attn_q.weight
create_tensor: loading tensor blk.7.attn_k.weight
create_tensor: loading tensor blk.7.attn_v.weight
create_tensor: loading tensor blk.7.attn_output.weight
create_tensor: loading tensor blk.7.post_attention_norm.weight
create_tensor: loading tensor blk.7.attn_k_norm.weight
create_tensor: loading tensor blk.7.attn_q_norm.weight
create_tensor: loading tensor blk.7.ffn_norm.weight
create_tensor: loading tensor blk.7.ffn_gate.weight
create_tensor: loading tensor blk.7.ffn_up.weight
create_tensor: loading tensor blk.7.ffn_down.weight
create_tensor: loading tensor blk.7.post_ffw_norm.weight
create_tensor: loading tensor blk.8.attn_norm.weight
create_tensor: loading tensor blk.8.attn_q.weight
create_tensor: loading tensor blk.8.attn_k.weight
create_tensor: loading tensor blk.8.attn_v.weight
create_tensor: loading tensor blk.8.attn_output.weight
create_tensor: loading tensor blk.8.post_attention_norm.weight
create_tensor: loading tensor blk.8.attn_k_norm.weight
create_tensor: loading tensor blk.8.attn_q_norm.weight
create_tensor: loading tensor blk.8.ffn_norm.weight
create_tensor: loading tensor blk.8.ffn_gate.weight
create_tensor: loading tensor blk.8.ffn_up.weight
create_tensor: loading tensor blk.8.ffn_down.weight
create_tensor: loading tensor blk.8.post_ffw_norm.weight
create_tensor: loading tensor blk.9.attn_norm.weight
create_tensor: loading tensor blk.9.attn_q.weight
create_tensor: loading tensor blk.9.attn_k.weight
create_tensor: loading tensor blk.9.attn_v.weight
create_tensor: loading tensor blk.9.attn_output.weight
create_tensor: loading tensor blk.9.post_attention_norm.weight
create_tensor: loading tensor blk.9.attn_k_norm.weight
create_tensor: loading tensor blk.9.attn_q_norm.weight
create_tensor: loading tensor blk.9.ffn_norm.weight
create_tensor: loading tensor blk.9.ffn_gate.weight
create_tensor: loading tensor blk.9.ffn_up.weight
create_tensor: loading tensor blk.9.ffn_down.weight
create_tensor: loading tensor blk.9.post_ffw_norm.weight
create_tensor: loading tensor blk.10.attn_norm.weight
create_tensor: loading tensor blk.10.attn_q.weight
create_tensor: loading tensor blk.10.attn_k.weight
create_tensor: loading tensor blk.10.attn_v.weight
create_tensor: loading tensor blk.10.attn_output.weight
create_tensor: loading tensor blk.10.post_attention_norm.weight
create_tensor: loading tensor blk.10.attn_k_norm.weight
create_tensor: loading tensor blk.10.attn_q_norm.weight
create_tensor: loading tensor blk.10.ffn_norm.weight
create_tensor: loading tensor blk.10.ffn_gate.weight
create_tensor: loading tensor blk.10.ffn_up.weight
create_tensor: loading tensor blk.10.ffn_down.weight
create_tensor: loading tensor blk.10.post_ffw_norm.weight
create_tensor: loading tensor blk.11.attn_norm.weight
create_tensor: loading tensor blk.11.attn_q.weight
create_tensor: loading tensor blk.11.attn_k.weight
create_tensor: loading tensor blk.11.attn_v.weight
create_tensor: loading tensor blk.11.attn_output.weight
create_tensor: loading tensor blk.11.post_attention_norm.weight
create_tensor: loading tensor blk.11.attn_k_norm.weight
create_tensor: loading tensor blk.11.attn_q_norm.weight
create_tensor: loading tensor blk.11.ffn_norm.weight
create_tensor: loading tensor blk.11.ffn_gate.weight
create_tensor: loading tensor blk.11.ffn_up.weight
create_tensor: loading tensor blk.11.ffn_down.weight
create_tensor: loading tensor blk.11.post_ffw_norm.weight
create_tensor: loading tensor blk.12.attn_norm.weight
create_tensor: loading tensor blk.12.attn_q.weight
create_tensor: loading tensor blk.12.attn_k.weight
create_tensor: loading tensor blk.12.attn_v.weight
create_tensor: loading tensor blk.12.attn_output.weight
create_tensor: loading tensor blk.12.post_attention_norm.weight
create_tensor: loading tensor blk.12.attn_k_norm.weight
create_tensor: loading tensor blk.12.attn_q_norm.weight
create_tensor: loading tensor blk.12.ffn_norm.weight
create_tensor: loading tensor blk.12.ffn_gate.weight
create_tensor: loading tensor blk.12.ffn_up.weight
create_tensor: loading tensor blk.12.ffn_down.weight
create_tensor: loading tensor blk.12.post_ffw_norm.weight
create_tensor: loading tensor blk.13.attn_norm.weight
create_tensor: loading tensor blk.13.attn_q.weight
create_tensor: loading tensor blk.13.attn_k.weight
create_tensor: loading tensor blk.13.attn_v.weight
create_tensor: loading tensor blk.13.attn_output.weight
create_tensor: loading tensor blk.13.post_attention_norm.weight
create_tensor: loading tensor blk.13.attn_k_norm.weight
create_tensor: loading tensor blk.13.attn_q_norm.weight
create_tensor: loading tensor blk.13.ffn_norm.weight
create_tensor: loading tensor blk.13.ffn_gate.weight
create_tensor: loading tensor blk.13.ffn_up.weight
create_tensor: loading tensor blk.13.ffn_down.weight
create_tensor: loading tensor blk.13.post_ffw_norm.weight
create_tensor: loading tensor blk.14.attn_norm.weight
create_tensor: loading tensor blk.14.attn_q.weight
create_tensor: loading tensor blk.14.attn_k.weight
create_tensor: loading tensor blk.14.attn_v.weight
create_tensor: loading tensor blk.14.attn_output.weight
create_tensor: loading tensor blk.14.post_attention_norm.weight
create_tensor: loading tensor blk.14.attn_k_norm.weight
create_tensor: loading tensor blk.14.attn_q_norm.weight
create_tensor: loading tensor blk.14.ffn_norm.weight
create_tensor: loading tensor blk.14.ffn_gate.weight
create_tensor: loading tensor blk.14.ffn_up.weight
create_tensor: loading tensor blk.14.ffn_down.weight
create_tensor: loading tensor blk.14.post_ffw_norm.weight
create_tensor: loading tensor blk.15.attn_norm.weight
create_tensor: loading tensor blk.15.attn_q.weight
create_tensor: loading tensor blk.15.attn_k.weight
create_tensor: loading tensor blk.15.attn_v.weight
create_tensor: loading tensor blk.15.attn_output.weight
create_tensor: loading tensor blk.15.post_attention_norm.weight
create_tensor: loading tensor blk.15.attn_k_norm.weight
create_tensor: loading tensor blk.15.attn_q_norm.weight
create_tensor: loading tensor blk.15.ffn_norm.weight
create_tensor: loading tensor blk.15.ffn_gate.weight
create_tensor: loading tensor blk.15.ffn_up.weight
create_tensor: loading tensor blk.15.ffn_down.weight
create_tensor: loading tensor blk.15.post_ffw_norm.weight
create_tensor: loading tensor blk.16.attn_norm.weight
create_tensor: loading tensor blk.16.attn_q.weight
create_tensor: loading tensor blk.16.attn_k.weight
create_tensor: loading tensor blk.16.attn_v.weight
create_tensor: loading tensor blk.16.attn_output.weight
create_tensor: loading tensor blk.16.post_attention_norm.weight
create_tensor: loading tensor blk.16.attn_k_norm.weight
create_tensor: loading tensor blk.16.attn_q_norm.weight
create_tensor: loading tensor blk.16.ffn_norm.weight
create_tensor: loading tensor blk.16.ffn_gate.weight
create_tensor: loading tensor blk.16.ffn_up.weight
create_tensor: loading tensor blk.16.ffn_down.weight
create_tensor: loading tensor blk.16.post_ffw_norm.weight
create_tensor: loading tensor blk.17.attn_norm.weight
create_tensor: loading tensor blk.17.attn_q.weight
create_tensor: loading tensor blk.17.attn_k.weight
create_tensor: loading tensor blk.17.attn_v.weight
create_tensor: loading tensor blk.17.attn_output.weight
create_tensor: loading tensor blk.17.post_attention_norm.weight
create_tensor: loading tensor blk.17.attn_k_norm.weight
create_tensor: loading tensor blk.17.attn_q_norm.weight
create_tensor: loading tensor blk.17.ffn_norm.weight
create_tensor: loading tensor blk.17.ffn_gate.weight
create_tensor: loading tensor blk.17.ffn_up.weight
create_tensor: loading tensor blk.17.ffn_down.weight
create_tensor: loading tensor blk.17.post_ffw_norm.weight
create_tensor: loading tensor blk.18.attn_norm.weight
create_tensor: loading tensor blk.18.attn_q.weight
create_tensor: loading tensor blk.18.attn_k.weight
create_tensor: loading tensor blk.18.attn_v.weight
create_tensor: loading tensor blk.18.attn_output.weight
create_tensor: loading tensor blk.18.post_attention_norm.weight
create_tensor: loading tensor blk.18.attn_k_norm.weight
create_tensor: loading tensor blk.18.attn_q_norm.weight
create_tensor: loading tensor blk.18.ffn_norm.weight
create_tensor: loading tensor blk.18.ffn_gate.weight
create_tensor: loading tensor blk.18.ffn_up.weight
create_tensor: loading tensor blk.18.ffn_down.weight
create_tensor: loading tensor blk.18.post_ffw_norm.weight
create_tensor: loading tensor blk.19.attn_norm.weight
create_tensor: loading tensor blk.19.attn_q.weight
create_tensor: loading tensor blk.19.attn_k.weight
create_tensor: loading tensor blk.19.attn_v.weight
create_tensor: loading tensor blk.19.attn_output.weight
create_tensor: loading tensor blk.19.post_attention_norm.weight
create_tensor: loading tensor blk.19.attn_k_norm.weight
create_tensor: loading tensor blk.19.attn_q_norm.weight
create_tensor: loading tensor blk.19.ffn_norm.weight
create_tensor: loading tensor blk.19.ffn_gate.weight
create_tensor: loading tensor blk.19.ffn_up.weight
create_tensor: loading tensor blk.19.ffn_down.weight
create_tensor: loading tensor blk.19.post_ffw_norm.weight
create_tensor: loading tensor blk.20.attn_norm.weight
create_tensor: loading tensor blk.20.attn_q.weight
create_tensor: loading tensor blk.20.attn_k.weight
create_tensor: loading tensor blk.20.attn_v.weight
create_tensor: loading tensor blk.20.attn_output.weight
create_tensor: loading tensor blk.20.post_attention_norm.weight
create_tensor: loading tensor blk.20.attn_k_norm.weight
create_tensor: loading tensor blk.20.attn_q_norm.weight
create_tensor: loading tensor blk.20.ffn_norm.weight
create_tensor: loading tensor blk.20.ffn_gate.weight
create_tensor: loading tensor blk.20.ffn_up.weight
create_tensor: loading tensor blk.20.ffn_down.weight
create_tensor: loading tensor blk.20.post_ffw_norm.weight
create_tensor: loading tensor blk.21.attn_norm.weight
create_tensor: loading tensor blk.21.attn_q.weight
create_tensor: loading tensor blk.21.attn_k.weight
create_tensor: loading tensor blk.21.attn_v.weight
create_tensor: loading tensor blk.21.attn_output.weight
create_tensor: loading tensor blk.21.post_attention_norm.weight
create_tensor: loading tensor blk.21.attn_k_norm.weight
create_tensor: loading tensor blk.21.attn_q_norm.weight
create_tensor: loading tensor blk.21.ffn_norm.weight
create_tensor: loading tensor blk.21.ffn_gate.weight
create_tensor: loading tensor blk.21.ffn_up.weight
create_tensor: loading tensor blk.21.ffn_down.weight
create_tensor: loading tensor blk.21.post_ffw_norm.weight
create_tensor: loading tensor blk.22.attn_norm.weight
create_tensor: loading tensor blk.22.attn_q.weight
create_tensor: loading tensor blk.22.attn_k.weight
create_tensor: loading tensor blk.22.attn_v.weight
create_tensor: loading tensor blk.22.attn_output.weight
create_tensor: loading tensor blk.22.post_attention_norm.weight
create_tensor: loading tensor blk.22.attn_k_norm.weight
create_tensor: loading tensor blk.22.attn_q_norm.weight
create_tensor: loading tensor blk.22.ffn_norm.weight
create_tensor: loading tensor blk.22.ffn_gate.weight
create_tensor: loading tensor blk.22.ffn_up.weight
create_tensor: loading tensor blk.22.ffn_down.weight
create_tensor: loading tensor blk.22.post_ffw_norm.weight
create_tensor: loading tensor blk.23.attn_norm.weight
create_tensor: loading tensor blk.23.attn_q.weight
create_tensor: loading tensor blk.23.attn_k.weight
create_tensor: loading tensor blk.23.attn_v.weight
create_tensor: loading tensor blk.23.attn_output.weight
create_tensor: loading tensor blk.23.post_attention_norm.weight
create_tensor: loading tensor blk.23.attn_k_norm.weight
create_tensor: loading tensor blk.23.attn_q_norm.weight
create_tensor: loading tensor blk.23.ffn_norm.weight
create_tensor: loading tensor blk.23.ffn_gate.weight
create_tensor: loading tensor blk.23.ffn_up.weight
create_tensor: loading tensor blk.23.ffn_down.weight
create_tensor: loading tensor blk.23.post_ffw_norm.weight
create_tensor: loading tensor blk.24.attn_norm.weight
create_tensor: loading tensor blk.24.attn_q.weight
create_tensor: loading tensor blk.24.attn_k.weight
create_tensor: loading tensor blk.24.attn_v.weight
create_tensor: loading tensor blk.24.attn_output.weight
create_tensor: loading tensor blk.24.post_attention_norm.weight
create_tensor: loading tensor blk.24.attn_k_norm.weight
create_tensor: loading tensor blk.24.attn_q_norm.weight
create_tensor: loading tensor blk.24.ffn_norm.weight
create_tensor: loading tensor blk.24.ffn_gate.weight
create_tensor: loading tensor blk.24.ffn_up.weight
create_tensor: loading tensor blk.24.ffn_down.weight
create_tensor: loading tensor blk.24.post_ffw_norm.weight
create_tensor: loading tensor blk.25.attn_norm.weight
create_tensor: loading tensor blk.25.attn_q.weight
create_tensor: loading tensor blk.25.attn_k.weight
create_tensor: loading tensor blk.25.attn_v.weight
create_tensor: loading tensor blk.25.attn_output.weight
create_tensor: loading tensor blk.25.post_attention_norm.weight
create_tensor: loading tensor blk.25.attn_k_norm.weight
create_tensor: loading tensor blk.25.attn_q_norm.weight
create_tensor: loading tensor blk.25.ffn_norm.weight
create_tensor: loading tensor blk.25.ffn_gate.weight
create_tensor: loading tensor blk.25.ffn_up.weight
create_tensor: loading tensor blk.25.ffn_down.weight
create_tensor: loading tensor blk.25.post_ffw_norm.weight
done_getting_tensors: tensor 'token_embd.weight' (q8_0) (and 0 others) cannot be used with preferred buffer type CUDA_Host, using CPU instead
load_tensors: offloading output layer to GPU
load_tensors: offloading 25 repeating layers to GPU
load_tensors: offloaded 27/27 layers to GPU
load_tensors:   CPU_Mapped model buffer size =   306.00 MiB
load_tensors:        CUDA0 model buffer size =   762.54 MiB
.............................................
llama_context: constructing llama_context
llama_context: n_seq_max     = 1
llama_context: n_ctx         = 2048
llama_context: n_ctx_seq     = 2048
llama_context: n_batch       = 256
llama_context: n_ubatch      = 128
llama_context: causal_attn   = 1
llama_context: flash_attn    = disabled
llama_context: kv_unified    = false
llama_context: freq_base     = 1000000.0
llama_context: freq_scale    = 1
llama_context: n_rs_seq      = 0
llama_context: n_outputs_max = 256
llama_context: n_ctx_seq (2048) < n_ctx_train (32768) -- the full capacity of the model will not be utilized
set_abort_callback: call
llama_context:  CUDA_Host  output buffer size =     1.00 MiB
llama_kv_cache_iswa: using full-size SWA cache (ref: https://github.com/ggml-org/llama.cpp/pull/13194#issuecomment-2868343055)
llama_kv_cache_iswa: creating non-SWA KV cache, size = 2048 cells
llama_kv_cache: layer   0: filtered
llama_kv_cache: layer   1: filtered
llama_kv_cache: layer   2: filtered
llama_kv_cache: layer   3: filtered
llama_kv_cache: layer   4: filtered
llama_kv_cache: layer   5: dev = CUDA0
llama_kv_cache: layer   6: filtered
llama_kv_cache: layer   7: filtered
llama_kv_cache: layer   8: filtered
llama_kv_cache: layer   9: filtered
llama_kv_cache: layer  10: filtered
llama_kv_cache: layer  11: dev = CUDA0
llama_kv_cache: layer  12: filtered
llama_kv_cache: layer  13: filtered
llama_kv_cache: layer  14: filtered
llama_kv_cache: layer  15: filtered
llama_kv_cache: layer  16: filtered
llama_kv_cache: layer  17: dev = CUDA0
llama_kv_cache: layer  18: filtered
llama_kv_cache: layer  19: filtered
llama_kv_cache: layer  20: filtered
llama_kv_cache: layer  21: filtered
llama_kv_cache: layer  22: filtered
llama_kv_cache: layer  23: dev = CUDA0
llama_kv_cache: layer  24: filtered
llama_kv_cache: layer  25: filtered
llama_kv_cache:      CUDA0 KV buffer size =     8.00 MiB
llama_kv_cache: size =    8.00 MiB (  2048 cells,   4 layers,  1/1 seqs), K (f16):    4.00 MiB, V (f16):    4.00 MiB
llama_kv_cache: attn_rot_k = 0, n_embd_head_k_all = 256
llama_kv_cache: attn_rot_v = 0, n_embd_head_k_all = 256
llama_kv_cache_iswa: creating     SWA KV cache, size = 2048 cells
llama_kv_cache: layer   0: dev = CUDA0
llama_kv_cache: layer   1: dev = CUDA0
llama_kv_cache: layer   2: dev = CUDA0
llama_kv_cache: layer   3: dev = CUDA0
llama_kv_cache: layer   4: dev = CUDA0
llama_kv_cache: layer   5: filtered
llama_kv_cache: layer   6: dev = CUDA0
llama_kv_cache: layer   7: dev = CUDA0
llama_kv_cache: layer   8: dev = CUDA0
llama_kv_cache: layer   9: dev = CUDA0
llama_kv_cache: layer  10: dev = CUDA0
llama_kv_cache: layer  11: filtered
llama_kv_cache: layer  12: dev = CUDA0
llama_kv_cache: layer  13: dev = CUDA0
llama_kv_cache: layer  14: dev = CUDA0
llama_kv_cache: layer  15: dev = CUDA0
llama_kv_cache: layer  16: dev = CUDA0
llama_kv_cache: layer  17: filtered
llama_kv_cache: layer  18: dev = CUDA0
llama_kv_cache: layer  19: dev = CUDA0
llama_kv_cache: layer  20: dev = CUDA0
llama_kv_cache: layer  21: dev = CUDA0
llama_kv_cache: layer  22: dev = CUDA0
llama_kv_cache: layer  23: filtered
llama_kv_cache: layer  24: dev = CUDA0
llama_kv_cache: layer  25: dev = CUDA0
llama_kv_cache:      CUDA0 KV buffer size =    44.00 MiB
llama_kv_cache: size =   44.00 MiB (  2048 cells,  22 layers,  1/1 seqs), K (f16):   22.00 MiB, V (f16):   22.00 MiB
llama_kv_cache: attn_rot_k = 0, n_embd_head_k_all = 256
llama_kv_cache: attn_rot_v = 0, n_embd_head_k_all = 256
llama_context: enumerating backends
llama_context: backend_ptrs.size() = 2
sched_reserve: reserving ...
sched_reserve: max_nodes = 2728
sched_reserve: reserving full memory module
sched_reserve: worst-case: n_tokens = 128, n_seqs = 1, n_outputs = 1
resolve_fused_ops: resolving fused Gated Delta Net support:
graph_reserve: reserving a graph for ubatch with n_tokens =    1, n_seqs =  1, n_outputs =    1
ggml_cuda_graph_set_enabled: disabling CUDA graphs due to GPU architecture
resolve_fused_ops: fused Gated Delta Net (autoregressive) enabled
graph_reserve: reserving a graph for ubatch with n_tokens =   16, n_seqs =  1, n_outputs =   16
resolve_fused_ops: fused Gated Delta Net (chunked) enabled
resolve_fused_ops: resolving fused Lightning Indexer support:
graph_reserve: reserving a graph for ubatch with n_tokens =    1, n_seqs =  1, n_outputs =    1
resolve_fused_ops: Lightning Indexer enabled
graph_reserve: reserving a graph for ubatch with n_tokens =  128, n_seqs =  1, n_outputs =  128
graph_reserve: reserving a graph for ubatch with n_tokens =    1, n_seqs =  1, n_outputs =    1
graph_reserve: reserving a graph for ubatch with n_tokens =  128, n_seqs =  1, n_outputs =  128
sched_reserve:      CUDA0 compute buffer size =   128.56 MiB
sched_reserve:  CUDA_Host compute buffer size =     3.63 MiB
sched_reserve: graph nodes  = 1177
sched_reserve: graph splits = 2
sched_reserve: reserve took 5.63 ms, sched copies = 1
CUDA : ARCHS = 600,610,700,750,800,860,890,900 | FORCE_MMQ = 1 | USE_GRAPHS = 1 | CPU : SSE3 = 1 | SSSE3 = 1 | AVX = 1 | AVX2 = 1 | F16C = 1 | FMA = 1 | LLAMAFILE = 1 | OPENMP = 1 | REPACK = 1 | 
Model metadata: {'general.name': 'Gemma 3 1b It', 'general.architecture': 'gemma3', 'gemma3.attention.key_length': '256', 'general.type': 'model', 'general.basename': 'gemma-3', 'general.finetune': 'it', 'general.size_label': '1B', 'general.license': 'gemma', 'general.base_model.count': '1', 'general.base_model.0.name': 'Gemma 3 1b Pt', 'general.base_model.0.organization': 'Google', 'general.base_model.0.repo_url': 'https://huggingface.co/google/gemma-3-1b-pt', 'gemma3.context_length': '32768', 'gemma3.attention.value_length': '256', 'gemma3.embedding_length': '1152', 'gemma3.block_count': '26', 'gemma3.feed_forward_length': '6912', 'gemma3.attention.head_count': '4', 'tokenizer.ggml.add_bos_token': 'true', 'gemma3.rope.freq_base': '1000000.000000', 'gemma3.attention.layer_norm_rms_epsilon': '0.000001', 'gemma3.attention.sliding_window': '512', 'gemma3.attention.head_count_kv': '1', 'tokenizer.ggml.model': 'llama', 'tokenizer.ggml.add_space_prefix': 'false', 'tokenizer.ggml.pre': 'default', 'general.quantization_version': '2', 'tokenizer.ggml.bos_token_id': '2', 'general.file_type': '15', 'tokenizer.ggml.eos_token_id': '1', 'tokenizer.ggml.unknown_token_id': '3', 'tokenizer.ggml.padding_token_id': '0', 'tokenizer.ggml.add_eos_token': 'false', 'tokenizer.chat_template': '{{ bos_token }}\n{%- if messages[0][\'role\'] == \'system\' -%}\n    {%- if messages[0][\'content\'] is string -%}\n        {%- set first_user_prefix = messages[0][\'content\'] + \'\n\n\' -%}\n    {%- else -%}\n        {%- set first_user_prefix = messages[0][\'content\'][0][\'text\'] + \'\n\n\' -%}\n    {%- endif -%}\n    {%- set loop_messages = messages[1:] -%}\n{%- else -%}\n    {%- set first_user_prefix = "" -%}\n    {%- set loop_messages = messages -%}\n{%- endif -%}\n{%- for message in loop_messages -%}\n    {%- if (message[\'role\'] == \'user\') != (loop.index0 % 2 == 0) -%}\n        {{ raise_exception("Conversation roles must alternate user/assistant/user/assistant/...") }}\n    {%- endif -%}\n    {%- if (message[\'role\'] == \'assistant\') -%}\n        {%- set role = "model" -%}\n    {%- else -%}\n        {%- set role = message[\'role\'] -%}\n    {%- endif -%}\n    {{ \'<start_of_turn>\' + role + \'\n\' + (first_user_prefix if loop.first else "") }}\n    {%- if message[\'content\'] is string -%}\n        {{ message[\'content\'] | trim }}\n    {%- elif message[\'content\'] is iterable -%}\n        {%- for item in message[\'content\'] -%}\n            {%- if item[\'type\'] == \'image\' -%}\n                {{ \'<start_of_image>\' }}\n            {%- elif item[\'type\'] == \'text\' -%}\n                {{ item[\'text\'] | trim }}\n            {%- endif -%}\n        {%- endfor -%}\n    {%- else -%}\n        {{ raise_exception("Invalid content type") }}\n    {%- endif -%}\n    {{ \'<end_of_turn>\n\' }}\n{%- endfor -%}\n{%- if add_generation_prompt -%}\n    {{\'<start_of_turn>model\n\'}}\n{%- endif -%}\n'}
Available chat formats from metadata: chat_template.default
Using gguf chat template: {{ bos_token }}
{%- if messages[0]['role'] == 'system' -%}
    {%- if messages[0]['content'] is string -%}
        {%- set first_user_prefix = messages[0]['content'] + '

' -%}
    {%- else -%}
        {%- set first_user_prefix = messages[0]['content'][0]['text'] + '

' -%}
    {%- endif -%}
    {%- set loop_messages = messages[1:] -%}
{%- else -%}
    {%- set first_user_prefix = "" -%}
    {%- set loop_messages = messages -%}
{%- endif -%}
{%- for message in loop_messages -%}
    {%- if (message['role'] == 'user') != (loop.index0 % 2 == 0) -%}
        {{ raise_exception("Conversation roles must alternate user/assistant/user/assistant/...") }}
    {%- endif -%}
    {%- if (message['role'] == 'assistant') -%}
        {%- set role = "model" -%}
    {%- else -%}
        {%- set role = message['role'] -%}
    {%- endif -%}
    {{ '<start_of_turn>' + role + '
' + (first_user_prefix if loop.first else "") }}
    {%- if message['content'] is string -%}
        {{ message['content'] | trim }}
    {%- elif message['content'] is iterable -%}
        {%- for item in message['content'] -%}
            {%- if item['type'] == 'image' -%}
                {{ '<start_of_image>' }}
            {%- elif item['type'] == 'text' -%}
                {{ item['text'] | trim }}
            {%- endif -%}
        {%- endfor -%}
    {%- else -%}
        {{ raise_exception("Invalid content type") }}
    {%- endif -%}
    {{ '<end_of_turn>
' }}
{%- endfor -%}
{%- if add_generation_prompt -%}
    {{'<start_of_turn>model
'}}
{%- endif -%}

Using chat eos_token: <eos>
Using chat bos_token: <bos>
Traceback (most recent call last):
  File "E:\Software Engineering Stuff\CS 157A\RAGdoll-AI-Assistant-Architecture-CS157A-Team5-Database-Project\src\rag_pipeline\model_worker.py", line 140, in generate
    result = model.create_chat_completion(
             ^^^^^^^^^^^^^^^^^^^^^^^^^^^^^
  File "C:\Users\ethan\AppData\Local\Programs\Python\Python312\Lib\site-packages\llama_cpp\llama.py", line 2068, in create_chat_completion
    return handler(
           ^^^^^^^^
  File "C:\Users\ethan\AppData\Local\Programs\Python\Python312\Lib\site-packages\llama_cpp\llama_chat_format.py", line 725, in chat_completion_handler
    completion_or_chunks = llama.create_completion(
                           ^^^^^^^^^^^^^^^^^^^^^^^^
  File "C:\Users\ethan\AppData\Local\Programs\Python\Python312\Lib\site-packages\llama_cpp\llama.py", line 1902, in create_completion
    completion: Completion = next(completion_or_chunks)  # type: ignore
                             ^^^^^^^^^^^^^^^^^^^^^^^^^^
  File "C:\Users\ethan\AppData\Local\Programs\Python\Python312\Lib\site-packages\llama_cpp\llama.py", line 1338, in _create_completion
    raise ValueError(
ValueError: Requested tokens (2096) exceed context window of 2048

During handling of the above exception, another exception occurred:

Traceback (most recent call last):
  File "E:\Software Engineering Stuff\CS 157A\RAGdoll-AI-Assistant-Architecture-CS157A-Team5-Database-Project\src\rag_pipeline\model_worker.py", line 210, in main
    "result": clean_value(handle(request)),
                          ^^^^^^^^^^^^^^^
  File "E:\Software Engineering Stuff\CS 157A\RAGdoll-AI-Assistant-Architecture-CS157A-Team5-Database-Project\src\rag_pipeline\model_worker.py", line 184, in handle
    "text": LLAMA.generate(
            ^^^^^^^^^^^^^^^
  File "E:\Software Engineering Stuff\CS 157A\RAGdoll-AI-Assistant-Architecture-CS157A-Team5-Database-Project\src\rag_pipeline\model_worker.py", line 151, in generate
    result = model(
             ^^^^^^
  File "C:\Users\ethan\AppData\Local\Programs\Python\Python312\Lib\site-packages\llama_cpp\llama.py", line 1969, in __call__
    return self.create_completion(
           ^^^^^^^^^^^^^^^^^^^^^^^
  File "C:\Users\ethan\AppData\Local\Programs\Python\Python312\Lib\site-packages\llama_cpp\llama.py", line 1902, in create_completion
    completion: Completion = next(completion_or_chunks)  # type: ignore
                             ^^^^^^^^^^^^^^^^^^^^^^^^^^
  File "C:\Users\ethan\AppData\Local\Programs\Python\Python312\Lib\site-packages\llama_cpp\llama.py", line 1338, in _create_completion
    raise ValueError(
ValueError: Requested tokens (2067) exceed context window of 2048
ggml_cuda_init: found 1 CUDA devices (Total VRAM: 11263 MiB):
  Device 0: NVIDIA GeForce GTX 1080 Ti, compute capability 6.1, VMM: yes, VRAM: 11263 MiB
Loading gemma-4-12B-it-Q4_K_M.gguf with -1 GPU layers.
llama_model_loader: loaded meta data with 56 key-value pairs and 667 tensors from E:\Software Engineering Stuff\CS 157A\RAGdoll-AI-Assistant-Architecture-CS157A-Team5-Database-Project\models\models\gemma-4-12B-it-Q4_K_M.gguf (version GGUF V3 (latest))
llama_model_loader: Dumping metadata keys/values. Note: KV overrides do not apply in this output.
llama_model_loader: - kv   0:                       general.architecture str              = gemma4
llama_model_loader: - kv   1:                               general.type str              = model
llama_model_loader: - kv   2:                     general.sampling.top_k i32              = 64
llama_model_loader: - kv   3:                     general.sampling.top_p f32              = 0.950000
llama_model_loader: - kv   4:                      general.sampling.temp f32              = 1.000000
llama_model_loader: - kv   5:                               general.name str              = Gemma 4 12B It
llama_model_loader: - kv   6:                           general.finetune str              = it
llama_model_loader: - kv   7:                           general.basename str              = gemma-4
llama_model_loader: - kv   8:                         general.size_label str              = 12B
llama_model_loader: - kv   9:                            general.license str              = apache-2.0
llama_model_loader: - kv  10:                       general.license.link str              = https://ai.google.dev/gemma/docs/gemm...
llama_model_loader: - kv  11:                   general.base_model.count u32              = 1
llama_model_loader: - kv  12:                  general.base_model.0.name str              = Gemma 4 12B
llama_model_loader: - kv  13:          general.base_model.0.organization str              = Google
llama_model_loader: - kv  14:              general.base_model.0.repo_url str              = https://huggingface.co/google/gemma-4...
llama_model_loader: - kv  15:                               general.tags arr[str,1]       = ["any-to-any"]
llama_model_loader: - kv  16:                         gemma4.block_count u32              = 48
llama_model_loader: - kv  17:                      gemma4.context_length u32              = 131072
llama_model_loader: - kv  18:                    gemma4.embedding_length u32              = 3840
llama_model_loader: - kv  19:                 gemma4.feed_forward_length u32              = 15360
llama_model_loader: - kv  20:                gemma4.attention.head_count u32              = 16
llama_model_loader: - kv  21:             gemma4.attention.head_count_kv arr[i32,48]      = [8, 8, 8, 8, 8, 1, 8, 8, 8, 8, 8, 1, ...
llama_model_loader: - kv  22:                      gemma4.rope.freq_base f32              = 1000000.000000
llama_model_loader: - kv  23:                  gemma4.rope.freq_base_swa f32              = 10000.000000
llama_model_loader: - kv  24:    gemma4.attention.layer_norm_rms_epsilon f32              = 0.000001
llama_model_loader: - kv  25:                gemma4.attention.key_length u32              = 512
llama_model_loader: - kv  26:              gemma4.attention.value_length u32              = 512
llama_model_loader: - kv  27:             gemma4.final_logit_softcapping f32              = 30.000000
llama_model_loader: - kv  28:            gemma4.attention.sliding_window u32              = 1024
llama_model_loader: - kv  29:          gemma4.attention.shared_kv_layers u32              = 0
llama_model_loader: - kv  30:    gemma4.embedding_length_per_layer_input u32              = 0
llama_model_loader: - kv  31:    gemma4.attention.sliding_window_pattern arr[bool,48]     = [true, true, true, true, true, false,...
llama_model_loader: - kv  32:            gemma4.attention.key_length_swa u32              = 256
llama_model_loader: - kv  33:          gemma4.attention.value_length_swa u32              = 256
llama_model_loader: - kv  34:                gemma4.rope.dimension_count u32              = 512
llama_model_loader: - kv  35:            gemma4.rope.dimension_count_swa u32              = 256
llama_model_loader: - kv  36:             tokenizer.ggml.suppress_tokens arr[i32,2]       = [258883, 258882]
llama_model_loader: - kv  37:                       tokenizer.ggml.model str              = gemma4
llama_model_loader: - kv  38:                      tokenizer.ggml.tokens arr[str,262144]  = ["<pad>", "<eos>", "<bos>", "<unk>", ...
llama_model_loader: - kv  39:                      tokenizer.ggml.scores arr[f32,262144]  = [-1000.000000, -1000.000000, -1000.00...
llama_model_loader: - kv  40:                  tokenizer.ggml.token_type arr[i32,262144]  = [3, 3, 3, 3, 3, 1, 1, 1, 1, 1, 1, 1, ...
llama_model_loader: - kv  41:                      tokenizer.ggml.merges arr[str,514906]  = ["\n\n\n\n\n\n\n\n\n\n\n\n\n\n\n\n\n\n\n\n\n\n\n\n\n\n\n\n\n\n \n", ...
llama_model_loader: - kv  42:                tokenizer.ggml.bos_token_id u32              = 2
llama_model_loader: - kv  43:                tokenizer.ggml.eos_token_id u32              = 1
llama_model_loader: - kv  44:            tokenizer.ggml.unknown_token_id u32              = 3
llama_model_loader: - kv  45:            tokenizer.ggml.padding_token_id u32              = 0
llama_model_loader: - kv  46:               tokenizer.ggml.mask_token_id u32              = 4
llama_model_loader: - kv  47:            tokenizer.ggml.add_space_prefix bool             = false
llama_model_loader: - kv  48:               tokenizer.ggml.add_bos_token bool             = true
llama_model_loader: - kv  49:               general.quantization_version u32              = 2
llama_model_loader: - kv  50:                          general.file_type u32              = 15
llama_model_loader: - kv  51:                      quantize.imatrix.file str              = /models_out/gemma-4-12B-it-GGUF/gemma...
llama_model_loader: - kv  52:                   quantize.imatrix.dataset str              = /training_dir/calibration_datav5.txt
llama_model_loader: - kv  53:             quantize.imatrix.entries_count u32              = 328
llama_model_loader: - kv  54:              quantize.imatrix.chunks_count u32              = 886
llama_model_loader: - kv  55:                    tokenizer.chat_template str              = {#\n  Template: Google Gemma 4 Canonic...
llama_model_loader: - type  f32:  338 tensors
llama_model_loader: - type q4_K:  164 tensors
llama_model_loader: - type q5_K:   96 tensors
llama_model_loader: - type q6_K:   69 tensors
print_info: file format = GGUF V3 (latest)
print_info: file type   = Q4_K - Medium
print_info: file size   = 7.12 GiB (5.14 BPW) 
llama_prepare_model_devices: using device CUDA0 (NVIDIA GeForce GTX 1080 Ti) (0000:08:00.0) - 9703 MiB free
init_tokenizer: initializing tokenizer for type 2
load: 0 unused tokens
load: control token:      0 '<pad>' is not marked as EOG
load: control token:      3 '<unk>' is not marked as EOG
load: control token:      2 '<bos>' is not marked as EOG
load: control token:      4 '<mask>' is not marked as EOG
load: control token:     47 '<tool|>' is not marked as EOG
load: control token:     98 '<|think|>' is not marked as EOG
load: control token:     46 '<|tool>' is not marked as EOG
load: control-looking token:     50 '<|tool_response>' was not control-type; this is probably a bug in the model. its type will be overridden
load: control token:    105 '<|turn>' is not marked as EOG
load: control-looking token:    212 '</s>' was not control-type; this is probably a bug in the model. its type will be overridden
load: control token: 258880 '<|image|>' is not marked as EOG
load: control token: 258882 '<image|>' is not marked as EOG
load: control token: 256000 '<|audio>' is not marked as EOG
load: control token: 258883 '<audio|>' is not marked as EOG
load: control token: 258884 '<|video|>' is not marked as EOG
load: control token: 255999 '<|image>' is not marked as EOG
load: control token: 258881 '<|audio|>' is not marked as EOG
load: printing all EOG tokens:
load:   - 1 ('<eos>')
load:   - 50 ('<|tool_response>')
load:   - 106 ('<turn|>')
load:   - 212 ('</s>')
load: special_eog_ids contains '<|tool_response>', removing '</s>' token from EOG list
load: special tokens cache size = 24
load: token to piece cache size = 1.9445 MB
print_info: arch                  = gemma4
print_info: vocab_only            = 0
print_info: no_alloc              = 0
print_info: n_ctx_train           = 131072
print_info: n_embd_inp            = 3840
print_info: n_embd                = 3840
print_info: n_embd_out            = 3840
print_info: n_layer               = 48
print_info: n_layer_all           = 48
print_info: n_head                = 16
print_info: n_head_kv             = [8, 8, 8, 8, 8, 1, 8, 8, 8, 8, 8, 1, 8, 8, 8, 8, 8, 1, 8, 8, 8, 8, 8, 1, 8, 8, 8, 8, 8, 1, 8, 8, 8, 8, 8, 1, 8, 8, 8, 8, 8, 1, 8, 8, 8, 8, 8, 1]
print_info: n_rot                 = 512
print_info: n_swa                 = 1024
print_info: is_swa_any            = 1
print_info: n_embd_head_k         = 512
print_info: n_embd_head_v         = 512
print_info: n_gqa                 = [2, 2, 2, 2, 2, 16, 2, 2, 2, 2, 2, 16, 2, 2, 2, 2, 2, 16, 2, 2, 2, 2, 2, 16, 2, 2, 2, 2, 2, 16, 2, 2, 2, 2, 2, 16, 2, 2, 2, 2, 2, 16, 2, 2, 2, 2, 2, 16]
print_info: n_embd_k_gqa          = [2048, 2048, 2048, 2048, 2048, 512, 2048, 2048, 2048, 2048, 2048, 512, 2048, 2048, 2048, 2048, 2048, 512, 2048, 2048, 2048, 2048, 2048, 512, 2048, 2048, 2048, 2048, 2048, 512, 2048, 2048, 2048, 2048, 2048, 512, 2048, 2048, 2048, 2048, 2048, 512, 2048, 2048, 2048, 2048, 2048, 512]
print_info: n_embd_v_gqa          = [2048, 2048, 2048, 2048, 2048, 512, 2048, 2048, 2048, 2048, 2048, 512, 2048, 2048, 2048, 2048, 2048, 512, 2048, 2048, 2048, 2048, 2048, 512, 2048, 2048, 2048, 2048, 2048, 512, 2048, 2048, 2048, 2048, 2048, 512, 2048, 2048, 2048, 2048, 2048, 512, 2048, 2048, 2048, 2048, 2048, 512]
print_info: f_norm_eps            = 0.0e+00
print_info: f_norm_rms_eps        = 1.0e-06
print_info: f_clamp_kqv           = 0.0e+00
print_info: f_max_alibi_bias      = 0.0e+00
print_info: f_logit_scale         = 0.0e+00
print_info: f_attn_scale          = 1.0e+00
print_info: f_attn_value_scale    = 0.0000
print_info: n_ff                  = 15360
print_info: n_expert              = 0
print_info: n_expert_used         = 0
print_info: n_expert_groups       = 0
print_info: n_group_used          = 0
print_info: causal attn           = 1
print_info: pooling type          = -1
print_info: rope type             = 2
print_info: rope scaling          = linear
print_info: freq_base_train       = 1000000.0
print_info: freq_scale_train      = 1
print_info: freq_base_swa         = 10000.0
print_info: freq_scale_swa        = 1
print_info: n_embd_head_k_swa     = 256
print_info: n_embd_head_v_swa     = 256
print_info: n_rot_swa             = 256
print_info: n_ctx_orig_yarn       = 131072
print_info: rope_yarn_log_mul     = 0.0000
print_info: rope_finetuned        = unknown
print_info: model type            = ?B
print_info: model params          = 11.91 B
print_info: general.name          = Gemma 4 12B It
print_info: vocab type            = BPE
print_info: n_vocab               = 262144
print_info: n_merges              = 514906
print_info: BOS token             = 2 '<bos>'
print_info: EOS token             = 1 '<eos>'
print_info: UNK token             = 3 '<unk>'
print_info: PAD token             = 0 '<pad>'
print_info: MASK token            = 4 '<mask>'
print_info: LF token              = 107 '
'
print_info: EOG token             = 1 '<eos>'
print_info: EOG token             = 50 '<|tool_response>'
print_info: EOG token             = 106 '<turn|>'
print_info: max token length      = 93
load_tensors: loading model tensors, this can take a while... (mmap = true, direct_io = false)
load_tensors: layer   0 assigned to device CUDA0, is_swa = 1
load_tensors: layer   1 assigned to device CUDA0, is_swa = 1
load_tensors: layer   2 assigned to device CUDA0, is_swa = 1
load_tensors: layer   3 assigned to device CUDA0, is_swa = 1
load_tensors: layer   4 assigned to device CUDA0, is_swa = 1
load_tensors: layer   5 assigned to device CUDA0, is_swa = 0
load_tensors: layer   6 assigned to device CUDA0, is_swa = 1
load_tensors: layer   7 assigned to device CUDA0, is_swa = 1
load_tensors: layer   8 assigned to device CUDA0, is_swa = 1
load_tensors: layer   9 assigned to device CUDA0, is_swa = 1
load_tensors: layer  10 assigned to device CUDA0, is_swa = 1
load_tensors: layer  11 assigned to device CUDA0, is_swa = 0
load_tensors: layer  12 assigned to device CUDA0, is_swa = 1
load_tensors: layer  13 assigned to device CUDA0, is_swa = 1
load_tensors: layer  14 assigned to device CUDA0, is_swa = 1
load_tensors: layer  15 assigned to device CUDA0, is_swa = 1
load_tensors: layer  16 assigned to device CUDA0, is_swa = 1
load_tensors: layer  17 assigned to device CUDA0, is_swa = 0
load_tensors: layer  18 assigned to device CUDA0, is_swa = 1
load_tensors: layer  19 assigned to device CUDA0, is_swa = 1
load_tensors: layer  20 assigned to device CUDA0, is_swa = 1
load_tensors: layer  21 assigned to device CUDA0, is_swa = 1
load_tensors: layer  22 assigned to device CUDA0, is_swa = 1
load_tensors: layer  23 assigned to device CUDA0, is_swa = 0
load_tensors: layer  24 assigned to device CUDA0, is_swa = 1
load_tensors: layer  25 assigned to device CUDA0, is_swa = 1
load_tensors: layer  26 assigned to device CUDA0, is_swa = 1
load_tensors: layer  27 assigned to device CUDA0, is_swa = 1
load_tensors: layer  28 assigned to device CUDA0, is_swa = 1
load_tensors: layer  29 assigned to device CUDA0, is_swa = 0
load_tensors: layer  30 assigned to device CUDA0, is_swa = 1
load_tensors: layer  31 assigned to device CUDA0, is_swa = 1
load_tensors: layer  32 assigned to device CUDA0, is_swa = 1
load_tensors: layer  33 assigned to device CUDA0, is_swa = 1
load_tensors: layer  34 assigned to device CUDA0, is_swa = 1
load_tensors: layer  35 assigned to device CUDA0, is_swa = 0
load_tensors: layer  36 assigned to device CUDA0, is_swa = 1
load_tensors: layer  37 assigned to device CUDA0, is_swa = 1
load_tensors: layer  38 assigned to device CUDA0, is_swa = 1
load_tensors: layer  39 assigned to device CUDA0, is_swa = 1
load_tensors: layer  40 assigned to device CUDA0, is_swa = 1
load_tensors: layer  41 assigned to device CUDA0, is_swa = 0
load_tensors: layer  42 assigned to device CUDA0, is_swa = 1
load_tensors: layer  43 assigned to device CUDA0, is_swa = 1
load_tensors: layer  44 assigned to device CUDA0, is_swa = 1
load_tensors: layer  45 assigned to device CUDA0, is_swa = 1
load_tensors: layer  46 assigned to device CUDA0, is_swa = 1
load_tensors: layer  47 assigned to device CUDA0, is_swa = 0
load_tensors: layer  48 assigned to device CUDA0, is_swa = 0
create_tensor: loading tensor token_embd.weight
create_tensor: loading tensor token_embd.weight
create_tensor: loading tensor output_norm.weight
create_tensor: loading tensor blk.0.attn_norm.weight
create_tensor: loading tensor blk.0.attn_q.weight
create_tensor: loading tensor blk.0.attn_k.weight
create_tensor: loading tensor blk.0.attn_v.weight
create_tensor: loading tensor blk.0.attn_output.weight
create_tensor: loading tensor blk.0.attn_q_norm.weight
create_tensor: loading tensor blk.0.attn_k_norm.weight
create_tensor: loading tensor blk.0.post_attention_norm.weight
create_tensor: loading tensor blk.0.layer_output_scale.weight
create_tensor: loading tensor blk.0.ffn_norm.weight
create_tensor: loading tensor blk.0.ffn_gate.weight
create_tensor: loading tensor blk.0.ffn_up.weight
create_tensor: loading tensor blk.0.ffn_down.weight
create_tensor: loading tensor blk.0.post_ffw_norm.weight
create_tensor: loading tensor blk.1.attn_norm.weight
create_tensor: loading tensor blk.1.attn_q.weight
create_tensor: loading tensor blk.1.attn_k.weight
create_tensor: loading tensor blk.1.attn_v.weight
create_tensor: loading tensor blk.1.attn_output.weight
create_tensor: loading tensor blk.1.attn_q_norm.weight
create_tensor: loading tensor blk.1.attn_k_norm.weight
create_tensor: loading tensor blk.1.post_attention_norm.weight
create_tensor: loading tensor blk.1.layer_output_scale.weight
create_tensor: loading tensor blk.1.ffn_norm.weight
create_tensor: loading tensor blk.1.ffn_gate.weight
create_tensor: loading tensor blk.1.ffn_up.weight
create_tensor: loading tensor blk.1.ffn_down.weight
create_tensor: loading tensor blk.1.post_ffw_norm.weight
create_tensor: loading tensor blk.2.attn_norm.weight
create_tensor: loading tensor blk.2.attn_q.weight
create_tensor: loading tensor blk.2.attn_k.weight
create_tensor: loading tensor blk.2.attn_v.weight
create_tensor: loading tensor blk.2.attn_output.weight
create_tensor: loading tensor blk.2.attn_q_norm.weight
create_tensor: loading tensor blk.2.attn_k_norm.weight
create_tensor: loading tensor blk.2.post_attention_norm.weight
create_tensor: loading tensor blk.2.layer_output_scale.weight
create_tensor: loading tensor blk.2.ffn_norm.weight
create_tensor: loading tensor blk.2.ffn_gate.weight
create_tensor: loading tensor blk.2.ffn_up.weight
create_tensor: loading tensor blk.2.ffn_down.weight
create_tensor: loading tensor blk.2.post_ffw_norm.weight
create_tensor: loading tensor blk.3.attn_norm.weight
create_tensor: loading tensor blk.3.attn_q.weight
create_tensor: loading tensor blk.3.attn_k.weight
create_tensor: loading tensor blk.3.attn_v.weight
create_tensor: loading tensor blk.3.attn_output.weight
create_tensor: loading tensor blk.3.attn_q_norm.weight
create_tensor: loading tensor blk.3.attn_k_norm.weight
create_tensor: loading tensor blk.3.post_attention_norm.weight
create_tensor: loading tensor blk.3.layer_output_scale.weight
create_tensor: loading tensor blk.3.ffn_norm.weight
create_tensor: loading tensor blk.3.ffn_gate.weight
create_tensor: loading tensor blk.3.ffn_up.weight
create_tensor: loading tensor blk.3.ffn_down.weight
create_tensor: loading tensor blk.3.post_ffw_norm.weight
create_tensor: loading tensor blk.4.attn_norm.weight
create_tensor: loading tensor blk.4.attn_q.weight
create_tensor: loading tensor blk.4.attn_k.weight
create_tensor: loading tensor blk.4.attn_v.weight
create_tensor: loading tensor blk.4.attn_output.weight
create_tensor: loading tensor blk.4.attn_q_norm.weight
create_tensor: loading tensor blk.4.attn_k_norm.weight
create_tensor: loading tensor blk.4.post_attention_norm.weight
create_tensor: loading tensor blk.4.layer_output_scale.weight
create_tensor: loading tensor blk.4.ffn_norm.weight
create_tensor: loading tensor blk.4.ffn_gate.weight
create_tensor: loading tensor blk.4.ffn_up.weight
create_tensor: loading tensor blk.4.ffn_down.weight
create_tensor: loading tensor blk.4.post_ffw_norm.weight
create_tensor: loading tensor blk.5.attn_norm.weight
create_tensor: loading tensor blk.5.attn_q.weight
create_tensor: loading tensor blk.5.attn_k.weight
create_tensor: loading tensor blk.5.attn_output.weight
create_tensor: loading tensor blk.5.attn_q_norm.weight
create_tensor: loading tensor blk.5.attn_k_norm.weight
create_tensor: loading tensor blk.5.post_attention_norm.weight
create_tensor: loading tensor blk.5.layer_output_scale.weight
create_tensor: loading tensor rope_freqs.weight
create_tensor: loading tensor blk.5.ffn_norm.weight
create_tensor: loading tensor blk.5.ffn_gate.weight
create_tensor: loading tensor blk.5.ffn_up.weight
create_tensor: loading tensor blk.5.ffn_down.weight
create_tensor: loading tensor blk.5.post_ffw_norm.weight
create_tensor: loading tensor blk.6.attn_norm.weight
create_tensor: loading tensor blk.6.attn_q.weight
create_tensor: loading tensor blk.6.attn_k.weight
create_tensor: loading tensor blk.6.attn_v.weight
create_tensor: loading tensor blk.6.attn_output.weight
create_tensor: loading tensor blk.6.attn_q_norm.weight
create_tensor: loading tensor blk.6.attn_k_norm.weight
create_tensor: loading tensor blk.6.post_attention_norm.weight
create_tensor: loading tensor blk.6.layer_output_scale.weight
create_tensor: loading tensor blk.6.ffn_norm.weight
create_tensor: loading tensor blk.6.ffn_gate.weight
create_tensor: loading tensor blk.6.ffn_up.weight
create_tensor: loading tensor blk.6.ffn_down.weight
create_tensor: loading tensor blk.6.post_ffw_norm.weight
create_tensor: loading tensor blk.7.attn_norm.weight
create_tensor: loading tensor blk.7.attn_q.weight
create_tensor: loading tensor blk.7.attn_k.weight
create_tensor: loading tensor blk.7.attn_v.weight
create_tensor: loading tensor blk.7.attn_output.weight
create_tensor: loading tensor blk.7.attn_q_norm.weight
create_tensor: loading tensor blk.7.attn_k_norm.weight
create_tensor: loading tensor blk.7.post_attention_norm.weight
create_tensor: loading tensor blk.7.layer_output_scale.weight
create_tensor: loading tensor blk.7.ffn_norm.weight
create_tensor: loading tensor blk.7.ffn_gate.weight
create_tensor: loading tensor blk.7.ffn_up.weight
create_tensor: loading tensor blk.7.ffn_down.weight
create_tensor: loading tensor blk.7.post_ffw_norm.weight
create_tensor: loading tensor blk.8.attn_norm.weight
create_tensor: loading tensor blk.8.attn_q.weight
create_tensor: loading tensor blk.8.attn_k.weight
create_tensor: loading tensor blk.8.attn_v.weight
create_tensor: loading tensor blk.8.attn_output.weight
create_tensor: loading tensor blk.8.attn_q_norm.weight
create_tensor: loading tensor blk.8.attn_k_norm.weight
create_tensor: loading tensor blk.8.post_attention_norm.weight
create_tensor: loading tensor blk.8.layer_output_scale.weight
create_tensor: loading tensor blk.8.ffn_norm.weight
create_tensor: loading tensor blk.8.ffn_gate.weight
create_tensor: loading tensor blk.8.ffn_up.weight
create_tensor: loading tensor blk.8.ffn_down.weight
create_tensor: loading tensor blk.8.post_ffw_norm.weight
create_tensor: loading tensor blk.9.attn_norm.weight
create_tensor: loading tensor blk.9.attn_q.weight
create_tensor: loading tensor blk.9.attn_k.weight
create_tensor: loading tensor blk.9.attn_v.weight
create_tensor: loading tensor blk.9.attn_output.weight
create_tensor: loading tensor blk.9.attn_q_norm.weight
create_tensor: loading tensor blk.9.attn_k_norm.weight
create_tensor: loading tensor blk.9.post_attention_norm.weight
create_tensor: loading tensor blk.9.layer_output_scale.weight
create_tensor: loading tensor blk.9.ffn_norm.weight
create_tensor: loading tensor blk.9.ffn_gate.weight
create_tensor: loading tensor blk.9.ffn_up.weight
create_tensor: loading tensor blk.9.ffn_down.weight
create_tensor: loading tensor blk.9.post_ffw_norm.weight
create_tensor: loading tensor blk.10.attn_norm.weight
create_tensor: loading tensor blk.10.attn_q.weight
create_tensor: loading tensor blk.10.attn_k.weight
create_tensor: loading tensor blk.10.attn_v.weight
create_tensor: loading tensor blk.10.attn_output.weight
create_tensor: loading tensor blk.10.attn_q_norm.weight
create_tensor: loading tensor blk.10.attn_k_norm.weight
create_tensor: loading tensor blk.10.post_attention_norm.weight
create_tensor: loading tensor blk.10.layer_output_scale.weight
create_tensor: loading tensor blk.10.ffn_norm.weight
create_tensor: loading tensor blk.10.ffn_gate.weight
create_tensor: loading tensor blk.10.ffn_up.weight
create_tensor: loading tensor blk.10.ffn_down.weight
create_tensor: loading tensor blk.10.post_ffw_norm.weight
create_tensor: loading tensor blk.11.attn_norm.weight
create_tensor: loading tensor blk.11.attn_q.weight
create_tensor: loading tensor blk.11.attn_k.weight
create_tensor: loading tensor blk.11.attn_output.weight
create_tensor: loading tensor blk.11.attn_q_norm.weight
create_tensor: loading tensor blk.11.attn_k_norm.weight
create_tensor: loading tensor blk.11.post_attention_norm.weight
create_tensor: loading tensor blk.11.layer_output_scale.weight
create_tensor: loading tensor blk.11.ffn_norm.weight
create_tensor: loading tensor blk.11.ffn_gate.weight
create_tensor: loading tensor blk.11.ffn_up.weight
create_tensor: loading tensor blk.11.ffn_down.weight
create_tensor: loading tensor blk.11.post_ffw_norm.weight
create_tensor: loading tensor blk.12.attn_norm.weight
create_tensor: loading tensor blk.12.attn_q.weight
create_tensor: loading tensor blk.12.attn_k.weight
create_tensor: loading tensor blk.12.attn_v.weight
create_tensor: loading tensor blk.12.attn_output.weight
create_tensor: loading tensor blk.12.attn_q_norm.weight
create_tensor: loading tensor blk.12.attn_k_norm.weight
create_tensor: loading tensor blk.12.post_attention_norm.weight
create_tensor: loading tensor blk.12.layer_output_scale.weight
create_tensor: loading tensor blk.12.ffn_norm.weight
create_tensor: loading tensor blk.12.ffn_gate.weight
create_tensor: loading tensor blk.12.ffn_up.weight
create_tensor: loading tensor blk.12.ffn_down.weight
create_tensor: loading tensor blk.12.post_ffw_norm.weight
create_tensor: loading tensor blk.13.attn_norm.weight
create_tensor: loading tensor blk.13.attn_q.weight
create_tensor: loading tensor blk.13.attn_k.weight
create_tensor: loading tensor blk.13.attn_v.weight
create_tensor: loading tensor blk.13.attn_output.weight
create_tensor: loading tensor blk.13.attn_q_norm.weight
create_tensor: loading tensor blk.13.attn_k_norm.weight
create_tensor: loading tensor blk.13.post_attention_norm.weight
create_tensor: loading tensor blk.13.layer_output_scale.weight
create_tensor: loading tensor blk.13.ffn_norm.weight
create_tensor: loading tensor blk.13.ffn_gate.weight
create_tensor: loading tensor blk.13.ffn_up.weight
create_tensor: loading tensor blk.13.ffn_down.weight
create_tensor: loading tensor blk.13.post_ffw_norm.weight
create_tensor: loading tensor blk.14.attn_norm.weight
create_tensor: loading tensor blk.14.attn_q.weight
create_tensor: loading tensor blk.14.attn_k.weight
create_tensor: loading tensor blk.14.attn_v.weight
create_tensor: loading tensor blk.14.attn_output.weight
create_tensor: loading tensor blk.14.attn_q_norm.weight
create_tensor: loading tensor blk.14.attn_k_norm.weight
create_tensor: loading tensor blk.14.post_attention_norm.weight
create_tensor: loading tensor blk.14.layer_output_scale.weight
create_tensor: loading tensor blk.14.ffn_norm.weight
create_tensor: loading tensor blk.14.ffn_gate.weight
create_tensor: loading tensor blk.14.ffn_up.weight
create_tensor: loading tensor blk.14.ffn_down.weight
create_tensor: loading tensor blk.14.post_ffw_norm.weight
create_tensor: loading tensor blk.15.attn_norm.weight
create_tensor: loading tensor blk.15.attn_q.weight
create_tensor: loading tensor blk.15.attn_k.weight
create_tensor: loading tensor blk.15.attn_v.weight
create_tensor: loading tensor blk.15.attn_output.weight
create_tensor: loading tensor blk.15.attn_q_norm.weight
create_tensor: loading tensor blk.15.attn_k_norm.weight
create_tensor: loading tensor blk.15.post_attention_norm.weight
create_tensor: loading tensor blk.15.layer_output_scale.weight
create_tensor: loading tensor blk.15.ffn_norm.weight
create_tensor: loading tensor blk.15.ffn_gate.weight
create_tensor: loading tensor blk.15.ffn_up.weight
create_tensor: loading tensor blk.15.ffn_down.weight
create_tensor: loading tensor blk.15.post_ffw_norm.weight
create_tensor: loading tensor blk.16.attn_norm.weight
create_tensor: loading tensor blk.16.attn_q.weight
create_tensor: loading tensor blk.16.attn_k.weight
create_tensor: loading tensor blk.16.attn_v.weight
create_tensor: loading tensor blk.16.attn_output.weight
create_tensor: loading tensor blk.16.attn_q_norm.weight
create_tensor: loading tensor blk.16.attn_k_norm.weight
create_tensor: loading tensor blk.16.post_attention_norm.weight
create_tensor: loading tensor blk.16.layer_output_scale.weight
create_tensor: loading tensor blk.16.ffn_norm.weight
create_tensor: loading tensor blk.16.ffn_gate.weight
create_tensor: loading tensor blk.16.ffn_up.weight
create_tensor: loading tensor blk.16.ffn_down.weight
create_tensor: loading tensor blk.16.post_ffw_norm.weight
create_tensor: loading tensor blk.17.attn_norm.weight
create_tensor: loading tensor blk.17.attn_q.weight
create_tensor: loading tensor blk.17.attn_k.weight
create_tensor: loading tensor blk.17.attn_output.weight
create_tensor: loading tensor blk.17.attn_q_norm.weight
create_tensor: loading tensor blk.17.attn_k_norm.weight
create_tensor: loading tensor blk.17.post_attention_norm.weight
create_tensor: loading tensor blk.17.layer_output_scale.weight
create_tensor: loading tensor blk.17.ffn_norm.weight
create_tensor: loading tensor blk.17.ffn_gate.weight
create_tensor: loading tensor blk.17.ffn_up.weight
create_tensor: loading tensor blk.17.ffn_down.weight
create_tensor: loading tensor blk.17.post_ffw_norm.weight
create_tensor: loading tensor blk.18.attn_norm.weight
create_tensor: loading tensor blk.18.attn_q.weight
create_tensor: loading tensor blk.18.attn_k.weight
create_tensor: loading tensor blk.18.attn_v.weight
create_tensor: loading tensor blk.18.attn_output.weight
create_tensor: loading tensor blk.18.attn_q_norm.weight
create_tensor: loading tensor blk.18.attn_k_norm.weight
create_tensor: loading tensor blk.18.post_attention_norm.weight
create_tensor: loading tensor blk.18.layer_output_scale.weight
create_tensor: loading tensor blk.18.ffn_norm.weight
create_tensor: loading tensor blk.18.ffn_gate.weight
create_tensor: loading tensor blk.18.ffn_up.weight
create_tensor: loading tensor blk.18.ffn_down.weight
create_tensor: loading tensor blk.18.post_ffw_norm.weight
create_tensor: loading tensor blk.19.attn_norm.weight
create_tensor: loading tensor blk.19.attn_q.weight
create_tensor: loading tensor blk.19.attn_k.weight
create_tensor: loading tensor blk.19.attn_v.weight
create_tensor: loading tensor blk.19.attn_output.weight
create_tensor: loading tensor blk.19.attn_q_norm.weight
create_tensor: loading tensor blk.19.attn_k_norm.weight
create_tensor: loading tensor blk.19.post_attention_norm.weight
create_tensor: loading tensor blk.19.layer_output_scale.weight
create_tensor: loading tensor blk.19.ffn_norm.weight
create_tensor: loading tensor blk.19.ffn_gate.weight
create_tensor: loading tensor blk.19.ffn_up.weight
create_tensor: loading tensor blk.19.ffn_down.weight
create_tensor: loading tensor blk.19.post_ffw_norm.weight
create_tensor: loading tensor blk.20.attn_norm.weight
create_tensor: loading tensor blk.20.attn_q.weight
create_tensor: loading tensor blk.20.attn_k.weight
create_tensor: loading tensor blk.20.attn_v.weight
create_tensor: loading tensor blk.20.attn_output.weight
create_tensor: loading tensor blk.20.attn_q_norm.weight
create_tensor: loading tensor blk.20.attn_k_norm.weight
create_tensor: loading tensor blk.20.post_attention_norm.weight
create_tensor: loading tensor blk.20.layer_output_scale.weight
create_tensor: loading tensor blk.20.ffn_norm.weight
create_tensor: loading tensor blk.20.ffn_gate.weight
create_tensor: loading tensor blk.20.ffn_up.weight
create_tensor: loading tensor blk.20.ffn_down.weight
create_tensor: loading tensor blk.20.post_ffw_norm.weight
create_tensor: loading tensor blk.21.attn_norm.weight
create_tensor: loading tensor blk.21.attn_q.weight
create_tensor: loading tensor blk.21.attn_k.weight
create_tensor: loading tensor blk.21.attn_v.weight
create_tensor: loading tensor blk.21.attn_output.weight
create_tensor: loading tensor blk.21.attn_q_norm.weight
create_tensor: loading tensor blk.21.attn_k_norm.weight
create_tensor: loading tensor blk.21.post_attention_norm.weight
create_tensor: loading tensor blk.21.layer_output_scale.weight
create_tensor: loading tensor blk.21.ffn_norm.weight
create_tensor: loading tensor blk.21.ffn_gate.weight
create_tensor: loading tensor blk.21.ffn_up.weight
create_tensor: loading tensor blk.21.ffn_down.weight
create_tensor: loading tensor blk.21.post_ffw_norm.weight
create_tensor: loading tensor blk.22.attn_norm.weight
create_tensor: loading tensor blk.22.attn_q.weight
create_tensor: loading tensor blk.22.attn_k.weight
create_tensor: loading tensor blk.22.attn_v.weight
create_tensor: loading tensor blk.22.attn_output.weight
create_tensor: loading tensor blk.22.attn_q_norm.weight
create_tensor: loading tensor blk.22.attn_k_norm.weight
create_tensor: loading tensor blk.22.post_attention_norm.weight
create_tensor: loading tensor blk.22.layer_output_scale.weight
create_tensor: loading tensor blk.22.ffn_norm.weight
create_tensor: loading tensor blk.22.ffn_gate.weight
create_tensor: loading tensor blk.22.ffn_up.weight
create_tensor: loading tensor blk.22.ffn_down.weight
create_tensor: loading tensor blk.22.post_ffw_norm.weight
create_tensor: loading tensor blk.23.attn_norm.weight
create_tensor: loading tensor blk.23.attn_q.weight
create_tensor: loading tensor blk.23.attn_k.weight
create_tensor: loading tensor blk.23.attn_output.weight
create_tensor: loading tensor blk.23.attn_q_norm.weight
create_tensor: loading tensor blk.23.attn_k_norm.weight
create_tensor: loading tensor blk.23.post_attention_norm.weight
create_tensor: loading tensor blk.23.layer_output_scale.weight
create_tensor: loading tensor blk.23.ffn_norm.weight
create_tensor: loading tensor blk.23.ffn_gate.weight
create_tensor: loading tensor blk.23.ffn_up.weight
create_tensor: loading tensor blk.23.ffn_down.weight
create_tensor: loading tensor blk.23.post_ffw_norm.weight
create_tensor: loading tensor blk.24.attn_norm.weight
create_tensor: loading tensor blk.24.attn_q.weight
create_tensor: loading tensor blk.24.attn_k.weight
create_tensor: loading tensor blk.24.attn_v.weight
create_tensor: loading tensor blk.24.attn_output.weight
create_tensor: loading tensor blk.24.attn_q_norm.weight
create_tensor: loading tensor blk.24.attn_k_norm.weight
create_tensor: loading tensor blk.24.post_attention_norm.weight
create_tensor: loading tensor blk.24.layer_output_scale.weight
create_tensor: loading tensor blk.24.ffn_norm.weight
create_tensor: loading tensor blk.24.ffn_gate.weight
create_tensor: loading tensor blk.24.ffn_up.weight
create_tensor: loading tensor blk.24.ffn_down.weight
create_tensor: loading tensor blk.24.post_ffw_norm.weight
create_tensor: loading tensor blk.25.attn_norm.weight
create_tensor: loading tensor blk.25.attn_q.weight
create_tensor: loading tensor blk.25.attn_k.weight
create_tensor: loading tensor blk.25.attn_v.weight
create_tensor: loading tensor blk.25.attn_output.weight
create_tensor: loading tensor blk.25.attn_q_norm.weight
create_tensor: loading tensor blk.25.attn_k_norm.weight
create_tensor: loading tensor blk.25.post_attention_norm.weight
create_tensor: loading tensor blk.25.layer_output_scale.weight
create_tensor: loading tensor blk.25.ffn_norm.weight
create_tensor: loading tensor blk.25.ffn_gate.weight
create_tensor: loading tensor blk.25.ffn_up.weight
create_tensor: loading tensor blk.25.ffn_down.weight
create_tensor: loading tensor blk.25.post_ffw_norm.weight
create_tensor: loading tensor blk.26.attn_norm.weight
create_tensor: loading tensor blk.26.attn_q.weight
create_tensor: loading tensor blk.26.attn_k.weight
create_tensor: loading tensor blk.26.attn_v.weight
create_tensor: loading tensor blk.26.attn_output.weight
create_tensor: loading tensor blk.26.attn_q_norm.weight
create_tensor: loading tensor blk.26.attn_k_norm.weight
create_tensor: loading tensor blk.26.post_attention_norm.weight
create_tensor: loading tensor blk.26.layer_output_scale.weight
create_tensor: loading tensor blk.26.ffn_norm.weight
create_tensor: loading tensor blk.26.ffn_gate.weight
create_tensor: loading tensor blk.26.ffn_up.weight
create_tensor: loading tensor blk.26.ffn_down.weight
create_tensor: loading tensor blk.26.post_ffw_norm.weight
create_tensor: loading tensor blk.27.attn_norm.weight
create_tensor: loading tensor blk.27.attn_q.weight
create_tensor: loading tensor blk.27.attn_k.weight
create_tensor: loading tensor blk.27.attn_v.weight
create_tensor: loading tensor blk.27.attn_output.weight
create_tensor: loading tensor blk.27.attn_q_norm.weight
create_tensor: loading tensor blk.27.attn_k_norm.weight
create_tensor: loading tensor blk.27.post_attention_norm.weight
create_tensor: loading tensor blk.27.layer_output_scale.weight
create_tensor: loading tensor blk.27.ffn_norm.weight
create_tensor: loading tensor blk.27.ffn_gate.weight
create_tensor: loading tensor blk.27.ffn_up.weight
create_tensor: loading tensor blk.27.ffn_down.weight
create_tensor: loading tensor blk.27.post_ffw_norm.weight
create_tensor: loading tensor blk.28.attn_norm.weight
create_tensor: loading tensor blk.28.attn_q.weight
create_tensor: loading tensor blk.28.attn_k.weight
create_tensor: loading tensor blk.28.attn_v.weight
create_tensor: loading tensor blk.28.attn_output.weight
create_tensor: loading tensor blk.28.attn_q_norm.weight
create_tensor: loading tensor blk.28.attn_k_norm.weight
create_tensor: loading tensor blk.28.post_attention_norm.weight
create_tensor: loading tensor blk.28.layer_output_scale.weight
create_tensor: loading tensor blk.28.ffn_norm.weight
create_tensor: loading tensor blk.28.ffn_gate.weight
create_tensor: loading tensor blk.28.ffn_up.weight
create_tensor: loading tensor blk.28.ffn_down.weight
create_tensor: loading tensor blk.28.post_ffw_norm.weight
create_tensor: loading tensor blk.29.attn_norm.weight
create_tensor: loading tensor blk.29.attn_q.weight
create_tensor: loading tensor blk.29.attn_k.weight
create_tensor: loading tensor blk.29.attn_output.weight
create_tensor: loading tensor blk.29.attn_q_norm.weight
create_tensor: loading tensor blk.29.attn_k_norm.weight
create_tensor: loading tensor blk.29.post_attention_norm.weight
create_tensor: loading tensor blk.29.layer_output_scale.weight
create_tensor: loading tensor blk.29.ffn_norm.weight
create_tensor: loading tensor blk.29.ffn_gate.weight
create_tensor: loading tensor blk.29.ffn_up.weight
create_tensor: loading tensor blk.29.ffn_down.weight
create_tensor: loading tensor blk.29.post_ffw_norm.weight
create_tensor: loading tensor blk.30.attn_norm.weight
create_tensor: loading tensor blk.30.attn_q.weight
create_tensor: loading tensor blk.30.attn_k.weight
create_tensor: loading tensor blk.30.attn_v.weight
create_tensor: loading tensor blk.30.attn_output.weight
create_tensor: loading tensor blk.30.attn_q_norm.weight
create_tensor: loading tensor blk.30.attn_k_norm.weight
create_tensor: loading tensor blk.30.post_attention_norm.weight
create_tensor: loading tensor blk.30.layer_output_scale.weight
create_tensor: loading tensor blk.30.ffn_norm.weight
create_tensor: loading tensor blk.30.ffn_gate.weight
create_tensor: loading tensor blk.30.ffn_up.weight
create_tensor: loading tensor blk.30.ffn_down.weight
create_tensor: loading tensor blk.30.post_ffw_norm.weight
create_tensor: loading tensor blk.31.attn_norm.weight
create_tensor: loading tensor blk.31.attn_q.weight
create_tensor: loading tensor blk.31.attn_k.weight
create_tensor: loading tensor blk.31.attn_v.weight
create_tensor: loading tensor blk.31.attn_output.weight
create_tensor: loading tensor blk.31.attn_q_norm.weight
create_tensor: loading tensor blk.31.attn_k_norm.weight
create_tensor: loading tensor blk.31.post_attention_norm.weight
create_tensor: loading tensor blk.31.layer_output_scale.weight
create_tensor: loading tensor blk.31.ffn_norm.weight
create_tensor: loading tensor blk.31.ffn_gate.weight
create_tensor: loading tensor blk.31.ffn_up.weight
create_tensor: loading tensor blk.31.ffn_down.weight
create_tensor: loading tensor blk.31.post_ffw_norm.weight
create_tensor: loading tensor blk.32.attn_norm.weight
create_tensor: loading tensor blk.32.attn_q.weight
create_tensor: loading tensor blk.32.attn_k.weight
create_tensor: loading tensor blk.32.attn_v.weight
create_tensor: loading tensor blk.32.attn_output.weight
create_tensor: loading tensor blk.32.attn_q_norm.weight
create_tensor: loading tensor blk.32.attn_k_norm.weight
create_tensor: loading tensor blk.32.post_attention_norm.weight
create_tensor: loading tensor blk.32.layer_output_scale.weight
create_tensor: loading tensor blk.32.ffn_norm.weight
create_tensor: loading tensor blk.32.ffn_gate.weight
create_tensor: loading tensor blk.32.ffn_up.weight
create_tensor: loading tensor blk.32.ffn_down.weight
create_tensor: loading tensor blk.32.post_ffw_norm.weight
create_tensor: loading tensor blk.33.attn_norm.weight
create_tensor: loading tensor blk.33.attn_q.weight
create_tensor: loading tensor blk.33.attn_k.weight
create_tensor: loading tensor blk.33.attn_v.weight
create_tensor: loading tensor blk.33.attn_output.weight
create_tensor: loading tensor blk.33.attn_q_norm.weight
create_tensor: loading tensor blk.33.attn_k_norm.weight
create_tensor: loading tensor blk.33.post_attention_norm.weight
create_tensor: loading tensor blk.33.layer_output_scale.weight
create_tensor: loading tensor blk.33.ffn_norm.weight
create_tensor: loading tensor blk.33.ffn_gate.weight
create_tensor: loading tensor blk.33.ffn_up.weight
create_tensor: loading tensor blk.33.ffn_down.weight
create_tensor: loading tensor blk.33.post_ffw_norm.weight
create_tensor: loading tensor blk.34.attn_norm.weight
create_tensor: loading tensor blk.34.attn_q.weight
create_tensor: loading tensor blk.34.attn_k.weight
create_tensor: loading tensor blk.34.attn_v.weight
create_tensor: loading tensor blk.34.attn_output.weight
create_tensor: loading tensor blk.34.attn_q_norm.weight
create_tensor: loading tensor blk.34.attn_k_norm.weight
create_tensor: loading tensor blk.34.post_attention_norm.weight
create_tensor: loading tensor blk.34.layer_output_scale.weight
create_tensor: loading tensor blk.34.ffn_norm.weight
create_tensor: loading tensor blk.34.ffn_gate.weight
create_tensor: loading tensor blk.34.ffn_up.weight
create_tensor: loading tensor blk.34.ffn_down.weight
create_tensor: loading tensor blk.34.post_ffw_norm.weight
create_tensor: loading tensor blk.35.attn_norm.weight
create_tensor: loading tensor blk.35.attn_q.weight
create_tensor: loading tensor blk.35.attn_k.weight
create_tensor: loading tensor blk.35.attn_output.weight
create_tensor: loading tensor blk.35.attn_q_norm.weight
create_tensor: loading tensor blk.35.attn_k_norm.weight
create_tensor: loading tensor blk.35.post_attention_norm.weight
create_tensor: loading tensor blk.35.layer_output_scale.weight
create_tensor: loading tensor blk.35.ffn_norm.weight
create_tensor: loading tensor blk.35.ffn_gate.weight
create_tensor: loading tensor blk.35.ffn_up.weight
create_tensor: loading tensor blk.35.ffn_down.weight
create_tensor: loading tensor blk.35.post_ffw_norm.weight
create_tensor: loading tensor blk.36.attn_norm.weight
create_tensor: loading tensor blk.36.attn_q.weight
create_tensor: loading tensor blk.36.attn_k.weight
create_tensor: loading tensor blk.36.attn_v.weight
create_tensor: loading tensor blk.36.attn_output.weight
create_tensor: loading tensor blk.36.attn_q_norm.weight
create_tensor: loading tensor blk.36.attn_k_norm.weight
create_tensor: loading tensor blk.36.post_attention_norm.weight
create_tensor: loading tensor blk.36.layer_output_scale.weight
create_tensor: loading tensor blk.36.ffn_norm.weight
create_tensor: loading tensor blk.36.ffn_gate.weight
create_tensor: loading tensor blk.36.ffn_up.weight
create_tensor: loading tensor blk.36.ffn_down.weight
create_tensor: loading tensor blk.36.post_ffw_norm.weight
create_tensor: loading tensor blk.37.attn_norm.weight
create_tensor: loading tensor blk.37.attn_q.weight
create_tensor: loading tensor blk.37.attn_k.weight
create_tensor: loading tensor blk.37.attn_v.weight
create_tensor: loading tensor blk.37.attn_output.weight
create_tensor: loading tensor blk.37.attn_q_norm.weight
create_tensor: loading tensor blk.37.attn_k_norm.weight
create_tensor: loading tensor blk.37.post_attention_norm.weight
create_tensor: loading tensor blk.37.layer_output_scale.weight
create_tensor: loading tensor blk.37.ffn_norm.weight
create_tensor: loading tensor blk.37.ffn_gate.weight
create_tensor: loading tensor blk.37.ffn_up.weight
create_tensor: loading tensor blk.37.ffn_down.weight
create_tensor: loading tensor blk.37.post_ffw_norm.weight
create_tensor: loading tensor blk.38.attn_norm.weight
create_tensor: loading tensor blk.38.attn_q.weight
create_tensor: loading tensor blk.38.attn_k.weight
create_tensor: loading tensor blk.38.attn_v.weight
create_tensor: loading tensor blk.38.attn_output.weight
create_tensor: loading tensor blk.38.attn_q_norm.weight
create_tensor: loading tensor blk.38.attn_k_norm.weight
create_tensor: loading tensor blk.38.post_attention_norm.weight
create_tensor: loading tensor blk.38.layer_output_scale.weight
create_tensor: loading tensor blk.38.ffn_norm.weight
create_tensor: loading tensor blk.38.ffn_gate.weight
create_tensor: loading tensor blk.38.ffn_up.weight
create_tensor: loading tensor blk.38.ffn_down.weight
create_tensor: loading tensor blk.38.post_ffw_norm.weight
create_tensor: loading tensor blk.39.attn_norm.weight
create_tensor: loading tensor blk.39.attn_q.weight
create_tensor: loading tensor blk.39.attn_k.weight
create_tensor: loading tensor blk.39.attn_v.weight
create_tensor: loading tensor blk.39.attn_output.weight
create_tensor: loading tensor blk.39.attn_q_norm.weight
create_tensor: loading tensor blk.39.attn_k_norm.weight
create_tensor: loading tensor blk.39.post_attention_norm.weight
create_tensor: loading tensor blk.39.layer_output_scale.weight
create_tensor: loading tensor blk.39.ffn_norm.weight
create_tensor: loading tensor blk.39.ffn_gate.weight
create_tensor: loading tensor blk.39.ffn_up.weight
create_tensor: loading tensor blk.39.ffn_down.weight
create_tensor: loading tensor blk.39.post_ffw_norm.weight
create_tensor: loading tensor blk.40.attn_norm.weight
create_tensor: loading tensor blk.40.attn_q.weight
create_tensor: loading tensor blk.40.attn_k.weight
create_tensor: loading tensor blk.40.attn_v.weight
create_tensor: loading tensor blk.40.attn_output.weight
create_tensor: loading tensor blk.40.attn_q_norm.weight
create_tensor: loading tensor blk.40.attn_k_norm.weight
create_tensor: loading tensor blk.40.post_attention_norm.weight
create_tensor: loading tensor blk.40.layer_output_scale.weight
create_tensor: loading tensor blk.40.ffn_norm.weight
create_tensor: loading tensor blk.40.ffn_gate.weight
create_tensor: loading tensor blk.40.ffn_up.weight
create_tensor: loading tensor blk.40.ffn_down.weight
create_tensor: loading tensor blk.40.post_ffw_norm.weight
create_tensor: loading tensor blk.41.attn_norm.weight
create_tensor: loading tensor blk.41.attn_q.weight
create_tensor: loading tensor blk.41.attn_k.weight
create_tensor: loading tensor blk.41.attn_output.weight
create_tensor: loading tensor blk.41.attn_q_norm.weight
create_tensor: loading tensor blk.41.attn_k_norm.weight
create_tensor: loading tensor blk.41.post_attention_norm.weight
create_tensor: loading tensor blk.41.layer_output_scale.weight
create_tensor: loading tensor blk.41.ffn_norm.weight
create_tensor: loading tensor blk.41.ffn_gate.weight
create_tensor: loading tensor blk.41.ffn_up.weight
create_tensor: loading tensor blk.41.ffn_down.weight
create_tensor: loading tensor blk.41.post_ffw_norm.weight
create_tensor: loading tensor blk.42.attn_norm.weight
create_tensor: loading tensor blk.42.attn_q.weight
create_tensor: loading tensor blk.42.attn_k.weight
create_tensor: loading tensor blk.42.attn_v.weight
create_tensor: loading tensor blk.42.attn_output.weight
create_tensor: loading tensor blk.42.attn_q_norm.weight
create_tensor: loading tensor blk.42.attn_k_norm.weight
create_tensor: loading tensor blk.42.post_attention_norm.weight
create_tensor: loading tensor blk.42.layer_output_scale.weight
create_tensor: loading tensor blk.42.ffn_norm.weight
create_tensor: loading tensor blk.42.ffn_gate.weight
create_tensor: loading tensor blk.42.ffn_up.weight
create_tensor: loading tensor blk.42.ffn_down.weight
create_tensor: loading tensor blk.42.post_ffw_norm.weight
create_tensor: loading tensor blk.43.attn_norm.weight
create_tensor: loading tensor blk.43.attn_q.weight
create_tensor: loading tensor blk.43.attn_k.weight
create_tensor: loading tensor blk.43.attn_v.weight
create_tensor: loading tensor blk.43.attn_output.weight
create_tensor: loading tensor blk.43.attn_q_norm.weight
create_tensor: loading tensor blk.43.attn_k_norm.weight
create_tensor: loading tensor blk.43.post_attention_norm.weight
create_tensor: loading tensor blk.43.layer_output_scale.weight
create_tensor: loading tensor blk.43.ffn_norm.weight
create_tensor: loading tensor blk.43.ffn_gate.weight
create_tensor: loading tensor blk.43.ffn_up.weight
create_tensor: loading tensor blk.43.ffn_down.weight
create_tensor: loading tensor blk.43.post_ffw_norm.weight
create_tensor: loading tensor blk.44.attn_norm.weight
create_tensor: loading tensor blk.44.attn_q.weight
create_tensor: loading tensor blk.44.attn_k.weight
create_tensor: loading tensor blk.44.attn_v.weight
create_tensor: loading tensor blk.44.attn_output.weight
create_tensor: loading tensor blk.44.attn_q_norm.weight
create_tensor: loading tensor blk.44.attn_k_norm.weight
create_tensor: loading tensor blk.44.post_attention_norm.weight
create_tensor: loading tensor blk.44.layer_output_scale.weight
create_tensor: loading tensor blk.44.ffn_norm.weight
create_tensor: loading tensor blk.44.ffn_gate.weight
create_tensor: loading tensor blk.44.ffn_up.weight
create_tensor: loading tensor blk.44.ffn_down.weight
create_tensor: loading tensor blk.44.post_ffw_norm.weight
create_tensor: loading tensor blk.45.attn_norm.weight
create_tensor: loading tensor blk.45.attn_q.weight
create_tensor: loading tensor blk.45.attn_k.weight
create_tensor: loading tensor blk.45.attn_v.weight
create_tensor: loading tensor blk.45.attn_output.weight
create_tensor: loading tensor blk.45.attn_q_norm.weight
create_tensor: loading tensor blk.45.attn_k_norm.weight
create_tensor: loading tensor blk.45.post_attention_norm.weight
create_tensor: loading tensor blk.45.layer_output_scale.weight
create_tensor: loading tensor blk.45.ffn_norm.weight
create_tensor: loading tensor blk.45.ffn_gate.weight
create_tensor: loading tensor blk.45.ffn_up.weight
create_tensor: loading tensor blk.45.ffn_down.weight
create_tensor: loading tensor blk.45.post_ffw_norm.weight
create_tensor: loading tensor blk.46.attn_norm.weight
create_tensor: loading tensor blk.46.attn_q.weight
create_tensor: loading tensor blk.46.attn_k.weight
create_tensor: loading tensor blk.46.attn_v.weight
create_tensor: loading tensor blk.46.attn_output.weight
create_tensor: loading tensor blk.46.attn_q_norm.weight
create_tensor: loading tensor blk.46.attn_k_norm.weight
create_tensor: loading tensor blk.46.post_attention_norm.weight
create_tensor: loading tensor blk.46.layer_output_scale.weight
create_tensor: loading tensor blk.46.ffn_norm.weight
create_tensor: loading tensor blk.46.ffn_gate.weight
create_tensor: loading tensor blk.46.ffn_up.weight
create_tensor: loading tensor blk.46.ffn_down.weight
create_tensor: loading tensor blk.46.post_ffw_norm.weight
create_tensor: loading tensor blk.47.attn_norm.weight
create_tensor: loading tensor blk.47.attn_q.weight
create_tensor: loading tensor blk.47.attn_k.weight
create_tensor: loading tensor blk.47.attn_output.weight
create_tensor: loading tensor blk.47.attn_q_norm.weight
create_tensor: loading tensor blk.47.attn_k_norm.weight
create_tensor: loading tensor blk.47.post_attention_norm.weight
create_tensor: loading tensor blk.47.layer_output_scale.weight
create_tensor: loading tensor blk.47.ffn_norm.weight
create_tensor: loading tensor blk.47.ffn_gate.weight
create_tensor: loading tensor blk.47.ffn_up.weight
create_tensor: loading tensor blk.47.ffn_down.weight
create_tensor: loading tensor blk.47.post_ffw_norm.weight
done_getting_tensors: tensor 'token_embd.weight' (q6_K) (and 0 others) cannot be used with preferred buffer type CUDA_Host, using CPU instead
load_tensors: offloading output layer to GPU
load_tensors: offloading 47 repeating layers to GPU
load_tensors: offloaded 49/49 layers to GPU
load_tensors:   CPU_Mapped model buffer size =   787.50 MiB
load_tensors:        CUDA0 model buffer size =  7292.53 MiB
...................................................................................
llama_context: constructing llama_context
llama_context: n_seq_max     = 1
llama_context: n_ctx         = 2048
llama_context: n_ctx_seq     = 2048
llama_context: n_batch       = 256
llama_context: n_ubatch      = 128
llama_context: causal_attn   = 1
llama_context: flash_attn    = disabled
llama_context: kv_unified    = false
llama_context: freq_base     = 1000000.0
llama_context: freq_scale    = 1
llama_context: n_rs_seq      = 0
llama_context: n_outputs_max = 256
llama_context: n_ctx_seq (2048) < n_ctx_train (131072) -- the full capacity of the model will not be utilized
set_abort_callback: call
llama_context:  CUDA_Host  output buffer size =     1.00 MiB
llama_kv_cache_iswa: using full-size SWA cache (ref: https://github.com/ggml-org/llama.cpp/pull/13194#issuecomment-2868343055)
llama_kv_cache_iswa: creating non-SWA KV cache, size = 2048 cells
llama_kv_cache: the V embeddings have different sizes across layers and FA is not enabled - padding V cache to 2048
llama_kv_cache: layer   0: filtered
llama_kv_cache: layer   1: filtered
llama_kv_cache: layer   2: filtered
llama_kv_cache: layer   3: filtered
llama_kv_cache: layer   4: filtered
llama_kv_cache: layer   5: dev = CUDA0
llama_kv_cache: layer   6: filtered
llama_kv_cache: layer   7: filtered
llama_kv_cache: layer   8: filtered
llama_kv_cache: layer   9: filtered
llama_kv_cache: layer  10: filtered
llama_kv_cache: layer  11: dev = CUDA0
llama_kv_cache: layer  12: filtered
llama_kv_cache: layer  13: filtered
llama_kv_cache: layer  14: filtered
llama_kv_cache: layer  15: filtered
llama_kv_cache: layer  16: filtered
llama_kv_cache: layer  17: dev = CUDA0
llama_kv_cache: layer  18: filtered
llama_kv_cache: layer  19: filtered
llama_kv_cache: layer  20: filtered
llama_kv_cache: layer  21: filtered
llama_kv_cache: layer  22: filtered
llama_kv_cache: layer  23: dev = CUDA0
llama_kv_cache: layer  24: filtered
llama_kv_cache: layer  25: filtered
llama_kv_cache: layer  26: filtered
llama_kv_cache: layer  27: filtered
llama_kv_cache: layer  28: filtered
llama_kv_cache: layer  29: dev = CUDA0
llama_kv_cache: layer  30: filtered
llama_kv_cache: layer  31: filtered
llama_kv_cache: layer  32: filtered
llama_kv_cache: layer  33: filtered
llama_kv_cache: layer  34: filtered
llama_kv_cache: layer  35: dev = CUDA0
llama_kv_cache: layer  36: filtered
llama_kv_cache: layer  37: filtered
llama_kv_cache: layer  38: filtered
llama_kv_cache: layer  39: filtered
llama_kv_cache: layer  40: filtered
llama_kv_cache: layer  41: dev = CUDA0
llama_kv_cache: layer  42: filtered
llama_kv_cache: layer  43: filtered
llama_kv_cache: layer  44: filtered
llama_kv_cache: layer  45: filtered
llama_kv_cache: layer  46: filtered
llama_kv_cache: layer  47: dev = CUDA0
llama_kv_cache: reusing layers:
llama_kv_cache: - layer   0: no reuse
llama_kv_cache: - layer   1: no reuse
llama_kv_cache: - layer   2: no reuse
llama_kv_cache: - layer   3: no reuse
llama_kv_cache: - layer   4: no reuse
llama_kv_cache: - layer   5: no reuse
llama_kv_cache: - layer   6: no reuse
llama_kv_cache: - layer   7: no reuse
llama_kv_cache: - layer   8: no reuse
llama_kv_cache: - layer   9: no reuse
llama_kv_cache: - layer  10: no reuse
llama_kv_cache: - layer  11: no reuse
llama_kv_cache: - layer  12: no reuse
llama_kv_cache: - layer  13: no reuse
llama_kv_cache: - layer  14: no reuse
llama_kv_cache: - layer  15: no reuse
llama_kv_cache: - layer  16: no reuse
llama_kv_cache: - layer  17: no reuse
llama_kv_cache: - layer  18: no reuse
llama_kv_cache: - layer  19: no reuse
llama_kv_cache: - layer  20: no reuse
llama_kv_cache: - layer  21: no reuse
llama_kv_cache: - layer  22: no reuse
llama_kv_cache: - layer  23: no reuse
llama_kv_cache: - layer  24: no reuse
llama_kv_cache: - layer  25: no reuse
llama_kv_cache: - layer  26: no reuse
llama_kv_cache: - layer  27: no reuse
llama_kv_cache: - layer  28: no reuse
llama_kv_cache: - layer  29: no reuse
llama_kv_cache: - layer  30: no reuse
llama_kv_cache: - layer  31: no reuse
llama_kv_cache: - layer  32: no reuse
llama_kv_cache: - layer  33: no reuse
llama_kv_cache: - layer  34: no reuse
llama_kv_cache: - layer  35: no reuse
llama_kv_cache: - layer  36: no reuse
llama_kv_cache: - layer  37: no reuse
llama_kv_cache: - layer  38: no reuse
llama_kv_cache: - layer  39: no reuse
llama_kv_cache: - layer  40: no reuse
llama_kv_cache: - layer  41: no reuse
llama_kv_cache: - layer  42: no reuse
llama_kv_cache: - layer  43: no reuse
llama_kv_cache: - layer  44: no reuse
llama_kv_cache: - layer  45: no reuse
llama_kv_cache: - layer  46: no reuse
llama_kv_cache: - layer  47: no reuse
llama_kv_cache:      CUDA0 KV buffer size =    80.00 MiB
llama_kv_cache: size =   80.00 MiB (  2048 cells,   8 layers,  1/1 seqs), K (f16):   16.00 MiB, V (f16):   64.00 MiB
llama_kv_cache: attn_rot_k = 0, n_embd_head_k_all = 512
llama_kv_cache: attn_rot_v = 0, n_embd_head_k_all = 512
llama_kv_cache_iswa: creating     SWA KV cache, size = 2048 cells
llama_kv_cache: the V embeddings have different sizes across layers and FA is not enabled - padding V cache to 2048
llama_kv_cache: layer   0: dev = CUDA0
llama_kv_cache: layer   1: dev = CUDA0
llama_kv_cache: layer   2: dev = CUDA0
llama_kv_cache: layer   3: dev = CUDA0
llama_kv_cache: layer   4: dev = CUDA0
llama_kv_cache: layer   5: filtered
llama_kv_cache: layer   6: dev = CUDA0
llama_kv_cache: layer   7: dev = CUDA0
llama_kv_cache: layer   8: dev = CUDA0
llama_kv_cache: layer   9: dev = CUDA0
llama_kv_cache: layer  10: dev = CUDA0
llama_kv_cache: layer  11: filtered
llama_kv_cache: layer  12: dev = CUDA0
llama_kv_cache: layer  13: dev = CUDA0
llama_kv_cache: layer  14: dev = CUDA0
llama_kv_cache: layer  15: dev = CUDA0
llama_kv_cache: layer  16: dev = CUDA0
llama_kv_cache: layer  17: filtered
llama_kv_cache: layer  18: dev = CUDA0
llama_kv_cache: layer  19: dev = CUDA0
llama_kv_cache: layer  20: dev = CUDA0
llama_kv_cache: layer  21: dev = CUDA0
llama_kv_cache: layer  22: dev = CUDA0
llama_kv_cache: layer  23: filtered
llama_kv_cache: layer  24: dev = CUDA0
llama_kv_cache: layer  25: dev = CUDA0
llama_kv_cache: layer  26: dev = CUDA0
llama_kv_cache: layer  27: dev = CUDA0
llama_kv_cache: layer  28: dev = CUDA0
llama_kv_cache: layer  29: filtered
llama_kv_cache: layer  30: dev = CUDA0
llama_kv_cache: layer  31: dev = CUDA0
llama_kv_cache: layer  32: dev = CUDA0
llama_kv_cache: layer  33: dev = CUDA0
llama_kv_cache: layer  34: dev = CUDA0
llama_kv_cache: layer  35: filtered
llama_kv_cache: layer  36: dev = CUDA0
llama_kv_cache: layer  37: dev = CUDA0
llama_kv_cache: layer  38: dev = CUDA0
llama_kv_cache: layer  39: dev = CUDA0
llama_kv_cache: layer  40: dev = CUDA0
llama_kv_cache: layer  41: filtered
llama_kv_cache: layer  42: dev = CUDA0
llama_kv_cache: layer  43: dev = CUDA0
llama_kv_cache: layer  44: dev = CUDA0
llama_kv_cache: layer  45: dev = CUDA0
llama_kv_cache: layer  46: dev = CUDA0
llama_kv_cache: layer  47: filtered
llama_kv_cache: reusing layers:
llama_kv_cache: - layer   0: no reuse
llama_kv_cache: - layer   1: no reuse
llama_kv_cache: - layer   2: no reuse
llama_kv_cache: - layer   3: no reuse
llama_kv_cache: - layer   4: no reuse
llama_kv_cache: - layer   5: no reuse
llama_kv_cache: - layer   6: no reuse
llama_kv_cache: - layer   7: no reuse
llama_kv_cache: - layer   8: no reuse
llama_kv_cache: - layer   9: no reuse
llama_kv_cache: - layer  10: no reuse
llama_kv_cache: - layer  11: no reuse
llama_kv_cache: - layer  12: no reuse
llama_kv_cache: - layer  13: no reuse
llama_kv_cache: - layer  14: no reuse
llama_kv_cache: - layer  15: no reuse
llama_kv_cache: - layer  16: no reuse
llama_kv_cache: - layer  17: no reuse
llama_kv_cache: - layer  18: no reuse
llama_kv_cache: - layer  19: no reuse
llama_kv_cache: - layer  20: no reuse
llama_kv_cache: - layer  21: no reuse
llama_kv_cache: - layer  22: no reuse
llama_kv_cache: - layer  23: no reuse
llama_kv_cache: - layer  24: no reuse
llama_kv_cache: - layer  25: no reuse
llama_kv_cache: - layer  26: no reuse
llama_kv_cache: - layer  27: no reuse
llama_kv_cache: - layer  28: no reuse
llama_kv_cache: - layer  29: no reuse
llama_kv_cache: - layer  30: no reuse
llama_kv_cache: - layer  31: no reuse
llama_kv_cache: - layer  32: no reuse
llama_kv_cache: - layer  33: no reuse
llama_kv_cache: - layer  34: no reuse
llama_kv_cache: - layer  35: no reuse
llama_kv_cache: - layer  36: no reuse
llama_kv_cache: - layer  37: no reuse
llama_kv_cache: - layer  38: no reuse
llama_kv_cache: - layer  39: no reuse
llama_kv_cache: - layer  40: no reuse
llama_kv_cache: - layer  41: no reuse
llama_kv_cache: - layer  42: no reuse
llama_kv_cache: - layer  43: no reuse
llama_kv_cache: - layer  44: no reuse
llama_kv_cache: - layer  45: no reuse
llama_kv_cache: - layer  46: no reuse
llama_kv_cache: - layer  47: no reuse
llama_kv_cache:      CUDA0 KV buffer size =   640.00 MiB
llama_kv_cache: size =  640.00 MiB (  2048 cells,  40 layers,  1/1 seqs), K (f16):  320.00 MiB, V (f16):  320.00 MiB
llama_kv_cache: attn_rot_k = 0, n_embd_head_k_all = 256
llama_kv_cache: attn_rot_v = 0, n_embd_head_k_all = 256
llama_context: enumerating backends
llama_context: backend_ptrs.size() = 2
sched_reserve: reserving ...
sched_reserve: max_nodes = 5344
sched_reserve: reserving full memory module
sched_reserve: worst-case: n_tokens = 128, n_seqs = 1, n_outputs = 1
resolve_fused_ops: resolving fused Gated Delta Net support:
graph_reserve: reserving a graph for ubatch with n_tokens =    1, n_seqs =  1, n_outputs =    1
ggml_cuda_graph_set_enabled: disabling CUDA graphs due to GPU architecture
resolve_fused_ops: fused Gated Delta Net (autoregressive) enabled
graph_reserve: reserving a graph for ubatch with n_tokens =   16, n_seqs =  1, n_outputs =   16
resolve_fused_ops: fused Gated Delta Net (chunked) enabled
resolve_fused_ops: resolving fused Lightning Indexer support:
graph_reserve: reserving a graph for ubatch with n_tokens =    1, n_seqs =  1, n_outputs =    1
resolve_fused_ops: Lightning Indexer enabled
graph_reserve: reserving a graph for ubatch with n_tokens =  128, n_seqs =  1, n_outputs =  128
graph_reserve: reserving a graph for ubatch with n_tokens =    1, n_seqs =  1, n_outputs =    1
graph_reserve: reserving a graph for ubatch with n_tokens =  128, n_seqs =  1, n_outputs =  128
sched_reserve:      CUDA0 compute buffer size =   132.75 MiB
sched_reserve:  CUDA_Host compute buffer size =     9.75 MiB
sched_reserve: graph nodes  = 2218
sched_reserve: graph splits = 2
sched_reserve: reserve took 18.23 ms, sched copies = 1
CUDA : ARCHS = 600,610,700,750,800,860,890,900 | FORCE_MMQ = 1 | USE_GRAPHS = 1 | CPU : SSE3 = 1 | SSSE3 = 1 | AVX = 1 | AVX2 = 1 | F16C = 1 | FMA = 1 | LLAMAFILE = 1 | OPENMP = 1 | REPACK = 1 | 
Model metadata: {'gemma4.attention.layer_norm_rms_epsilon': '0.000001', 'general.sampling.top_p': '0.950000', 'general.name': 'Gemma 4 12B It', 'general.architecture': 'gemma4', 'tokenizer.ggml.mask_token_id': '4', 'general.type': 'model', 'general.sampling.top_k': '64', 'general.base_model.0.repo_url': 'https://huggingface.co/google/gemma-4-12B', 'general.sampling.temp': '1.000000', 'general.basename': 'gemma-4', 'general.finetune': 'it', 'general.size_label': '12B', 'general.license': 'apache-2.0', 'general.license.link': 'https://ai.google.dev/gemma/docs/gemma_4_license', 'general.base_model.count': '1', 'general.base_model.0.name': 'Gemma 4 12B', 'general.base_model.0.organization': 'Google', 'gemma4.block_count': '48', 'tokenizer.ggml.add_space_prefix': 'false', 'gemma4.rope.dimension_count_swa': '256', 'gemma4.context_length': '131072', 'gemma4.embedding_length': '3840', 'gemma4.attention.sliding_window': '1024', 'gemma4.feed_forward_length': '15360', 'gemma4.attention.key_length_swa': '256', 'gemma4.attention.head_count': '16', 'gemma4.rope.freq_base': '1000000.000000', 'gemma4.rope.dimension_count': '512', 'gemma4.rope.freq_base_swa': '10000.000000', 'gemma4.attention.key_length': '512', 'gemma4.attention.value_length': '512', 'gemma4.final_logit_softcapping': '30.000000', 'tokenizer.ggml.padding_token_id': '0', 'gemma4.attention.shared_kv_layers': '0', 'gemma4.embedding_length_per_layer_input': '0', 'quantize.imatrix.entries_count': '328', 'gemma4.attention.value_length_swa': '256', 'tokenizer.ggml.model': 'gemma4', 'general.quantization_version': '2', 'tokenizer.ggml.bos_token_id': '2', 'general.file_type': '15', 'tokenizer.ggml.eos_token_id': '1', 'tokenizer.ggml.unknown_token_id': '3', 'tokenizer.ggml.add_bos_token': 'true', 'quantize.imatrix.chunks_count': '886', 'quantize.imatrix.file': '/models_out/gemma-4-12B-it-GGUF/gemma-4-12B-it-imatrix.gguf', 'quantize.imatrix.dataset': '/training_dir/calibration_datav5.txt', 'tokenizer.chat_template': '{#\n  Template: Google Gemma 4 Canonical Chat Template\n  Author: Google Gemma Engineering Team\n  Published: 2026-07-09\n  Context: Fixed tool-calling loops, turn closures, and thinking content-ordering.\n#}\n{%- macro format_parameters(properties, required, filter_keys=false) -%}\n    {%- set standard_keys = [\'description\', \'type\', \'properties\', \'required\', \'nullable\'] -%}\n    {%- set ns = namespace(found_first=false) -%}\n    {%- for key, value in properties | dictsort -%}\n        {%- set add_comma = false -%}\n        {%- if not filter_keys or key not in standard_keys -%}\n            {%- if ns.found_first %},{% endif -%}\n            {%- set ns.found_first = true -%}\n            {{ key }}:{\n            {%- if value[\'description\'] -%}\n                description:<|"|>{{ value[\'description\'] }}<|"|>\n                {%- set add_comma = true -%}\n            {%- endif -%}\n            {%- if value[\'type\'] | upper == \'STRING\' -%}\n                {%- if value[\'enum\'] -%}\n                    {%- if add_comma %},{%- else -%} {%- set add_comma = true -%} {% endif -%}\n                    enum:{{ format_argument(value[\'enum\']) }}\n                {%- endif -%}\n            {%- elif value[\'type\'] | upper == \'ARRAY\' -%}\n                {%- if value[\'items\'] is mapping and value[\'items\'] -%}\n                    {%- if add_comma %},{%- else -%} {%- set add_comma = true -%} {% endif -%}\n                    items:{\n                    {%- set ns_items = namespace(found_first=false) -%}\n                    {%- for item_key, item_value in value[\'items\'] | dictsort -%}\n                        {%- if item_value is not none -%}\n                            {%- if ns_items.found_first %},{% endif -%}\n                            {%- set ns_items.found_first = true -%}\n                            {%- if item_key == \'properties\' -%}\n                                properties:{\n                                {%- if item_value is mapping -%}\n                                    {{- format_parameters(item_value, value[\'items\'][\'required\'] | default([])) -}}\n                                {%- endif -%}\n                                }\n                            {%- elif item_key == \'required\' -%}\n                                required:[\n                                {%- for req_item in item_value -%}\n                                    <|"|>{{- req_item -}}<|"|>\n                                    {%- if not loop.last %},{% endif -%}\n                                {%- endfor -%}\n                                ]\n                            {%- elif item_key == \'type\' -%}\n                                {%- if item_value is string -%}\n                                    type:{{ format_argument(item_value | upper) }}\n                                {%- else -%}\n                                    type:{{ format_argument(item_value | map(\'upper\') | list) }}\n                                {%- endif -%}\n                            {%- else -%}\n                                {{ item_key }}:{{ format_argument(item_value) }}\n                            {%- endif -%}\n                        {%- endif -%}\n                    {%- endfor -%}\n                    }\n                {%- endif -%}\n            {%- endif -%}\n            {%- if value[\'nullable\'] %}\n                {%- if add_comma %},{%- else -%} {%- set add_comma = true -%} {% endif -%}\n                nullable:true\n            {%- endif -%}\n            {%- if value[\'type\'] | upper == \'OBJECT\' -%}\n                {%- if value[\'properties\'] is defined and value[\'properties\'] is mapping -%}\n                    {%- if add_comma %},{%- else -%} {%- set add_comma = true -%} {% endif -%}\n                    properties:{\n                    {{- format_parameters(value[\'properties\'], value[\'required\'] | default([])) -}}\n                    }\n                {%- elif value is mapping -%}\n                    {%- if add_comma %},{%- else -%} {%- set add_comma = true -%} {% endif -%}\n                    properties:{\n                    {{- format_parameters(value, value[\'required\'] | default([]), filter_keys=true) -}}\n                    }\n                {%- endif -%}\n                {%- if value[\'required\'] -%}\n                    {%- if add_comma %},{%- else -%} {%- set add_comma = true -%} {% endif -%}\n                    required:[\n                    {%- for item in value[\'required\'] | default([]) -%}\n                        <|"|>{{- item -}}<|"|>\n                        {%- if not loop.last %},{% endif -%}\n                    {%- endfor -%}\n                    ]\n                {%- endif -%}\n            {%- endif -%}\n            {%- if add_comma %},{%- else -%} {%- set add_comma = true -%} {% endif -%}\n            type:<|"|>{{ value[\'type\'] | upper }}<|"|>}\n        {%- endif -%}\n    {%- endfor -%}\n{%- endmacro -%}\n{%- macro format_function_declaration(tool_data) -%}\n    declaration:{{- tool_data[\'function\'][\'name\'] -}}{description:<|"|>{{- tool_data[\'function\'][\'description\'] -}}<|"|>\n    {%- set params = tool_data[\'function\'][\'parameters\'] -%}\n    {%- if params -%}\n        ,parameters:{\n        {%- if params[\'properties\'] -%}\n            properties:{ {{- format_parameters(params[\'properties\'], params[\'required\']) -}} },\n        {%- endif -%}\n        {%- if params[\'required\'] -%}\n            required:[\n            {%- for item in params[\'required\'] -%}\n                <|"|>{{- item -}}<|"|>\n                {{- \',\' if not loop.last -}}\n            {%- endfor -%}\n            ],\n        {%- endif -%}\n        {%- if params[\'type\'] -%}\n            type:<|"|>{{- params[\'type\'] | upper -}}<|"|>}\n        {%- endif -%}\n    {%- endif -%}\n    {%- if \'response\' in tool_data[\'function\'] -%}\n        {%- set response_declaration = tool_data[\'function\'][\'response\'] -%}\n        ,response:{\n        {%- if response_declaration[\'description\'] -%}\n            description:<|"|>{{- response_declaration[\'description\'] -}}<|"|>,\n        {%- endif -%}\n        {%- if response_declaration[\'type\'] | upper == \'OBJECT\' -%}\n            type:<|"|>{{- response_declaration[\'type\'] | upper -}}<|"|>}\n        {%- endif -%}\n    {%- endif -%}\n    }\n{%- endmacro -%}\n{%- macro format_argument(argument, escape_keys=True) -%}\n    {%- if argument is none -%}\n        {{- \'null\' -}}\n    {%- elif argument is string -%}\n        {{- \'<|"|>\' + argument + \'<|"|>\' -}}\n    {%- elif argument is boolean -%}\n        {{- \'true\' if argument else \'false\' -}}\n    {%- elif argument is mapping -%}\n        {{- \'{\' -}}\n        {%- set ns = namespace(found_first=false) -%}\n        {%- for key, value in argument | dictsort -%}\n            {%- if ns.found_first %},{% endif -%}\n            {%- set ns.found_first = true -%}\n            {%- if escape_keys -%}\n                {{- \'<|"|>\' + key + \'<|"|>\' -}}\n            {%- else -%}\n                {{- key -}}\n            {%- endif -%}\n            :{{- format_argument(value, escape_keys=escape_keys) -}}\n        {%- endfor -%}\n        {{- \'}\' -}}\n    {%- elif argument is sequence -%}\n        {{- \'[\' -}}\n        {%- for item in argument -%}\n            {{- format_argument(item, escape_keys=escape_keys) -}}\n            {%- if not loop.last %},{% endif -%}\n        {%- endfor -%}\n        {{- \']\' -}}\n    {%- else -%}\n        {{- argument -}}\n    {%- endif -%}\n{%- endmacro -%}\n{%- macro strip_thinking(text) -%}\n    {%- set ns = namespace(result=\'\') -%}\n    {%- for part in text.split(\'<channel|>\') -%}\n        {%- if \'<|channel>\' in part -%}\n            {%- set ns.result = ns.result + part.split(\'<|channel>\')[0] -%}\n        {%- else -%}\n            {%- set ns.result = ns.result + part -%}\n        {%- endif -%}\n    {%- endfor -%}\n    {{- ns.result | trim -}}\n{%- endmacro -%}\n\n{%- macro format_tool_response_block(tool_name, response) -%}\n    {{- \'<|tool_response>\' -}}\n    {%- if response is mapping -%}\n        {{- \'response:\' + tool_name + \'{\' -}}\n        {%- for key, value in response | dictsort -%}\n            {{- key -}}:{{- format_argument(value, escape_keys=False) -}}\n            {%- if not loop.last %},{% endif -%}\n        {%- endfor -%}\n        {{- \'}\' -}}\n    {%- else -%}\n        {{- \'response:\' + tool_name + \'{value:\' + format_argument(response, escape_keys=False) + \'}\' -}}\n    {%- endif -%}\n    {{- \'<tool_response|>\' -}}\n{%- endmacro -%}\n\n{#- ===== SETUP ===== -#}\n{%- set ns = namespace(prev_message_type=None, prev_non_tool_role=None) -%}\n{%- set loop_messages = messages -%}\n{%- set enable_thinking = enable_thinking | default(false) -%}\n{%- set preserve_thinking = preserve_thinking | default(false) -%}\n{{- bos_token -}}\n{#- Handle System/Tool Definitions Block -#}\n{%- if enable_thinking or tools or (messages and messages[0][\'role\'] in [\'system\', \'developer\']) -%}\n    {{- \'<|turn>system\\n\' -}}\n    {#- Inject Thinking token at the very top of the FIRST system turn -#}\n    {%- if enable_thinking -%}\n        {{- \'<|think|>\\n\' -}}\n        {%- set ns.prev_message_type = \'think\' -%}\n    {%- endif -%}\n    {%- if messages and messages[0][\'role\'] in [\'system\', \'developer\'] -%}\n        {%- if messages[0][\'content\'] is string -%}\n            {{- messages[0][\'content\'] | trim -}}\n        {%- elif messages[0][\'content\'] is sequence -%}\n            {%- for item in messages[0][\'content\'] -%}\n                {{- item[\'text\'] | trim + \' \'-}}\n            {%- endfor -%}\n        {%- endif -%}\n        {%- set loop_messages = messages[1:] -%}\n    {%- endif -%}\n    {%- if tools -%}\n        {%- for tool in tools %}\n            {{- \'<|tool>\' -}}\n            {{- format_function_declaration(tool) | trim -}}\n            {{- \'<tool|>\' -}}\n        {%- endfor %}\n        {%- set ns.prev_message_type = \'tool\' -%}\n    {%- endif -%}\n    {{- \'<turn|>\\n\' -}}\n{%- endif %}\n\n{#- Pre-scan: find last user message index for reasoning guard -#}\n{%- set ns_turn = namespace(last_user_idx=-1) -%}\n{%- for i in range(loop_messages | length) -%}\n    {%- if loop_messages[i][\'role\'] == \'user\' -%}\n        {%- set ns_turn.last_user_idx = i -%}\n    {%- endif -%}\n{%- endfor -%}\n\n{#- Loop through messages -#}\n{%- for message in loop_messages -%}\n    {%- if message[\'role\'] != \'tool\' -%}\n    {%- set ns.prev_message_type = None -%}\n    {%- set role = \'model\' if message[\'role\'] == \'assistant\' else message[\'role\'] -%}\n    {#- Detect continuation using tracked state — O(1) instead of O(n) backward scan -#}\n    {%- set continue_same_model_turn = (role == \'model\' and ns.prev_non_tool_role == \'assistant\') -%}\n    {%- if not continue_same_model_turn -%}\n        {{- \'<|turn>\' + role + \'\\n\' }}\n\n    {%- endif -%}\n\n    {#- Render reasoning/reasoning_content as thinking channel -#}\n    {%- set thinking_text = message.get(\'reasoning\') or message.get(\'reasoning_content\') -%}\n    {%- set thinking_gate = (loop.index0 > ns_turn.last_user_idx) or (preserve_thinking and message.get(\'tool_calls\')) -%}\n    {%- if thinking_text and thinking_gate -%}\n        {{- \'<|channel>thought\\n\' + thinking_text + \'\\n<channel|>\' -}}\n    {%- endif -%}\n\n            {%- if message.get(\'tool_calls\') -%}\n                {%- for tool_call in message.get(\'tool_calls\') -%}\n                    {%- set function = tool_call[\'function\'] -%}\n                    {{- \'<|tool_call>call:\' + function[\'name\'] + \'{\' -}}\n                    {%- if function[\'arguments\'] is mapping -%}\n                        {%- set ns_args = namespace(found_first=false) -%}\n                        {%- for key, value in function[\'arguments\'] | dictsort -%}\n                            {%- if ns_args.found_first %},{% endif -%}\n                            {%- set ns_args.found_first = true -%}\n                            {{- key -}}:{{- format_argument(value, escape_keys=False) -}}\n                        {%- endfor -%}\n                    {%- elif function[\'arguments\'] is none -%}\n                    {%- else -%}\n                        {{- raise_exception(\n                            "chat_template: tool_calls[].function.arguments must be a "\n                            "JSON object (mapping), not a string. Deserialize arguments "\n                            "before passing to the template."\n                        ) -}}\n                    {%- endif -%}\n                    {{- \'}<tool_call|>\' -}}\n                {%- endfor -%}\n                {%- set ns.prev_message_type = \'tool_call\' -%}\n            {%- endif -%}\n\n            {%- set ns_tr_out = namespace(flag=false) -%}\n            {%- if message.get(\'tool_responses\') -%}\n                {#- Legacy: tool_responses embedded on the assistant message (Google/Gemma native) -#}\n                {%- for tool_response in message.get(\'tool_responses\') -%}\n                    {{- format_tool_response_block(tool_response[\'name\'] | default(\'unknown\', true), tool_response[\'response\']) -}}\n                    {%- set ns_tr_out.flag = true -%}\n                    {%- set ns.prev_message_type = \'tool_response\' -%}\n                {%- endfor -%}\n            {%- elif message.get(\'tool_calls\') -%}\n                {#- OpenAI Chat Completions: forward-scan consecutive role:tool messages -#}\n                {%- set ns_tool_scan = namespace(stopped=false) -%}\n                {%- for k in range(loop.index0 + 1, loop_messages | length) -%}\n                    {%- if ns_tool_scan.stopped -%}\n                    {%- elif loop_messages[k][\'role\'] != \'tool\' -%}\n                        {%- set ns_tool_scan.stopped = true -%}\n                    {%- else -%}\n                        {%- set follow = loop_messages[k] -%}\n                        {#- Resolve tool_call_id to function name -#}\n                        {%- set ns_tname = namespace(name=follow.get(\'name\') or \'unknown\') -%}\n                        {%- for tc in message.get(\'tool_calls\') -%}\n                            {%- if tc.get(\'id\') == follow.get(\'tool_call_id\') -%}\n                                {%- set ns_tname.name = tc[\'function\'][\'name\'] -%}\n                            {%- endif -%}\n                        {%- endfor -%}\n                        {#- Handle content as string or content-parts array -#}\n                        {%- set tool_body = follow.get(\'content\') -%}\n                        {%- if tool_body is string -%}\n                            {{- format_tool_response_block(ns_tname.name, tool_body) -}}\n                        {%- elif tool_body is sequence and tool_body is not string -%}\n                            {%- set ns_txt = namespace(s=\'\') -%}\n                            {%- for part in tool_body -%}\n                                {%- if part.get(\'type\') == \'text\' -%}\n                                    {%- set ns_txt.s = ns_txt.s + (part.get(\'text\') | default(\'\')) -%}\n                                {%- endif -%}\n                            {%- endfor -%}\n                            {{- format_tool_response_block(ns_tname.name, ns_txt.s) -}}\n                            {%- for part in tool_body -%}\n                                {%- if part.get(\'type\') in [\'image\', \'image_url\'] -%}\n                                    {{- \'<|image|>\' -}}\n                                {%- elif part.get(\'type\') in [\'audio\', \'input_audio\'] -%}\n                                    {{- \'<|audio|>\' -}}\n                                {%- elif part.get(\'type\') == \'video\' -%}\n                                    {{- \'<|video|>\' -}}\n                                {%- endif -%}\n                            {%- endfor -%}\n                        {%- else -%}\n                            {{- format_tool_response_block(ns_tname.name, tool_body) -}}\n                        {%- endif -%}\n                        {%- set ns_tr_out.flag = true -%}\n                        {%- set ns.prev_message_type = \'tool_response\' -%}\n                    {%- endif -%}\n                {%- endfor -%}\n            {%- endif -%}\n\n            {%- set captured_content -%}\n            {%- if message.get(\'content\') is string -%}\n                {%- if role == \'model\' -%}\n                    {{- strip_thinking(message[\'content\']) -}}\n                {%- else -%}\n                    {{- message[\'content\'] | trim -}}\n                {%- endif -%}\n            {%- elif message.get(\'content\') is sequence -%}\n                {%- for item in message[\'content\'] -%}\n                    {%- if item.get(\'type\') == \'text\' -%}\n                        {%- if role == \'model\' -%}\n                            {{- strip_thinking(item[\'text\']) -}}\n                        {%- else -%}\n                            {{- item[\'text\'] | trim -}}\n                        {%- endif -%}\n                    {%- elif item.get(\'type\') in [\'image\', \'image_url\'] -%}\n                        {{- \'<|image|>\' -}}\n                    {%- elif item.get(\'type\') in [\'audio\', \'input_audio\'] -%}\n                        {{- \'<|audio|>\' -}}\n                    {%- elif item.get(\'type\') == \'video\' -%}\n                        {{- \'<|video|>\' -}}\n                    {%- endif -%}\n                {%- endfor -%}\n            {%- endif -%}\n            {%- endset -%}\n\n            {{- captured_content -}}\n            {%- set has_content = captured_content | trim | length > 0 -%}\n\n        {#- Forward-scan: find next non-tool message role for continuation detection -#}\n        {%- set next_nt = namespace(role=None, found=false) -%}\n        {%- for j in range(loop.index0 + 1, loop_messages | length) -%}\n            {%- if not next_nt.found -%}\n                {%- if loop_messages[j][\'role\'] != \'tool\' -%}\n                    {%- set next_nt.role = loop_messages[j][\'role\'] -%}\n                    {%- set next_nt.found = true -%}\n                {%- endif -%}\n            {%- endif -%}\n        {%- endfor -%}\n\n        {%- set continues_into_next = (\n            role == \'model\'\n            and next_nt.role == \'assistant\'\n            and (not message.get(\'tool_calls\') or ns_tr_out.flag)\n        ) -%}\n\n        {%- if ns.prev_message_type == \'tool_call\' and not ns_tr_out.flag -%}\n            {{- \'<|tool_response>\' -}}\n        {%- elif continues_into_next -%}\n        {%- elif not (ns_tr_out.flag and not has_content and not next_nt.found) -%}\n            {{- \'<turn|>\\n\' -}}\n        {%- endif -%}\n\n    {#- Track previous non-tool role for next iteration (avoids O(n) backward scan) -#}\n    {%- set ns.prev_non_tool_role = message[\'role\'] -%}\n    {%- endif -%}\n{%- endfor -%}\n\n{%- if add_generation_prompt -%}\n    {%- if ns.prev_message_type != \'tool_response\' and ns.prev_message_type != \'tool_call\' -%}\n        {{- \'<|turn>model\\n\' -}}\n        {%- if not enable_thinking -%}\n            {{- \'<|channel>thought\\n<channel|>\' -}}\n        {%- endif -%}\n    {%- elif ns.prev_message_type == \'tool_response\' and enable_thinking -%}\n        {{- \'<|channel>thought\\n\' -}}\n    {%- endif -%}\n{%- endif -%}\n'}
Available chat formats from metadata: chat_template.default
Using gguf chat template: {#
  Template: Google Gemma 4 Canonical Chat Template
  Author: Google Gemma Engineering Team
  Published: 2026-07-09
  Context: Fixed tool-calling loops, turn closures, and thinking content-ordering.
#}
{%- macro format_parameters(properties, required, filter_keys=false) -%}
    {%- set standard_keys = ['description', 'type', 'properties', 'required', 'nullable'] -%}
    {%- set ns = namespace(found_first=false) -%}
    {%- for key, value in properties | dictsort -%}
        {%- set add_comma = false -%}
        {%- if not filter_keys or key not in standard_keys -%}
            {%- if ns.found_first %},{% endif -%}
            {%- set ns.found_first = true -%}
            {{ key }}:{
            {%- if value['description'] -%}
                description:<|"|>{{ value['description'] }}<|"|>
                {%- set add_comma = true -%}
            {%- endif -%}
            {%- if value['type'] | upper == 'STRING' -%}
                {%- if value['enum'] -%}
                    {%- if add_comma %},{%- else -%} {%- set add_comma = true -%} {% endif -%}
                    enum:{{ format_argument(value['enum']) }}
                {%- endif -%}
            {%- elif value['type'] | upper == 'ARRAY' -%}
                {%- if value['items'] is mapping and value['items'] -%}
                    {%- if add_comma %},{%- else -%} {%- set add_comma = true -%} {% endif -%}
                    items:{
                    {%- set ns_items = namespace(found_first=false) -%}
                    {%- for item_key, item_value in value['items'] | dictsort -%}
                        {%- if item_value is not none -%}
                            {%- if ns_items.found_first %},{% endif -%}
                            {%- set ns_items.found_first = true -%}
                            {%- if item_key == 'properties' -%}
                                properties:{
                                {%- if item_value is mapping -%}
                                    {{- format_parameters(item_value, value['items']['required'] | default([])) -}}
                                {%- endif -%}
                                }
                            {%- elif item_key == 'required' -%}
                                required:[
                                {%- for req_item in item_value -%}
                                    <|"|>{{- req_item -}}<|"|>
                                    {%- if not loop.last %},{% endif -%}
                                {%- endfor -%}
                                ]
                            {%- elif item_key == 'type' -%}
                                {%- if item_value is string -%}
                                    type:{{ format_argument(item_value | upper) }}
                                {%- else -%}
                                    type:{{ format_argument(item_value | map('upper') | list) }}
                                {%- endif -%}
                            {%- else -%}
                                {{ item_key }}:{{ format_argument(item_value) }}
                            {%- endif -%}
                        {%- endif -%}
                    {%- endfor -%}
                    }
                {%- endif -%}
            {%- endif -%}
            {%- if value['nullable'] %}
                {%- if add_comma %},{%- else -%} {%- set add_comma = true -%} {% endif -%}
                nullable:true
            {%- endif -%}
            {%- if value['type'] | upper == 'OBJECT' -%}
                {%- if value['properties'] is defined and value['properties'] is mapping -%}
                    {%- if add_comma %},{%- else -%} {%- set add_comma = true -%} {% endif -%}
                    properties:{
                    {{- format_parameters(value['properties'], value['required'] | default([])) -}}
                    }
                {%- elif value is mapping -%}
                    {%- if add_comma %},{%- else -%} {%- set add_comma = true -%} {% endif -%}
                    properties:{
                    {{- format_parameters(value, value['required'] | default([]), filter_keys=true) -}}
                    }
                {%- endif -%}
                {%- if value['required'] -%}
                    {%- if add_comma %},{%- else -%} {%- set add_comma = true -%} {% endif -%}
                    required:[
                    {%- for item in value['required'] | default([]) -%}
                        <|"|>{{- item -}}<|"|>
                        {%- if not loop.last %},{% endif -%}
                    {%- endfor -%}
                    ]
                {%- endif -%}
            {%- endif -%}
            {%- if add_comma %},{%- else -%} {%- set add_comma = true -%} {% endif -%}
            type:<|"|>{{ value['type'] | upper }}<|"|>}
        {%- endif -%}
    {%- endfor -%}
{%- endmacro -%}
{%- macro format_function_declaration(tool_data) -%}
    declaration:{{- tool_data['function']['name'] -}}{description:<|"|>{{- tool_data['function']['description'] -}}<|"|>
    {%- set params = tool_data['function']['parameters'] -%}
    {%- if params -%}
        ,parameters:{
        {%- if params['properties'] -%}
            properties:{ {{- format_parameters(params['properties'], params['required']) -}} },
        {%- endif -%}
        {%- if params['required'] -%}
            required:[
            {%- for item in params['required'] -%}
                <|"|>{{- item -}}<|"|>
                {{- ',' if not loop.last -}}
            {%- endfor -%}
            ],
        {%- endif -%}
        {%- if params['type'] -%}
            type:<|"|>{{- params['type'] | upper -}}<|"|>}
        {%- endif -%}
    {%- endif -%}
    {%- if 'response' in tool_data['function'] -%}
        {%- set response_declaration = tool_data['function']['response'] -%}
        ,response:{
        {%- if response_declaration['description'] -%}
            description:<|"|>{{- response_declaration['description'] -}}<|"|>,
        {%- endif -%}
        {%- if response_declaration['type'] | upper == 'OBJECT' -%}
            type:<|"|>{{- response_declaration['type'] | upper -}}<|"|>}
        {%- endif -%}
    {%- endif -%}
    }
{%- endmacro -%}
{%- macro format_argument(argument, escape_keys=True) -%}
    {%- if argument is none -%}
        {{- 'null' -}}
    {%- elif argument is string -%}
        {{- '<|"|>' + argument + '<|"|>' -}}
    {%- elif argument is boolean -%}
        {{- 'true' if argument else 'false' -}}
    {%- elif argument is mapping -%}
        {{- '{' -}}
        {%- set ns = namespace(found_first=false) -%}
        {%- for key, value in argument | dictsort -%}
            {%- if ns.found_first %},{% endif -%}
            {%- set ns.found_first = true -%}
            {%- if escape_keys -%}
                {{- '<|"|>' + key + '<|"|>' -}}
            {%- else -%}
                {{- key -}}
            {%- endif -%}
            :{{- format_argument(value, escape_keys=escape_keys) -}}
        {%- endfor -%}
        {{- '}' -}}
    {%- elif argument is sequence -%}
        {{- '[' -}}
        {%- for item in argument -%}
            {{- format_argument(item, escape_keys=escape_keys) -}}
            {%- if not loop.last %},{% endif -%}
        {%- endfor -%}
        {{- ']' -}}
    {%- else -%}
        {{- argument -}}
    {%- endif -%}
{%- endmacro -%}
{%- macro strip_thinking(text) -%}
    {%- set ns = namespace(result='') -%}
    {%- for part in text.split('<channel|>') -%}
        {%- if '<|channel>' in part -%}
            {%- set ns.result = ns.result + part.split('<|channel>')[0] -%}
        {%- else -%}
            {%- set ns.result = ns.result + part -%}
        {%- endif -%}
    {%- endfor -%}
    {{- ns.result | trim -}}
{%- endmacro -%}

{%- macro format_tool_response_block(tool_name, response) -%}
    {{- '<|tool_response>' -}}
    {%- if response is mapping -%}
        {{- 'response:' + tool_name + '{' -}}
        {%- for key, value in response | dictsort -%}
            {{- key -}}:{{- format_argument(value, escape_keys=False) -}}
            {%- if not loop.last %},{% endif -%}
        {%- endfor -%}
        {{- '}' -}}
    {%- else -%}
        {{- 'response:' + tool_name + '{value:' + format_argument(response, escape_keys=False) + '}' -}}
    {%- endif -%}
    {{- '<tool_response|>' -}}
{%- endmacro -%}

{#- ===== SETUP ===== -#}
{%- set ns = namespace(prev_message_type=None, prev_non_tool_role=None) -%}
{%- set loop_messages = messages -%}
{%- set enable_thinking = enable_thinking | default(false) -%}
{%- set preserve_thinking = preserve_thinking | default(false) -%}
{{- bos_token -}}
{#- Handle System/Tool Definitions Block -#}
{%- if enable_thinking or tools or (messages and messages[0]['role'] in ['system', 'developer']) -%}
    {{- '<|turn>system\n' -}}
    {#- Inject Thinking token at the very top of the FIRST system turn -#}
    {%- if enable_thinking -%}
        {{- '<|think|>\n' -}}
        {%- set ns.prev_message_type = 'think' -%}
    {%- endif -%}
    {%- if messages and messages[0]['role'] in ['system', 'developer'] -%}
        {%- if messages[0]['content'] is string -%}
            {{- messages[0]['content'] | trim -}}
        {%- elif messages[0]['content'] is sequence -%}
            {%- for item in messages[0]['content'] -%}
                {{- item['text'] | trim + ' '-}}
            {%- endfor -%}
        {%- endif -%}
        {%- set loop_messages = messages[1:] -%}
    {%- endif -%}
    {%- if tools -%}
        {%- for tool in tools %}
            {{- '<|tool>' -}}
            {{- format_function_declaration(tool) | trim -}}
            {{- '<tool|>' -}}
        {%- endfor %}
        {%- set ns.prev_message_type = 'tool' -%}
    {%- endif -%}
    {{- '<turn|>\n' -}}
{%- endif %}

{#- Pre-scan: find last user message index for reasoning guard -#}
{%- set ns_turn = namespace(last_user_idx=-1) -%}
{%- for i in range(loop_messages | length) -%}
    {%- if loop_messages[i]['role'] == 'user' -%}
        {%- set ns_turn.last_user_idx = i -%}
    {%- endif -%}
{%- endfor -%}

{#- Loop through messages -#}
{%- for message in loop_messages -%}
    {%- if message['role'] != 'tool' -%}
    {%- set ns.prev_message_type = None -%}
    {%- set role = 'model' if message['role'] == 'assistant' else message['role'] -%}
    {#- Detect continuation using tracked state — O(1) instead of O(n) backward scan -#}
    {%- set continue_same_model_turn = (role == 'model' and ns.prev_non_tool_role == 'assistant') -%}
    {%- if not continue_same_model_turn -%}
        {{- '<|turn>' + role + '\n' }}

    {%- endif -%}

    {#- Render reasoning/reasoning_content as thinking channel -#}
    {%- set thinking_text = message.get('reasoning') or message.get('reasoning_content') -%}
    {%- set thinking_gate = (loop.index0 > ns_turn.last_user_idx) or (preserve_thinking and message.get('tool_calls')) -%}
    {%- if thinking_text and thinking_gate -%}
        {{- '<|channel>thought\n' + thinking_text + '\n<channel|>' -}}
    {%- endif -%}

            {%- if message.get('tool_calls') -%}
                {%- for tool_call in message.get('tool_calls') -%}
                    {%- set function = tool_call['function'] -%}
                    {{- '<|tool_call>call:' + function['name'] + '{' -}}
                    {%- if function['arguments'] is mapping -%}
                        {%- set ns_args = namespace(found_first=false) -%}
                        {%- for key, value in function['arguments'] | dictsort -%}
                            {%- if ns_args.found_first %},{% endif -%}
                            {%- set ns_args.found_first = true -%}
                            {{- key -}}:{{- format_argument(value, escape_keys=False) -}}
                        {%- endfor -%}
                    {%- elif function['arguments'] is none -%}
                    {%- else -%}
                        {{- raise_exception(
                            "chat_template: tool_calls[].function.arguments must be a "
                            "JSON object (mapping), not a string. Deserialize arguments "
                            "before passing to the template."
                        ) -}}
                    {%- endif -%}
                    {{- '}<tool_call|>' -}}
                {%- endfor -%}
                {%- set ns.prev_message_type = 'tool_call' -%}
            {%- endif -%}

            {%- set ns_tr_out = namespace(flag=false) -%}
            {%- if message.get('tool_responses') -%}
                {#- Legacy: tool_responses embedded on the assistant message (Google/Gemma native) -#}
                {%- for tool_response in message.get('tool_responses') -%}
                    {{- format_tool_response_block(tool_response['name'] | default('unknown', true), tool_response['response']) -}}
                    {%- set ns_tr_out.flag = true -%}
                    {%- set ns.prev_message_type = 'tool_response' -%}
                {%- endfor -%}
            {%- elif message.get('tool_calls') -%}
                {#- OpenAI Chat Completions: forward-scan consecutive role:tool messages -#}
                {%- set ns_tool_scan = namespace(stopped=false) -%}
                {%- for k in range(loop.index0 + 1, loop_messages | length) -%}
                    {%- if ns_tool_scan.stopped -%}
                    {%- elif loop_messages[k]['role'] != 'tool' -%}
                        {%- set ns_tool_scan.stopped = true -%}
                    {%- else -%}
                        {%- set follow = loop_messages[k] -%}
                        {#- Resolve tool_call_id to function name -#}
                        {%- set ns_tname = namespace(name=follow.get('name') or 'unknown') -%}
                        {%- for tc in message.get('tool_calls') -%}
                            {%- if tc.get('id') == follow.get('tool_call_id') -%}
                                {%- set ns_tname.name = tc['function']['name'] -%}
                            {%- endif -%}
                        {%- endfor -%}
                        {#- Handle content as string or content-parts array -#}
                        {%- set tool_body = follow.get('content') -%}
                        {%- if tool_body is string -%}
                            {{- format_tool_response_block(ns_tname.name, tool_body) -}}
                        {%- elif tool_body is sequence and tool_body is not string -%}
                            {%- set ns_txt = namespace(s='') -%}
                            {%- for part in tool_body -%}
                                {%- if part.get('type') == 'text' -%}
                                    {%- set ns_txt.s = ns_txt.s + (part.get('text') | default('')) -%}
                                {%- endif -%}
                            {%- endfor -%}
                            {{- format_tool_response_block(ns_tname.name, ns_txt.s) -}}
                            {%- for part in tool_body -%}
                                {%- if part.get('type') in ['image', 'image_url'] -%}
                                    {{- '<|image|>' -}}
                                {%- elif part.get('type') in ['audio', 'input_audio'] -%}
                                    {{- '<|audio|>' -}}
                                {%- elif part.get('type') == 'video' -%}
                                    {{- '<|video|>' -}}
                                {%- endif -%}
                            {%- endfor -%}
                        {%- else -%}
                            {{- format_tool_response_block(ns_tname.name, tool_body) -}}
                        {%- endif -%}
                        {%- set ns_tr_out.flag = true -%}
                        {%- set ns.prev_message_type = 'tool_response' -%}
                    {%- endif -%}
                {%- endfor -%}
            {%- endif -%}

            {%- set captured_content -%}
            {%- if message.get('content') is string -%}
                {%- if role == 'model' -%}
                    {{- strip_thinking(message['content']) -}}
                {%- else -%}
                    {{- message['content'] | trim -}}
                {%- endif -%}
            {%- elif message.get('content') is sequence -%}
                {%- for item in message['content'] -%}
                    {%- if item.get('type') == 'text' -%}
                        {%- if role == 'model' -%}
                            {{- strip_thinking(item['text']) -}}
                        {%- else -%}
                            {{- item['text'] | trim -}}
                        {%- endif -%}
                    {%- elif item.get('type') in ['image', 'image_url'] -%}
                        {{- '<|image|>' -}}
                    {%- elif item.get('type') in ['audio', 'input_audio'] -%}
                        {{- '<|audio|>' -}}
                    {%- elif item.get('type') == 'video' -%}
                        {{- '<|video|>' -}}
                    {%- endif -%}
                {%- endfor -%}
            {%- endif -%}
            {%- endset -%}

            {{- captured_content -}}
            {%- set has_content = captured_content | trim | length > 0 -%}

        {#- Forward-scan: find next non-tool message role for continuation detection -#}
        {%- set next_nt = namespace(role=None, found=false) -%}
        {%- for j in range(loop.index0 + 1, loop_messages | length) -%}
            {%- if not next_nt.found -%}
                {%- if loop_messages[j]['role'] != 'tool' -%}
                    {%- set next_nt.role = loop_messages[j]['role'] -%}
                    {%- set next_nt.found = true -%}
                {%- endif -%}
            {%- endif -%}
        {%- endfor -%}

        {%- set continues_into_next = (
            role == 'model'
            and next_nt.role == 'assistant'
            and (not message.get('tool_calls') or ns_tr_out.flag)
        ) -%}

        {%- if ns.prev_message_type == 'tool_call' and not ns_tr_out.flag -%}
            {{- '<|tool_response>' -}}
        {%- elif continues_into_next -%}
        {%- elif not (ns_tr_out.flag and not has_content and not next_nt.found) -%}
            {{- '<turn|>\n' -}}
        {%- endif -%}

    {#- Track previous non-tool role for next iteration (avoids O(n) backward scan) -#}
    {%- set ns.prev_non_tool_role = message['role'] -%}
    {%- endif -%}
{%- endfor -%}

{%- if add_generation_prompt -%}
    {%- if ns.prev_message_type != 'tool_response' and ns.prev_message_type != 'tool_call' -%}
        {{- '<|turn>model\n' -}}
        {%- if not enable_thinking -%}
            {{- '<|channel>thought\n<channel|>' -}}
        {%- endif -%}
    {%- elif ns.prev_message_type == 'tool_response' and enable_thinking -%}
        {{- '<|channel>thought\n' -}}
    {%- endif -%}
{%- endif -%}

Using chat eos_token: <eos>
Using chat bos_token: <bos>
ggml_cuda_graph_set_enabled: disabling CUDA graphs due to GPU architecture
llama_perf_context_print:        load time =    2862.70 ms
llama_perf_context_print: prompt eval time =    2861.51 ms /  1107 tokens (    2.58 ms per token,   386.86 tokens per second)
llama_perf_context_print:        eval time =   10516.49 ms /   242 runs   (   43.46 ms per token,    23.01 tokens per second)
llama_perf_context_print:       total time =   13546.79 ms /  1349 tokens
llama_perf_context_print:    graphs reused =        240
Llama.generate: 39 prefix-match hit, remaining 1340 prompt tokens to eval
ggml_cuda_graph_set_enabled: disabling CUDA graphs due to GPU architecture
llama_perf_context_print:        load time =    2862.70 ms
llama_perf_context_print: prompt eval time =    3050.08 ms /  1340 tokens (    2.28 ms per token,   439.33 tokens per second)
llama_perf_context_print:        eval time =   13131.42 ms /   296 runs   (   44.36 ms per token,    22.54 tokens per second)
llama_perf_context_print:       total time =   16391.99 ms /  1636 tokens
llama_perf_context_print:    graphs reused =        294
Llama.generate: 2 prefix-match hit, remaining 16 prompt tokens to eval
ggml_cuda_graph_set_enabled: disabling CUDA graphs due to GPU architecture
llama_perf_context_print:        load time =    2862.70 ms
llama_perf_context_print: prompt eval time =     330.60 ms /    16 tokens (   20.66 ms per token,    48.40 tokens per second)
llama_perf_context_print:        eval time =   20047.19 ms /   511 runs   (   39.23 ms per token,    25.49 tokens per second)
llama_perf_context_print:       total time =   20804.24 ms /   527 tokens
llama_perf_context_print:    graphs reused =        508
~llama_context:      CUDA0 compute buffer size is 132.7500 MiB, matches expectation of 132.7500 MiB
~llama_context:  CUDA_Host compute buffer size is   9.7534 MiB, matches expectation of   9.7534 MiB
Loading gemma-3-1b-it-Q4_K_M.gguf with -1 GPU layers.
llama_model_loader: loaded meta data with 38 key-value pairs and 340 tensors from E:\Software Engineering Stuff\CS 157A\RAGdoll-AI-Assistant-Architecture-CS157A-Team5-Database-Project\models\models\gemma-3-1b-it-Q4_K_M.gguf (version GGUF V3 (latest))
llama_model_loader: Dumping metadata keys/values. Note: KV overrides do not apply in this output.
llama_model_loader: - kv   0:                       general.architecture str              = gemma3
llama_model_loader: - kv   1:                               general.type str              = model
llama_model_loader: - kv   2:                               general.name str              = Gemma 3 1b It
llama_model_loader: - kv   3:                           general.finetune str              = it
llama_model_loader: - kv   4:                           general.basename str              = gemma-3
llama_model_loader: - kv   5:                         general.size_label str              = 1B
llama_model_loader: - kv   6:                            general.license str              = gemma
llama_model_loader: - kv   7:                   general.base_model.count u32              = 1
llama_model_loader: - kv   8:                  general.base_model.0.name str              = Gemma 3 1b Pt
llama_model_loader: - kv   9:          general.base_model.0.organization str              = Google
llama_model_loader: - kv  10:              general.base_model.0.repo_url str              = https://huggingface.co/google/gemma-3...
llama_model_loader: - kv  11:                               general.tags arr[str,1]       = ["text-generation"]
llama_model_loader: - kv  12:                      gemma3.context_length u32              = 32768
llama_model_loader: - kv  13:                    gemma3.embedding_length u32              = 1152
llama_model_loader: - kv  14:                         gemma3.block_count u32              = 26
llama_model_loader: - kv  15:                 gemma3.feed_forward_length u32              = 6912
llama_model_loader: - kv  16:                gemma3.attention.head_count u32              = 4
llama_model_loader: - kv  17:    gemma3.attention.layer_norm_rms_epsilon f32              = 0.000001
llama_model_loader: - kv  18:                gemma3.attention.key_length u32              = 256
llama_model_loader: - kv  19:              gemma3.attention.value_length u32              = 256
llama_model_loader: - kv  20:                      gemma3.rope.freq_base f32              = 1000000.000000
llama_model_loader: - kv  21:            gemma3.attention.sliding_window u32              = 512
llama_model_loader: - kv  22:             gemma3.attention.head_count_kv u32              = 1
llama_model_loader: - kv  23:                       tokenizer.ggml.model str              = llama
llama_model_loader: - kv  24:                         tokenizer.ggml.pre str              = default
llama_model_loader: - kv  25:                      tokenizer.ggml.tokens arr[str,262144]  = ["<pad>", "<eos>", "<bos>", "<unk>", ...
llama_model_loader: - kv  26:                      tokenizer.ggml.scores arr[f32,262144]  = [-1000.000000, -1000.000000, -1000.00...
llama_model_loader: - kv  27:                  tokenizer.ggml.token_type arr[i32,262144]  = [3, 3, 3, 3, 3, 4, 3, 3, 3, 3, 3, 3, ...
llama_model_loader: - kv  28:                tokenizer.ggml.bos_token_id u32              = 2
llama_model_loader: - kv  29:                tokenizer.ggml.eos_token_id u32              = 1
llama_model_loader: - kv  30:            tokenizer.ggml.unknown_token_id u32              = 3
llama_model_loader: - kv  31:            tokenizer.ggml.padding_token_id u32              = 0
llama_model_loader: - kv  32:               tokenizer.ggml.add_bos_token bool             = true
llama_model_loader: - kv  33:               tokenizer.ggml.add_eos_token bool             = false
llama_model_loader: - kv  34:                    tokenizer.chat_template str              = {{ bos_token }}\n{%- if messages[0]['r...
llama_model_loader: - kv  35:            tokenizer.ggml.add_space_prefix bool             = false
llama_model_loader: - kv  36:               general.quantization_version u32              = 2
llama_model_loader: - kv  37:                          general.file_type u32              = 15
llama_model_loader: - type  f32:  157 tensors
llama_model_loader: - type q5_0:  117 tensors
llama_model_loader: - type q8_0:   14 tensors
llama_model_loader: - type q4_K:   39 tensors
llama_model_loader: - type q6_K:   13 tensors
print_info: file format = GGUF V3 (latest)
print_info: file type   = Q4_K - Medium
print_info: file size   = 762.49 MiB (6.40 BPW) 
llama_prepare_model_devices: using device CUDA0 (NVIDIA GeForce GTX 1080 Ti) (0000:08:00.0) - 9703 MiB free
init_tokenizer: initializing tokenizer for type 1
load: 6242 unused tokens
load: control token:      0 '<pad>' is not marked as EOG
load: control token:      3 '<unk>' is not marked as EOG
load: control token:      2 '<bos>' is not marked as EOG
load: control token:      4 '<mask>' is not marked as EOG
load: control token:    105 '<start_of_turn>' is not marked as EOG
load: control-looking token:    212 '</s>' was not control-type; this is probably a bug in the model. its type will be overridden
load: control token: 255999 '<start_of_image>' is not marked as EOG
load: control token: 256000 '<end_of_image>' is not marked as EOG
load: printing all EOG tokens:
load:   - 1 ('<eos>')
load:   - 106 ('<end_of_turn>')
load:   - 212 ('</s>')
load: special tokens cache size = 6414
load: token to piece cache size = 1.9446 MB
print_info: arch                  = gemma3
print_info: vocab_only            = 0
print_info: no_alloc              = 0
print_info: n_ctx_train           = 32768
print_info: n_embd_inp            = 1152
print_info: n_embd                = 1152
print_info: n_embd_out            = 1152
print_info: n_layer               = 26
print_info: n_layer_all           = 26
print_info: n_head                = 4
print_info: n_head_kv             = 1
print_info: n_rot                 = 256
print_info: n_swa                 = 512
print_info: is_swa_any            = 1
print_info: n_embd_head_k         = 256
print_info: n_embd_head_v         = 256
print_info: n_gqa                 = 4
print_info: n_embd_k_gqa          = 256
print_info: n_embd_v_gqa          = 256
print_info: f_norm_eps            = 0.0e+00
print_info: f_norm_rms_eps        = 1.0e-06
print_info: f_clamp_kqv           = 0.0e+00
print_info: f_max_alibi_bias      = 0.0e+00
print_info: f_logit_scale         = 0.0e+00
print_info: f_attn_scale          = 6.2e-02
print_info: f_attn_value_scale    = 0.0000
print_info: n_ff                  = 6912
print_info: n_expert              = 0
print_info: n_expert_used         = 0
print_info: n_expert_groups       = 0
print_info: n_group_used          = 0
print_info: causal attn           = 1
print_info: pooling type          = -1
print_info: rope type             = 2
print_info: rope scaling          = linear
print_info: freq_base_train       = 1000000.0
print_info: freq_scale_train      = 1
print_info: freq_base_swa         = 10000.0
print_info: freq_scale_swa        = 1
print_info: n_embd_head_k_swa     = 256
print_info: n_embd_head_v_swa     = 256
print_info: n_rot_swa             = 256
print_info: n_ctx_orig_yarn       = 32768
print_info: rope_yarn_log_mul     = 0.0000
print_info: rope_finetuned        = unknown
print_info: model type            = 1B
print_info: model params          = 999.89 M
print_info: general.name          = Gemma 3 1b It
print_info: vocab type            = SPM
print_info: n_vocab               = 262144
print_info: n_merges              = 0
print_info: BOS token             = 2 '<bos>'
print_info: EOS token             = 1 '<eos>'
print_info: EOT token             = 106 '<end_of_turn>'
print_info: UNK token             = 3 '<unk>'
print_info: PAD token             = 0 '<pad>'
print_info: LF token              = 248 '<0x0A>'
print_info: EOG token             = 1 '<eos>'
print_info: EOG token             = 106 '<end_of_turn>'
print_info: EOG token             = 212 '</s>'
print_info: max token length      = 48
load_tensors: loading model tensors, this can take a while... (mmap = true, direct_io = false)
load_tensors: layer   0 assigned to device CUDA0, is_swa = 1
load_tensors: layer   1 assigned to device CUDA0, is_swa = 1
load_tensors: layer   2 assigned to device CUDA0, is_swa = 1
load_tensors: layer   3 assigned to device CUDA0, is_swa = 1
load_tensors: layer   4 assigned to device CUDA0, is_swa = 1
load_tensors: layer   5 assigned to device CUDA0, is_swa = 0
load_tensors: layer   6 assigned to device CUDA0, is_swa = 1
load_tensors: layer   7 assigned to device CUDA0, is_swa = 1
load_tensors: layer   8 assigned to device CUDA0, is_swa = 1
load_tensors: layer   9 assigned to device CUDA0, is_swa = 1
load_tensors: layer  10 assigned to device CUDA0, is_swa = 1
load_tensors: layer  11 assigned to device CUDA0, is_swa = 0
load_tensors: layer  12 assigned to device CUDA0, is_swa = 1
load_tensors: layer  13 assigned to device CUDA0, is_swa = 1
load_tensors: layer  14 assigned to device CUDA0, is_swa = 1
load_tensors: layer  15 assigned to device CUDA0, is_swa = 1
load_tensors: layer  16 assigned to device CUDA0, is_swa = 1
load_tensors: layer  17 assigned to device CUDA0, is_swa = 0
load_tensors: layer  18 assigned to device CUDA0, is_swa = 1
load_tensors: layer  19 assigned to device CUDA0, is_swa = 1
load_tensors: layer  20 assigned to device CUDA0, is_swa = 1
load_tensors: layer  21 assigned to device CUDA0, is_swa = 1
load_tensors: layer  22 assigned to device CUDA0, is_swa = 1
load_tensors: layer  23 assigned to device CUDA0, is_swa = 0
load_tensors: layer  24 assigned to device CUDA0, is_swa = 1
load_tensors: layer  25 assigned to device CUDA0, is_swa = 1
load_tensors: layer  26 assigned to device CUDA0, is_swa = 0
create_tensor: loading tensor token_embd.weight
create_tensor: loading tensor output_norm.weight
create_tensor: loading tensor token_embd.weight
create_tensor: loading tensor blk.0.attn_norm.weight
create_tensor: loading tensor blk.0.attn_q.weight
create_tensor: loading tensor blk.0.attn_k.weight
create_tensor: loading tensor blk.0.attn_v.weight
create_tensor: loading tensor blk.0.attn_output.weight
create_tensor: loading tensor blk.0.post_attention_norm.weight
create_tensor: loading tensor blk.0.attn_k_norm.weight
create_tensor: loading tensor blk.0.attn_q_norm.weight
create_tensor: loading tensor blk.0.ffn_norm.weight
create_tensor: loading tensor blk.0.ffn_gate.weight
create_tensor: loading tensor blk.0.ffn_up.weight
create_tensor: loading tensor blk.0.ffn_down.weight
create_tensor: loading tensor blk.0.post_ffw_norm.weight
create_tensor: loading tensor blk.1.attn_norm.weight
create_tensor: loading tensor blk.1.attn_q.weight
create_tensor: loading tensor blk.1.attn_k.weight
create_tensor: loading tensor blk.1.attn_v.weight
create_tensor: loading tensor blk.1.attn_output.weight
create_tensor: loading tensor blk.1.post_attention_norm.weight
create_tensor: loading tensor blk.1.attn_k_norm.weight
create_tensor: loading tensor blk.1.attn_q_norm.weight
create_tensor: loading tensor blk.1.ffn_norm.weight
create_tensor: loading tensor blk.1.ffn_gate.weight
create_tensor: loading tensor blk.1.ffn_up.weight
create_tensor: loading tensor blk.1.ffn_down.weight
create_tensor: loading tensor blk.1.post_ffw_norm.weight
create_tensor: loading tensor blk.2.attn_norm.weight
create_tensor: loading tensor blk.2.attn_q.weight
create_tensor: loading tensor blk.2.attn_k.weight
create_tensor: loading tensor blk.2.attn_v.weight
create_tensor: loading tensor blk.2.attn_output.weight
create_tensor: loading tensor blk.2.post_attention_norm.weight
create_tensor: loading tensor blk.2.attn_k_norm.weight
create_tensor: loading tensor blk.2.attn_q_norm.weight
create_tensor: loading tensor blk.2.ffn_norm.weight
create_tensor: loading tensor blk.2.ffn_gate.weight
create_tensor: loading tensor blk.2.ffn_up.weight
create_tensor: loading tensor blk.2.ffn_down.weight
create_tensor: loading tensor blk.2.post_ffw_norm.weight
create_tensor: loading tensor blk.3.attn_norm.weight
create_tensor: loading tensor blk.3.attn_q.weight
create_tensor: loading tensor blk.3.attn_k.weight
create_tensor: loading tensor blk.3.attn_v.weight
create_tensor: loading tensor blk.3.attn_output.weight
create_tensor: loading tensor blk.3.post_attention_norm.weight
create_tensor: loading tensor blk.3.attn_k_norm.weight
create_tensor: loading tensor blk.3.attn_q_norm.weight
create_tensor: loading tensor blk.3.ffn_norm.weight
create_tensor: loading tensor blk.3.ffn_gate.weight
create_tensor: loading tensor blk.3.ffn_up.weight
create_tensor: loading tensor blk.3.ffn_down.weight
create_tensor: loading tensor blk.3.post_ffw_norm.weight
create_tensor: loading tensor blk.4.attn_norm.weight
create_tensor: loading tensor blk.4.attn_q.weight
create_tensor: loading tensor blk.4.attn_k.weight
create_tensor: loading tensor blk.4.attn_v.weight
create_tensor: loading tensor blk.4.attn_output.weight
create_tensor: loading tensor blk.4.post_attention_norm.weight
create_tensor: loading tensor blk.4.attn_k_norm.weight
create_tensor: loading tensor blk.4.attn_q_norm.weight
create_tensor: loading tensor blk.4.ffn_norm.weight
create_tensor: loading tensor blk.4.ffn_gate.weight
create_tensor: loading tensor blk.4.ffn_up.weight
create_tensor: loading tensor blk.4.ffn_down.weight
create_tensor: loading tensor blk.4.post_ffw_norm.weight
create_tensor: loading tensor blk.5.attn_norm.weight
create_tensor: loading tensor blk.5.attn_q.weight
create_tensor: loading tensor blk.5.attn_k.weight
create_tensor: loading tensor blk.5.attn_v.weight
create_tensor: loading tensor blk.5.attn_output.weight
create_tensor: loading tensor blk.5.post_attention_norm.weight
create_tensor: loading tensor blk.5.attn_k_norm.weight
create_tensor: loading tensor blk.5.attn_q_norm.weight
create_tensor: loading tensor blk.5.ffn_norm.weight
create_tensor: loading tensor blk.5.ffn_gate.weight
create_tensor: loading tensor blk.5.ffn_up.weight
create_tensor: loading tensor blk.5.ffn_down.weight
create_tensor: loading tensor blk.5.post_ffw_norm.weight
create_tensor: loading tensor blk.6.attn_norm.weight
create_tensor: loading tensor blk.6.attn_q.weight
create_tensor: loading tensor blk.6.attn_k.weight
create_tensor: loading tensor blk.6.attn_v.weight
create_tensor: loading tensor blk.6.attn_output.weight
create_tensor: loading tensor blk.6.post_attention_norm.weight
create_tensor: loading tensor blk.6.attn_k_norm.weight
create_tensor: loading tensor blk.6.attn_q_norm.weight
create_tensor: loading tensor blk.6.ffn_norm.weight
create_tensor: loading tensor blk.6.ffn_gate.weight
create_tensor: loading tensor blk.6.ffn_up.weight
create_tensor: loading tensor blk.6.ffn_down.weight
create_tensor: loading tensor blk.6.post_ffw_norm.weight
create_tensor: loading tensor blk.7.attn_norm.weight
create_tensor: loading tensor blk.7.attn_q.weight
create_tensor: loading tensor blk.7.attn_k.weight
create_tensor: loading tensor blk.7.attn_v.weight
create_tensor: loading tensor blk.7.attn_output.weight
create_tensor: loading tensor blk.7.post_attention_norm.weight
create_tensor: loading tensor blk.7.attn_k_norm.weight
create_tensor: loading tensor blk.7.attn_q_norm.weight
create_tensor: loading tensor blk.7.ffn_norm.weight
create_tensor: loading tensor blk.7.ffn_gate.weight
create_tensor: loading tensor blk.7.ffn_up.weight
create_tensor: loading tensor blk.7.ffn_down.weight
create_tensor: loading tensor blk.7.post_ffw_norm.weight
create_tensor: loading tensor blk.8.attn_norm.weight
create_tensor: loading tensor blk.8.attn_q.weight
create_tensor: loading tensor blk.8.attn_k.weight
create_tensor: loading tensor blk.8.attn_v.weight
create_tensor: loading tensor blk.8.attn_output.weight
create_tensor: loading tensor blk.8.post_attention_norm.weight
create_tensor: loading tensor blk.8.attn_k_norm.weight
create_tensor: loading tensor blk.8.attn_q_norm.weight
create_tensor: loading tensor blk.8.ffn_norm.weight
create_tensor: loading tensor blk.8.ffn_gate.weight
create_tensor: loading tensor blk.8.ffn_up.weight
create_tensor: loading tensor blk.8.ffn_down.weight
create_tensor: loading tensor blk.8.post_ffw_norm.weight
create_tensor: loading tensor blk.9.attn_norm.weight
create_tensor: loading tensor blk.9.attn_q.weight
create_tensor: loading tensor blk.9.attn_k.weight
create_tensor: loading tensor blk.9.attn_v.weight
create_tensor: loading tensor blk.9.attn_output.weight
create_tensor: loading tensor blk.9.post_attention_norm.weight
create_tensor: loading tensor blk.9.attn_k_norm.weight
create_tensor: loading tensor blk.9.attn_q_norm.weight
create_tensor: loading tensor blk.9.ffn_norm.weight
create_tensor: loading tensor blk.9.ffn_gate.weight
create_tensor: loading tensor blk.9.ffn_up.weight
create_tensor: loading tensor blk.9.ffn_down.weight
create_tensor: loading tensor blk.9.post_ffw_norm.weight
create_tensor: loading tensor blk.10.attn_norm.weight
create_tensor: loading tensor blk.10.attn_q.weight
create_tensor: loading tensor blk.10.attn_k.weight
create_tensor: loading tensor blk.10.attn_v.weight
create_tensor: loading tensor blk.10.attn_output.weight
create_tensor: loading tensor blk.10.post_attention_norm.weight
create_tensor: loading tensor blk.10.attn_k_norm.weight
create_tensor: loading tensor blk.10.attn_q_norm.weight
create_tensor: loading tensor blk.10.ffn_norm.weight
create_tensor: loading tensor blk.10.ffn_gate.weight
create_tensor: loading tensor blk.10.ffn_up.weight
create_tensor: loading tensor blk.10.ffn_down.weight
create_tensor: loading tensor blk.10.post_ffw_norm.weight
create_tensor: loading tensor blk.11.attn_norm.weight
create_tensor: loading tensor blk.11.attn_q.weight
create_tensor: loading tensor blk.11.attn_k.weight
create_tensor: loading tensor blk.11.attn_v.weight
create_tensor: loading tensor blk.11.attn_output.weight
create_tensor: loading tensor blk.11.post_attention_norm.weight
create_tensor: loading tensor blk.11.attn_k_norm.weight
create_tensor: loading tensor blk.11.attn_q_norm.weight
create_tensor: loading tensor blk.11.ffn_norm.weight
create_tensor: loading tensor blk.11.ffn_gate.weight
create_tensor: loading tensor blk.11.ffn_up.weight
create_tensor: loading tensor blk.11.ffn_down.weight
create_tensor: loading tensor blk.11.post_ffw_norm.weight
create_tensor: loading tensor blk.12.attn_norm.weight
create_tensor: loading tensor blk.12.attn_q.weight
create_tensor: loading tensor blk.12.attn_k.weight
create_tensor: loading tensor blk.12.attn_v.weight
create_tensor: loading tensor blk.12.attn_output.weight
create_tensor: loading tensor blk.12.post_attention_norm.weight
create_tensor: loading tensor blk.12.attn_k_norm.weight
create_tensor: loading tensor blk.12.attn_q_norm.weight
create_tensor: loading tensor blk.12.ffn_norm.weight
create_tensor: loading tensor blk.12.ffn_gate.weight
create_tensor: loading tensor blk.12.ffn_up.weight
create_tensor: loading tensor blk.12.ffn_down.weight
create_tensor: loading tensor blk.12.post_ffw_norm.weight
create_tensor: loading tensor blk.13.attn_norm.weight
create_tensor: loading tensor blk.13.attn_q.weight
create_tensor: loading tensor blk.13.attn_k.weight
create_tensor: loading tensor blk.13.attn_v.weight
create_tensor: loading tensor blk.13.attn_output.weight
create_tensor: loading tensor blk.13.post_attention_norm.weight
create_tensor: loading tensor blk.13.attn_k_norm.weight
create_tensor: loading tensor blk.13.attn_q_norm.weight
create_tensor: loading tensor blk.13.ffn_norm.weight
create_tensor: loading tensor blk.13.ffn_gate.weight
create_tensor: loading tensor blk.13.ffn_up.weight
create_tensor: loading tensor blk.13.ffn_down.weight
create_tensor: loading tensor blk.13.post_ffw_norm.weight
create_tensor: loading tensor blk.14.attn_norm.weight
create_tensor: loading tensor blk.14.attn_q.weight
create_tensor: loading tensor blk.14.attn_k.weight
create_tensor: loading tensor blk.14.attn_v.weight
create_tensor: loading tensor blk.14.attn_output.weight
create_tensor: loading tensor blk.14.post_attention_norm.weight
create_tensor: loading tensor blk.14.attn_k_norm.weight
create_tensor: loading tensor blk.14.attn_q_norm.weight
create_tensor: loading tensor blk.14.ffn_norm.weight
create_tensor: loading tensor blk.14.ffn_gate.weight
create_tensor: loading tensor blk.14.ffn_up.weight
create_tensor: loading tensor blk.14.ffn_down.weight
create_tensor: loading tensor blk.14.post_ffw_norm.weight
create_tensor: loading tensor blk.15.attn_norm.weight
create_tensor: loading tensor blk.15.attn_q.weight
create_tensor: loading tensor blk.15.attn_k.weight
create_tensor: loading tensor blk.15.attn_v.weight
create_tensor: loading tensor blk.15.attn_output.weight
create_tensor: loading tensor blk.15.post_attention_norm.weight
create_tensor: loading tensor blk.15.attn_k_norm.weight
create_tensor: loading tensor blk.15.attn_q_norm.weight
create_tensor: loading tensor blk.15.ffn_norm.weight
create_tensor: loading tensor blk.15.ffn_gate.weight
create_tensor: loading tensor blk.15.ffn_up.weight
create_tensor: loading tensor blk.15.ffn_down.weight
create_tensor: loading tensor blk.15.post_ffw_norm.weight
create_tensor: loading tensor blk.16.attn_norm.weight
create_tensor: loading tensor blk.16.attn_q.weight
create_tensor: loading tensor blk.16.attn_k.weight
create_tensor: loading tensor blk.16.attn_v.weight
create_tensor: loading tensor blk.16.attn_output.weight
create_tensor: loading tensor blk.16.post_attention_norm.weight
create_tensor: loading tensor blk.16.attn_k_norm.weight
create_tensor: loading tensor blk.16.attn_q_norm.weight
create_tensor: loading tensor blk.16.ffn_norm.weight
create_tensor: loading tensor blk.16.ffn_gate.weight
create_tensor: loading tensor blk.16.ffn_up.weight
create_tensor: loading tensor blk.16.ffn_down.weight
create_tensor: loading tensor blk.16.post_ffw_norm.weight
create_tensor: loading tensor blk.17.attn_norm.weight
create_tensor: loading tensor blk.17.attn_q.weight
create_tensor: loading tensor blk.17.attn_k.weight
create_tensor: loading tensor blk.17.attn_v.weight
create_tensor: loading tensor blk.17.attn_output.weight
create_tensor: loading tensor blk.17.post_attention_norm.weight
create_tensor: loading tensor blk.17.attn_k_norm.weight
create_tensor: loading tensor blk.17.attn_q_norm.weight
create_tensor: loading tensor blk.17.ffn_norm.weight
create_tensor: loading tensor blk.17.ffn_gate.weight
create_tensor: loading tensor blk.17.ffn_up.weight
create_tensor: loading tensor blk.17.ffn_down.weight
create_tensor: loading tensor blk.17.post_ffw_norm.weight
create_tensor: loading tensor blk.18.attn_norm.weight
create_tensor: loading tensor blk.18.attn_q.weight
create_tensor: loading tensor blk.18.attn_k.weight
create_tensor: loading tensor blk.18.attn_v.weight
create_tensor: loading tensor blk.18.attn_output.weight
create_tensor: loading tensor blk.18.post_attention_norm.weight
create_tensor: loading tensor blk.18.attn_k_norm.weight
create_tensor: loading tensor blk.18.attn_q_norm.weight
create_tensor: loading tensor blk.18.ffn_norm.weight
create_tensor: loading tensor blk.18.ffn_gate.weight
create_tensor: loading tensor blk.18.ffn_up.weight
create_tensor: loading tensor blk.18.ffn_down.weight
create_tensor: loading tensor blk.18.post_ffw_norm.weight
create_tensor: loading tensor blk.19.attn_norm.weight
create_tensor: loading tensor blk.19.attn_q.weight
create_tensor: loading tensor blk.19.attn_k.weight
create_tensor: loading tensor blk.19.attn_v.weight
create_tensor: loading tensor blk.19.attn_output.weight
create_tensor: loading tensor blk.19.post_attention_norm.weight
create_tensor: loading tensor blk.19.attn_k_norm.weight
create_tensor: loading tensor blk.19.attn_q_norm.weight
create_tensor: loading tensor blk.19.ffn_norm.weight
create_tensor: loading tensor blk.19.ffn_gate.weight
create_tensor: loading tensor blk.19.ffn_up.weight
create_tensor: loading tensor blk.19.ffn_down.weight
create_tensor: loading tensor blk.19.post_ffw_norm.weight
create_tensor: loading tensor blk.20.attn_norm.weight
create_tensor: loading tensor blk.20.attn_q.weight
create_tensor: loading tensor blk.20.attn_k.weight
create_tensor: loading tensor blk.20.attn_v.weight
create_tensor: loading tensor blk.20.attn_output.weight
create_tensor: loading tensor blk.20.post_attention_norm.weight
create_tensor: loading tensor blk.20.attn_k_norm.weight
create_tensor: loading tensor blk.20.attn_q_norm.weight
create_tensor: loading tensor blk.20.ffn_norm.weight
create_tensor: loading tensor blk.20.ffn_gate.weight
create_tensor: loading tensor blk.20.ffn_up.weight
create_tensor: loading tensor blk.20.ffn_down.weight
create_tensor: loading tensor blk.20.post_ffw_norm.weight
create_tensor: loading tensor blk.21.attn_norm.weight
create_tensor: loading tensor blk.21.attn_q.weight
create_tensor: loading tensor blk.21.attn_k.weight
create_tensor: loading tensor blk.21.attn_v.weight
create_tensor: loading tensor blk.21.attn_output.weight
create_tensor: loading tensor blk.21.post_attention_norm.weight
create_tensor: loading tensor blk.21.attn_k_norm.weight
create_tensor: loading tensor blk.21.attn_q_norm.weight
create_tensor: loading tensor blk.21.ffn_norm.weight
create_tensor: loading tensor blk.21.ffn_gate.weight
create_tensor: loading tensor blk.21.ffn_up.weight
create_tensor: loading tensor blk.21.ffn_down.weight
create_tensor: loading tensor blk.21.post_ffw_norm.weight
create_tensor: loading tensor blk.22.attn_norm.weight
create_tensor: loading tensor blk.22.attn_q.weight
create_tensor: loading tensor blk.22.attn_k.weight
create_tensor: loading tensor blk.22.attn_v.weight
create_tensor: loading tensor blk.22.attn_output.weight
create_tensor: loading tensor blk.22.post_attention_norm.weight
create_tensor: loading tensor blk.22.attn_k_norm.weight
create_tensor: loading tensor blk.22.attn_q_norm.weight
create_tensor: loading tensor blk.22.ffn_norm.weight
create_tensor: loading tensor blk.22.ffn_gate.weight
create_tensor: loading tensor blk.22.ffn_up.weight
create_tensor: loading tensor blk.22.ffn_down.weight
create_tensor: loading tensor blk.22.post_ffw_norm.weight
create_tensor: loading tensor blk.23.attn_norm.weight
create_tensor: loading tensor blk.23.attn_q.weight
create_tensor: loading tensor blk.23.attn_k.weight
create_tensor: loading tensor blk.23.attn_v.weight
create_tensor: loading tensor blk.23.attn_output.weight
create_tensor: loading tensor blk.23.post_attention_norm.weight
create_tensor: loading tensor blk.23.attn_k_norm.weight
create_tensor: loading tensor blk.23.attn_q_norm.weight
create_tensor: loading tensor blk.23.ffn_norm.weight
create_tensor: loading tensor blk.23.ffn_gate.weight
create_tensor: loading tensor blk.23.ffn_up.weight
create_tensor: loading tensor blk.23.ffn_down.weight
create_tensor: loading tensor blk.23.post_ffw_norm.weight
create_tensor: loading tensor blk.24.attn_norm.weight
create_tensor: loading tensor blk.24.attn_q.weight
create_tensor: loading tensor blk.24.attn_k.weight
create_tensor: loading tensor blk.24.attn_v.weight
create_tensor: loading tensor blk.24.attn_output.weight
create_tensor: loading tensor blk.24.post_attention_norm.weight
create_tensor: loading tensor blk.24.attn_k_norm.weight
create_tensor: loading tensor blk.24.attn_q_norm.weight
create_tensor: loading tensor blk.24.ffn_norm.weight
create_tensor: loading tensor blk.24.ffn_gate.weight
create_tensor: loading tensor blk.24.ffn_up.weight
create_tensor: loading tensor blk.24.ffn_down.weight
create_tensor: loading tensor blk.24.post_ffw_norm.weight
create_tensor: loading tensor blk.25.attn_norm.weight
create_tensor: loading tensor blk.25.attn_q.weight
create_tensor: loading tensor blk.25.attn_k.weight
create_tensor: loading tensor blk.25.attn_v.weight
create_tensor: loading tensor blk.25.attn_output.weight
create_tensor: loading tensor blk.25.post_attention_norm.weight
create_tensor: loading tensor blk.25.attn_k_norm.weight
create_tensor: loading tensor blk.25.attn_q_norm.weight
create_tensor: loading tensor blk.25.ffn_norm.weight
create_tensor: loading tensor blk.25.ffn_gate.weight
create_tensor: loading tensor blk.25.ffn_up.weight
create_tensor: loading tensor blk.25.ffn_down.weight
create_tensor: loading tensor blk.25.post_ffw_norm.weight
done_getting_tensors: tensor 'token_embd.weight' (q8_0) (and 0 others) cannot be used with preferred buffer type CUDA_Host, using CPU instead
load_tensors: offloading output layer to GPU
load_tensors: offloading 25 repeating layers to GPU
load_tensors: offloaded 27/27 layers to GPU
load_tensors:   CPU_Mapped model buffer size =   306.00 MiB
load_tensors:        CUDA0 model buffer size =   762.54 MiB
.............................................
llama_context: constructing llama_context
llama_context: n_seq_max     = 1
llama_context: n_ctx         = 2048
llama_context: n_ctx_seq     = 2048
llama_context: n_batch       = 256
llama_context: n_ubatch      = 128
llama_context: causal_attn   = 1
llama_context: flash_attn    = disabled
llama_context: kv_unified    = false
llama_context: freq_base     = 1000000.0
llama_context: freq_scale    = 1
llama_context: n_rs_seq      = 0
llama_context: n_outputs_max = 256
llama_context: n_ctx_seq (2048) < n_ctx_train (32768) -- the full capacity of the model will not be utilized
set_abort_callback: call
llama_context:  CUDA_Host  output buffer size =     1.00 MiB
llama_kv_cache_iswa: using full-size SWA cache (ref: https://github.com/ggml-org/llama.cpp/pull/13194#issuecomment-2868343055)
llama_kv_cache_iswa: creating non-SWA KV cache, size = 2048 cells
llama_kv_cache: layer   0: filtered
llama_kv_cache: layer   1: filtered
llama_kv_cache: layer   2: filtered
llama_kv_cache: layer   3: filtered
llama_kv_cache: layer   4: filtered
llama_kv_cache: layer   5: dev = CUDA0
llama_kv_cache: layer   6: filtered
llama_kv_cache: layer   7: filtered
llama_kv_cache: layer   8: filtered
llama_kv_cache: layer   9: filtered
llama_kv_cache: layer  10: filtered
llama_kv_cache: layer  11: dev = CUDA0
llama_kv_cache: layer  12: filtered
llama_kv_cache: layer  13: filtered
llama_kv_cache: layer  14: filtered
llama_kv_cache: layer  15: filtered
llama_kv_cache: layer  16: filtered
llama_kv_cache: layer  17: dev = CUDA0
llama_kv_cache: layer  18: filtered
llama_kv_cache: layer  19: filtered
llama_kv_cache: layer  20: filtered
llama_kv_cache: layer  21: filtered
llama_kv_cache: layer  22: filtered
llama_kv_cache: layer  23: dev = CUDA0
llama_kv_cache: layer  24: filtered
llama_kv_cache: layer  25: filtered
llama_kv_cache:      CUDA0 KV buffer size =     8.00 MiB
llama_kv_cache: size =    8.00 MiB (  2048 cells,   4 layers,  1/1 seqs), K (f16):    4.00 MiB, V (f16):    4.00 MiB
llama_kv_cache: attn_rot_k = 0, n_embd_head_k_all = 256
llama_kv_cache: attn_rot_v = 0, n_embd_head_k_all = 256
llama_kv_cache_iswa: creating     SWA KV cache, size = 2048 cells
llama_kv_cache: layer   0: dev = CUDA0
llama_kv_cache: layer   1: dev = CUDA0
llama_kv_cache: layer   2: dev = CUDA0
llama_kv_cache: layer   3: dev = CUDA0
llama_kv_cache: layer   4: dev = CUDA0
llama_kv_cache: layer   5: filtered
llama_kv_cache: layer   6: dev = CUDA0
llama_kv_cache: layer   7: dev = CUDA0
llama_kv_cache: layer   8: dev = CUDA0
llama_kv_cache: layer   9: dev = CUDA0
llama_kv_cache: layer  10: dev = CUDA0
llama_kv_cache: layer  11: filtered
llama_kv_cache: layer  12: dev = CUDA0
llama_kv_cache: layer  13: dev = CUDA0
llama_kv_cache: layer  14: dev = CUDA0
llama_kv_cache: layer  15: dev = CUDA0
llama_kv_cache: layer  16: dev = CUDA0
llama_kv_cache: layer  17: filtered
llama_kv_cache: layer  18: dev = CUDA0
llama_kv_cache: layer  19: dev = CUDA0
llama_kv_cache: layer  20: dev = CUDA0
llama_kv_cache: layer  21: dev = CUDA0
llama_kv_cache: layer  22: dev = CUDA0
llama_kv_cache: layer  23: filtered
llama_kv_cache: layer  24: dev = CUDA0
llama_kv_cache: layer  25: dev = CUDA0
llama_kv_cache:      CUDA0 KV buffer size =    44.00 MiB
llama_kv_cache: size =   44.00 MiB (  2048 cells,  22 layers,  1/1 seqs), K (f16):   22.00 MiB, V (f16):   22.00 MiB
llama_kv_cache: attn_rot_k = 0, n_embd_head_k_all = 256
llama_kv_cache: attn_rot_v = 0, n_embd_head_k_all = 256
llama_context: enumerating backends
llama_context: backend_ptrs.size() = 2
sched_reserve: reserving ...
sched_reserve: max_nodes = 2728
sched_reserve: reserving full memory module
sched_reserve: worst-case: n_tokens = 128, n_seqs = 1, n_outputs = 1
resolve_fused_ops: resolving fused Gated Delta Net support:
graph_reserve: reserving a graph for ubatch with n_tokens =    1, n_seqs =  1, n_outputs =    1
ggml_cuda_graph_set_enabled: disabling CUDA graphs due to GPU architecture
resolve_fused_ops: fused Gated Delta Net (autoregressive) enabled
graph_reserve: reserving a graph for ubatch with n_tokens =   16, n_seqs =  1, n_outputs =   16
resolve_fused_ops: fused Gated Delta Net (chunked) enabled
resolve_fused_ops: resolving fused Lightning Indexer support:
graph_reserve: reserving a graph for ubatch with n_tokens =    1, n_seqs =  1, n_outputs =    1
resolve_fused_ops: Lightning Indexer enabled
graph_reserve: reserving a graph for ubatch with n_tokens =  128, n_seqs =  1, n_outputs =  128
graph_reserve: reserving a graph for ubatch with n_tokens =    1, n_seqs =  1, n_outputs =    1
graph_reserve: reserving a graph for ubatch with n_tokens =  128, n_seqs =  1, n_outputs =  128
sched_reserve:      CUDA0 compute buffer size =   128.56 MiB
sched_reserve:  CUDA_Host compute buffer size =     3.63 MiB
sched_reserve: graph nodes  = 1177
sched_reserve: graph splits = 2
sched_reserve: reserve took 5.06 ms, sched copies = 1
CUDA : ARCHS = 600,610,700,750,800,860,890,900 | FORCE_MMQ = 1 | USE_GRAPHS = 1 | CPU : SSE3 = 1 | SSSE3 = 1 | AVX = 1 | AVX2 = 1 | F16C = 1 | FMA = 1 | LLAMAFILE = 1 | OPENMP = 1 | REPACK = 1 | 
Model metadata: {'general.name': 'Gemma 3 1b It', 'general.architecture': 'gemma3', 'gemma3.attention.key_length': '256', 'general.type': 'model', 'general.basename': 'gemma-3', 'general.finetune': 'it', 'general.size_label': '1B', 'general.license': 'gemma', 'general.base_model.count': '1', 'general.base_model.0.name': 'Gemma 3 1b Pt', 'general.base_model.0.organization': 'Google', 'general.base_model.0.repo_url': 'https://huggingface.co/google/gemma-3-1b-pt', 'gemma3.context_length': '32768', 'gemma3.attention.value_length': '256', 'gemma3.embedding_length': '1152', 'gemma3.block_count': '26', 'gemma3.feed_forward_length': '6912', 'gemma3.attention.head_count': '4', 'tokenizer.ggml.add_bos_token': 'true', 'gemma3.rope.freq_base': '1000000.000000', 'gemma3.attention.layer_norm_rms_epsilon': '0.000001', 'gemma3.attention.sliding_window': '512', 'gemma3.attention.head_count_kv': '1', 'tokenizer.ggml.model': 'llama', 'tokenizer.ggml.add_space_prefix': 'false', 'tokenizer.ggml.pre': 'default', 'general.quantization_version': '2', 'tokenizer.ggml.bos_token_id': '2', 'general.file_type': '15', 'tokenizer.ggml.eos_token_id': '1', 'tokenizer.ggml.unknown_token_id': '3', 'tokenizer.ggml.padding_token_id': '0', 'tokenizer.ggml.add_eos_token': 'false', 'tokenizer.chat_template': '{{ bos_token }}\n{%- if messages[0][\'role\'] == \'system\' -%}\n    {%- if messages[0][\'content\'] is string -%}\n        {%- set first_user_prefix = messages[0][\'content\'] + \'\n\n\' -%}\n    {%- else -%}\n        {%- set first_user_prefix = messages[0][\'content\'][0][\'text\'] + \'\n\n\' -%}\n    {%- endif -%}\n    {%- set loop_messages = messages[1:] -%}\n{%- else -%}\n    {%- set first_user_prefix = "" -%}\n    {%- set loop_messages = messages -%}\n{%- endif -%}\n{%- for message in loop_messages -%}\n    {%- if (message[\'role\'] == \'user\') != (loop.index0 % 2 == 0) -%}\n        {{ raise_exception("Conversation roles must alternate user/assistant/user/assistant/...") }}\n    {%- endif -%}\n    {%- if (message[\'role\'] == \'assistant\') -%}\n        {%- set role = "model" -%}\n    {%- else -%}\n        {%- set role = message[\'role\'] -%}\n    {%- endif -%}\n    {{ \'<start_of_turn>\' + role + \'\n\' + (first_user_prefix if loop.first else "") }}\n    {%- if message[\'content\'] is string -%}\n        {{ message[\'content\'] | trim }}\n    {%- elif message[\'content\'] is iterable -%}\n        {%- for item in message[\'content\'] -%}\n            {%- if item[\'type\'] == \'image\' -%}\n                {{ \'<start_of_image>\' }}\n            {%- elif item[\'type\'] == \'text\' -%}\n                {{ item[\'text\'] | trim }}\n            {%- endif -%}\n        {%- endfor -%}\n    {%- else -%}\n        {{ raise_exception("Invalid content type") }}\n    {%- endif -%}\n    {{ \'<end_of_turn>\n\' }}\n{%- endfor -%}\n{%- if add_generation_prompt -%}\n    {{\'<start_of_turn>model\n\'}}\n{%- endif -%}\n'}
Available chat formats from metadata: chat_template.default
Using gguf chat template: {{ bos_token }}
{%- if messages[0]['role'] == 'system' -%}
    {%- if messages[0]['content'] is string -%}
        {%- set first_user_prefix = messages[0]['content'] + '

' -%}
    {%- else -%}
        {%- set first_user_prefix = messages[0]['content'][0]['text'] + '

' -%}
    {%- endif -%}
    {%- set loop_messages = messages[1:] -%}
{%- else -%}
    {%- set first_user_prefix = "" -%}
    {%- set loop_messages = messages -%}
{%- endif -%}
{%- for message in loop_messages -%}
    {%- if (message['role'] == 'user') != (loop.index0 % 2 == 0) -%}
        {{ raise_exception("Conversation roles must alternate user/assistant/user/assistant/...") }}
    {%- endif -%}
    {%- if (message['role'] == 'assistant') -%}
        {%- set role = "model" -%}
    {%- else -%}
        {%- set role = message['role'] -%}
    {%- endif -%}
    {{ '<start_of_turn>' + role + '
' + (first_user_prefix if loop.first else "") }}
    {%- if message['content'] is string -%}
        {{ message['content'] | trim }}
    {%- elif message['content'] is iterable -%}
        {%- for item in message['content'] -%}
            {%- if item['type'] == 'image' -%}
                {{ '<start_of_image>' }}
            {%- elif item['type'] == 'text' -%}
                {{ item['text'] | trim }}
            {%- endif -%}
        {%- endfor -%}
    {%- else -%}
        {{ raise_exception("Invalid content type") }}
    {%- endif -%}
    {{ '<end_of_turn>
' }}
{%- endfor -%}
{%- if add_generation_prompt -%}
    {{'<start_of_turn>model
'}}
{%- endif -%}

Using chat eos_token: <eos>
Using chat bos_token: <bos>
ggml_cuda_graph_set_enabled: disabling CUDA graphs due to GPU architecture
llama_perf_context_print:        load time =     425.84 ms
llama_perf_context_print: prompt eval time =     425.58 ms /   541 tokens (    0.79 ms per token,  1271.21 tokens per second)
llama_perf_context_print:        eval time =    5029.18 ms /   511 runs   (    9.84 ms per token,   101.61 tokens per second)
llama_perf_context_print:       total time =    5778.99 ms /  1052 tokens
llama_perf_context_print:    graphs reused =        508
